Sample	0	1	2	3	4	5	6	7	8	9	10	11	12	13	14	15	16	17	18	19	20	21	22	23	24	25	26	27	28	29	30	31	32	33	34	35	36	37	38	39	40	41	42	43	44	45	46	47	48	49	50	51	52	53	54	55	56	57	58	59	60	61	62	63	64	65	66	67	68	69	70	71	72	73	74	75	76	77	78	79	80	81	82	83	84	85	86	87	88	89	90	91	92	93	94	95	96	97	98	99	100
SRR15702528_1	(0.0, 0.0)	(1.0, 0.0)	(2.0, 0.0)	(3.0, 0.0)	(4.0, 0.0)	(5.0, 0.0)	(6.0, 0.0)	(7.0, 0.0)	(8.0, 0.0)	(9.0, 0.0)	(10.0, 0.0)	(11.0, 0.0)	(12.0, 0.0)	(13.0, 0.0)	(14.0, 0.0)	(15.0, 0.0)	(16.0, 0.0)	(17.0, 0.0)	(18.0, 0.0)	(19.0, 0.0)	(20.0, 0.0)	(21.0, 0.0)	(22.0, 0.0)	(23.0, 0.0)	(24.0, 0.0)	(25.0, 0.0)	(26.0, 0.0)	(27.0, 0.0)	(28.0, 0.0)	(29.0, 0.0)	(30.0, 0.0)	(31.0, 0.0)	(32.0, 0.0)	(33.0, 0.0)	(34.0, 0.0)	(35.0, 0.0)	(36.0, 0.0)	(37.0, 0.0)	(38.0, 0.0)	(39.0, 0.5)	(40.0, 0.5)	(41.0, 2.5)	(42.0, 4.0)	(43.0, 8.0)	(44.0, 137.5)	(45.0, 217.5)	(46.0, 143.5)	(47.0, 212.0)	(48.0, 630.0)	(49.0, 1418.5)	(50.0, 10128.0)	(51.0, 11588.5)	(52.0, 13246.5)	(53.0, 15778.0)	(54.0, 13322.0)	(55.0, 12991.0)	(56.0, 9000.5)	(57.0, 9984.0)	(58.0, 9249.5)	(59.0, 4789.5)	(60.0, 4761.0)	(61.0, 4137.0)	(62.0, 669.5)	(63.0, 194.5)	(64.0, 63.0)	(65.0, 188.0)	(66.0, 174.5)	(67.0, 32.0)	(68.0, 40.0)	(69.0, 30.5)	(70.0, 3.5)	(71.0, 2.0)	(72.0, 0.5)	(73.0, 0.0)	(74.0, 0.0)	(75.0, 0.0)	(76.0, 0.0)	(77.0, 0.0)	(78.0, 0.0)	(79.0, 0.0)	(80.0, 0.0)	(81.0, 0.0)	(82.0, 0.0)	(83.0, 0.0)	(84.0, 0.0)	(85.0, 0.0)	(86.0, 0.0)	(87.0, 0.0)	(88.0, 0.0)	(89.0, 0.0)	(90.0, 0.0)	(91.0, 0.0)	(92.0, 0.0)	(93.0, 0.0)	(94.0, 0.0)	(95.0, 0.0)	(96.0, 0.0)	(97.0, 0.0)	(98.0, 0.0)	(99.0, 0.0)	(100.0, 0.0)
SRR15702528_2	(0.0, 0.0)	(1.0, 0.0)	(2.0, 0.0)	(3.0, 0.0)	(4.0, 0.0)	(5.0, 0.0)	(6.0, 0.0)	(7.0, 0.0)	(8.0, 0.0)	(9.0, 0.0)	(10.0, 0.0)	(11.0, 0.0)	(12.0, 0.0)	(13.0, 0.0)	(14.0, 0.0)	(15.0, 0.0)	(16.0, 0.0)	(17.0, 0.0)	(18.0, 0.0)	(19.0, 0.0)	(20.0, 0.0)	(21.0, 0.0)	(22.0, 0.0)	(23.0, 0.0)	(24.0, 0.0)	(25.0, 0.0)	(26.0, 0.0)	(27.0, 0.0)	(28.0, 0.0)	(29.0, 0.0)	(30.0, 0.0)	(31.0, 0.0)	(32.0, 0.0)	(33.0, 0.0)	(34.0, 0.0)	(35.0, 0.0)	(36.0, 0.0)	(37.0, 0.0)	(38.0, 0.0)	(39.0, 0.0)	(40.0, 0.0)	(41.0, 0.0)	(42.0, 0.5)	(43.0, 1.0)	(44.0, 0.5)	(45.0, 10.5)	(46.0, 15.5)	(47.0, 33.0)	(48.0, 69.5)	(49.0, 352.0)	(50.0, 438.0)	(51.0, 187.5)	(52.0, 257.0)	(53.0, 1715.5)	(54.0, 9026.0)	(55.0, 26805.0)	(56.0, 29774.5)	(57.0, 14742.5)	(58.0, 10127.5)	(59.0, 15225.5)	(60.0, 10960.0)	(61.0, 1914.0)	(62.0, 475.0)	(63.0, 309.0)	(64.0, 225.5)	(65.0, 220.0)	(66.0, 175.0)	(67.0, 38.5)	(68.0, 18.0)	(69.0, 10.5)	(70.0, 5.0)	(71.0, 3.5)	(72.0, 1.5)	(73.0, 2.5)	(74.0, 2.0)	(75.0, 1.5)	(76.0, 1.5)	(77.0, 0.5)	(78.0, 0.0)	(79.0, 0.0)	(80.0, 0.0)	(81.0, 0.5)	(82.0, 0.5)	(83.0, 0.0)	(84.0, 0.0)	(85.0, 0.5)	(86.0, 0.5)	(87.0, 0.0)	(88.0, 0.0)	(89.0, 0.0)	(90.0, 0.0)	(91.0, 0.0)	(92.0, 0.0)	(93.0, 0.0)	(94.0, 0.0)	(95.0, 0.0)	(96.0, 0.0)	(97.0, 0.0)	(98.0, 0.0)	(99.0, 0.5)	(100.0, 0.5)
SRR15702529_1	(0.0, 0.0)	(1.0, 0.0)	(2.0, 0.0)	(3.0, 0.0)	(4.0, 0.0)	(5.0, 0.0)	(6.0, 0.0)	(7.0, 0.0)	(8.0, 0.0)	(9.0, 0.0)	(10.0, 0.5)	(11.0, 0.5)	(12.0, 0.0)	(13.0, 0.0)	(14.0, 0.0)	(15.0, 0.0)	(16.0, 0.0)	(17.0, 0.0)	(18.0, 0.0)	(19.0, 0.0)	(20.0, 0.0)	(21.0, 0.0)	(22.0, 0.5)	(23.0, 0.5)	(24.0, 0.0)	(25.0, 0.0)	(26.0, 0.0)	(27.0, 0.0)	(28.0, 0.0)	(29.0, 0.0)	(30.0, 0.0)	(31.0, 0.0)	(32.0, 0.0)	(33.0, 0.0)	(34.0, 0.0)	(35.0, 0.0)	(36.0, 0.5)	(37.0, 1.0)	(38.0, 0.5)	(39.0, 0.0)	(40.0, 1.5)	(41.0, 6.5)	(42.0, 6.0)	(43.0, 12.0)	(44.0, 51.0)	(45.0, 73.5)	(46.0, 70.5)	(47.0, 148.5)	(48.0, 449.0)	(49.0, 939.0)	(50.0, 7395.5)	(51.0, 9249.5)	(52.0, 13369.0)	(53.0, 15548.5)	(54.0, 14563.0)	(55.0, 22736.5)	(56.0, 25300.5)	(57.0, 17280.5)	(58.0, 7167.5)	(59.0, 3383.5)	(60.0, 3068.0)	(61.0, 2442.5)	(62.0, 493.5)	(63.0, 154.5)	(64.0, 85.0)	(65.0, 303.0)	(66.0, 299.5)	(67.0, 84.0)	(68.0, 152.5)	(69.0, 313.5)	(70.0, 1684.5)	(71.0, 1576.5)	(72.0, 111.5)	(73.0, 18.5)	(74.0, 3.5)	(75.0, 1.0)	(76.0, 0.5)	(77.0, 0.5)	(78.0, 0.0)	(79.0, 0.0)	(80.0, 0.0)	(81.0, 0.0)	(82.0, 0.0)	(83.0, 0.0)	(84.0, 0.0)	(85.0, 0.0)	(86.0, 0.0)	(87.0, 0.0)	(88.0, 0.0)	(89.0, 0.0)	(90.0, 0.0)	(91.0, 0.0)	(92.0, 0.0)	(93.0, 0.0)	(94.0, 0.0)	(95.0, 0.0)	(96.0, 0.0)	(97.0, 0.0)	(98.0, 0.0)	(99.0, 0.5)	(100.0, 1.0)
SRR15702529_2	(0.0, 0.0)	(1.0, 0.0)	(2.0, 0.0)	(3.0, 0.0)	(4.0, 0.0)	(5.0, 0.0)	(6.0, 0.0)	(7.0, 0.0)	(8.0, 0.0)	(9.0, 0.0)	(10.0, 0.0)	(11.0, 0.0)	(12.0, 0.0)	(13.0, 0.0)	(14.0, 0.0)	(15.0, 0.0)	(16.0, 0.0)	(17.0, 0.0)	(18.0, 0.0)	(19.0, 0.0)	(20.0, 0.0)	(21.0, 0.0)	(22.0, 0.0)	(23.0, 0.0)	(24.0, 0.0)	(25.0, 0.0)	(26.0, 0.0)	(27.0, 0.0)	(28.0, 0.0)	(29.0, 0.0)	(30.0, 0.0)	(31.0, 0.0)	(32.0, 0.0)	(33.0, 0.0)	(34.0, 0.0)	(35.0, 0.0)	(36.0, 0.0)	(37.0, 0.0)	(38.0, 0.0)	(39.0, 0.0)	(40.0, 0.0)	(41.0, 0.0)	(42.0, 0.5)	(43.0, 0.5)	(44.0, 0.5)	(45.0, 2.5)	(46.0, 4.0)	(47.0, 11.0)	(48.0, 38.0)	(49.0, 122.0)	(50.0, 125.0)	(51.0, 104.5)	(52.0, 552.5)	(53.0, 2300.5)	(54.0, 5801.0)	(55.0, 20798.0)	(56.0, 31500.0)	(57.0, 28164.5)	(58.0, 22913.5)	(59.0, 17742.0)	(60.0, 9968.0)	(61.0, 2263.0)	(62.0, 827.5)	(63.0, 411.0)	(64.0, 329.0)	(65.0, 424.0)	(66.0, 397.5)	(67.0, 322.0)	(68.0, 1598.5)	(69.0, 1537.0)	(70.0, 181.0)	(71.0, 44.0)	(72.0, 19.5)	(73.0, 17.0)	(74.0, 11.5)	(75.0, 4.5)	(76.0, 2.5)	(77.0, 4.0)	(78.0, 2.0)	(79.0, 0.5)	(80.0, 1.0)	(81.0, 0.5)	(82.0, 0.0)	(83.0, 0.0)	(84.0, 0.0)	(85.0, 0.5)	(86.0, 0.5)	(87.0, 0.0)	(88.0, 0.0)	(89.0, 0.0)	(90.0, 0.5)	(91.0, 0.5)	(92.0, 0.5)	(93.0, 0.5)	(94.0, 0.0)	(95.0, 0.0)	(96.0, 0.0)	(97.0, 0.0)	(98.0, 0.0)	(99.0, 0.0)	(100.0, 0.5)
SRR15702530_1	(0.0, 0.0)	(1.0, 0.0)	(2.0, 0.0)	(3.0, 0.0)	(4.0, 0.0)	(5.0, 0.0)	(6.0, 0.0)	(7.0, 0.0)	(8.0, 0.0)	(9.0, 0.0)	(10.0, 0.0)	(11.0, 0.0)	(12.0, 0.0)	(13.0, 0.0)	(14.0, 0.0)	(15.0, 0.0)	(16.0, 0.0)	(17.0, 0.0)	(18.0, 1.0)	(19.0, 1.5)	(20.0, 0.5)	(21.0, 0.0)	(22.0, 0.0)	(23.0, 0.0)	(24.0, 0.0)	(25.0, 0.0)	(26.0, 0.0)	(27.0, 0.0)	(28.0, 0.5)	(29.0, 0.5)	(30.0, 0.5)	(31.0, 0.5)	(32.0, 0.0)	(33.0, 0.0)	(34.0, 0.0)	(35.0, 0.5)	(36.0, 1.0)	(37.0, 1.0)	(38.0, 1.0)	(39.0, 2.0)	(40.0, 8.5)	(41.0, 83.5)	(42.0, 97.0)	(43.0, 151.0)	(44.0, 1727.5)	(45.0, 2649.0)	(46.0, 5616.5)	(47.0, 18535.5)	(48.0, 26546.0)	(49.0, 15664.5)	(50.0, 5202.5)	(51.0, 6584.5)	(52.0, 17673.5)	(53.0, 18980.5)	(54.0, 14044.0)	(55.0, 15605.5)	(56.0, 14931.0)	(57.0, 10904.5)	(58.0, 9136.5)	(59.0, 6753.5)	(60.0, 1321.5)	(61.0, 641.0)	(62.0, 362.0)	(63.0, 148.0)	(64.0, 82.0)	(65.0, 364.5)	(66.0, 375.5)	(67.0, 169.5)	(68.0, 138.5)	(69.0, 39.0)	(70.0, 36.5)	(71.0, 27.5)	(72.0, 5.0)	(73.0, 1.0)	(74.0, 0.0)	(75.0, 0.0)	(76.0, 0.0)	(77.0, 0.0)	(78.0, 0.0)	(79.0, 0.0)	(80.0, 0.0)	(81.0, 0.0)	(82.0, 0.0)	(83.0, 0.0)	(84.0, 0.0)	(85.0, 0.0)	(86.0, 0.0)	(87.0, 0.0)	(88.0, 0.0)	(89.0, 0.0)	(90.0, 0.0)	(91.0, 0.0)	(92.0, 0.0)	(93.0, 0.0)	(94.0, 0.0)	(95.0, 0.0)	(96.0, 0.0)	(97.0, 0.0)	(98.0, 0.0)	(99.0, 0.5)	(100.0, 0.5)
SRR15702530_2	(0.0, 0.0)	(1.0, 0.0)	(2.0, 0.0)	(3.0, 0.0)	(4.0, 0.0)	(5.0, 0.0)	(6.0, 0.0)	(7.0, 0.0)	(8.0, 0.0)	(9.0, 0.0)	(10.0, 0.0)	(11.0, 0.0)	(12.0, 0.0)	(13.0, 0.0)	(14.0, 0.0)	(15.0, 0.0)	(16.0, 0.0)	(17.0, 0.0)	(18.0, 0.0)	(19.0, 0.0)	(20.0, 0.0)	(21.0, 0.0)	(22.0, 0.0)	(23.0, 0.0)	(24.0, 0.0)	(25.0, 0.0)	(26.0, 0.0)	(27.0, 0.0)	(28.0, 0.0)	(29.0, 0.0)	(30.0, 0.0)	(31.0, 0.0)	(32.0, 0.0)	(33.0, 0.0)	(34.0, 0.0)	(35.0, 0.0)	(36.0, 0.0)	(37.0, 0.0)	(38.0, 0.0)	(39.0, 1.0)	(40.0, 1.0)	(41.0, 0.5)	(42.0, 1.0)	(43.0, 1.5)	(44.0, 13.0)	(45.0, 339.0)	(46.0, 400.0)	(47.0, 265.5)	(48.0, 1188.5)	(49.0, 7175.0)	(50.0, 7901.0)	(51.0, 6190.5)	(52.0, 10183.0)	(53.0, 20603.0)	(54.0, 21820.5)	(55.0, 20034.5)	(56.0, 23961.5)	(57.0, 23890.0)	(58.0, 21702.5)	(59.0, 15146.0)	(60.0, 8512.5)	(61.0, 2598.0)	(62.0, 788.5)	(63.0, 415.0)	(64.0, 312.0)	(65.0, 461.5)	(66.0, 412.0)	(67.0, 108.0)	(68.0, 48.5)	(69.0, 30.5)	(70.0, 30.5)	(71.0, 26.0)	(72.0, 26.5)	(73.0, 18.5)	(74.0, 3.0)	(75.0, 3.0)	(76.0, 1.5)	(77.0, 0.5)	(78.0, 0.5)	(79.0, 0.5)	(80.0, 0.5)	(81.0, 0.5)	(82.0, 0.5)	(83.0, 0.0)	(84.0, 0.0)	(85.0, 0.0)	(86.0, 0.0)	(87.0, 0.0)	(88.0, 0.0)	(89.0, 0.0)	(90.0, 0.0)	(91.0, 0.0)	(92.0, 0.0)	(93.0, 0.0)	(94.0, 0.0)	(95.0, 0.0)	(96.0, 0.0)	(97.0, 0.0)	(98.0, 0.0)	(99.0, 0.5)	(100.0, 0.5)
SRR15702531_1	(0.0, 0.0)	(1.0, 0.0)	(2.0, 0.0)	(3.0, 0.0)	(4.0, 0.0)	(5.0, 0.0)	(6.0, 0.0)	(7.0, 0.0)	(8.0, 0.0)	(9.0, 0.0)	(10.0, 0.0)	(11.0, 0.0)	(12.0, 0.0)	(13.0, 0.0)	(14.0, 0.0)	(15.0, 0.0)	(16.0, 0.0)	(17.0, 0.0)	(18.0, 0.0)	(19.0, 0.0)	(20.0, 0.0)	(21.0, 0.0)	(22.0, 0.5)	(23.0, 0.5)	(24.0, 0.0)	(25.0, 0.0)	(26.0, 0.0)	(27.0, 0.0)	(28.0, 0.0)	(29.0, 0.0)	(30.0, 0.0)	(31.0, 0.0)	(32.0, 0.0)	(33.0, 0.0)	(34.0, 0.0)	(35.0, 0.0)	(36.0, 0.0)	(37.0, 0.0)	(38.0, 0.0)	(39.0, 0.5)	(40.0, 0.5)	(41.0, 2.0)	(42.0, 2.5)	(43.0, 3.0)	(44.0, 35.5)	(45.0, 101.0)	(46.0, 374.5)	(47.0, 563.0)	(48.0, 1016.5)	(49.0, 1546.0)	(50.0, 9277.5)	(51.0, 11016.0)	(52.0, 10614.0)	(53.0, 13976.5)	(54.0, 10772.0)	(55.0, 8042.5)	(56.0, 22151.5)	(57.0, 24841.5)	(58.0, 8456.5)	(59.0, 3258.0)	(60.0, 1924.5)	(61.0, 1575.5)	(62.0, 542.0)	(63.0, 286.5)	(64.0, 119.0)	(65.0, 376.0)	(66.0, 359.5)	(67.0, 182.5)	(68.0, 191.0)	(69.0, 94.0)	(70.0, 156.5)	(71.0, 138.5)	(72.0, 12.0)	(73.0, 3.0)	(74.0, 2.0)	(75.0, 2.0)	(76.0, 0.5)	(77.0, 0.0)	(78.0, 0.0)	(79.0, 0.0)	(80.0, 0.0)	(81.0, 0.0)	(82.0, 0.0)	(83.0, 0.0)	(84.0, 0.0)	(85.0, 0.0)	(86.0, 0.0)	(87.0, 0.0)	(88.0, 0.0)	(89.0, 0.0)	(90.0, 0.0)	(91.0, 0.0)	(92.0, 0.0)	(93.0, 0.0)	(94.0, 0.0)	(95.0, 0.0)	(96.0, 0.0)	(97.0, 0.0)	(98.0, 0.0)	(99.0, 0.0)	(100.0, 0.5)
SRR15702531_2	(0.0, 0.0)	(1.0, 0.0)	(2.0, 0.0)	(3.0, 0.0)	(4.0, 0.0)	(5.0, 0.0)	(6.0, 0.0)	(7.0, 0.0)	(8.0, 0.0)	(9.0, 0.0)	(10.0, 0.0)	(11.0, 0.0)	(12.0, 0.0)	(13.0, 0.0)	(14.0, 0.0)	(15.0, 0.0)	(16.0, 0.0)	(17.0, 0.0)	(18.0, 0.0)	(19.0, 0.0)	(20.0, 0.0)	(21.0, 0.0)	(22.0, 0.0)	(23.0, 0.0)	(24.0, 0.0)	(25.0, 0.0)	(26.0, 0.0)	(27.0, 0.0)	(28.0, 0.0)	(29.0, 0.0)	(30.0, 0.0)	(31.0, 0.0)	(32.0, 0.0)	(33.0, 0.0)	(34.0, 0.0)	(35.0, 0.0)	(36.0, 0.0)	(37.0, 0.5)	(38.0, 0.5)	(39.0, 0.0)	(40.0, 0.0)	(41.0, 0.0)	(42.0, 0.0)	(43.0, 0.5)	(44.0, 1.0)	(45.0, 2.5)	(46.0, 6.5)	(47.0, 158.5)	(48.0, 225.5)	(49.0, 259.0)	(50.0, 262.5)	(51.0, 125.0)	(52.0, 215.0)	(53.0, 1375.5)	(54.0, 5098.5)	(55.0, 11539.5)	(56.0, 13248.0)	(57.0, 11828.0)	(58.0, 27090.0)	(59.0, 34336.5)	(60.0, 16628.5)	(61.0, 4572.5)	(62.0, 1988.5)	(63.0, 869.5)	(64.0, 481.5)	(65.0, 540.0)	(66.0, 465.5)	(67.0, 166.5)	(68.0, 222.0)	(69.0, 187.5)	(70.0, 44.5)	(71.0, 22.5)	(72.0, 12.0)	(73.0, 10.5)	(74.0, 6.5)	(75.0, 4.5)	(76.0, 5.5)	(77.0, 4.0)	(78.0, 1.0)	(79.0, 0.5)	(80.0, 2.5)	(81.0, 2.0)	(82.0, 1.5)	(83.0, 1.5)	(84.0, 0.5)	(85.0, 0.5)	(86.0, 0.0)	(87.0, 0.0)	(88.0, 1.0)	(89.0, 1.0)	(90.0, 0.0)	(91.0, 0.0)	(92.0, 0.0)	(93.0, 0.0)	(94.0, 0.0)	(95.0, 0.0)	(96.0, 0.5)	(97.0, 0.5)	(98.0, 0.0)	(99.0, 0.0)	(100.0, 0.0)
SRR15702532_1	(0.0, 0.0)	(1.0, 0.0)	(2.0, 0.0)	(3.0, 0.0)	(4.0, 0.0)	(5.0, 0.0)	(6.0, 0.0)	(7.0, 0.0)	(8.0, 0.0)	(9.0, 0.0)	(10.0, 0.0)	(11.0, 0.0)	(12.0, 0.0)	(13.0, 0.0)	(14.0, 0.0)	(15.0, 0.0)	(16.0, 0.0)	(17.0, 0.0)	(18.0, 0.0)	(19.0, 0.0)	(20.0, 0.0)	(21.0, 0.0)	(22.0, 0.0)	(23.0, 0.0)	(24.0, 0.0)	(25.0, 0.0)	(26.0, 0.0)	(27.0, 0.0)	(28.0, 0.0)	(29.0, 0.0)	(30.0, 0.5)	(31.0, 0.5)	(32.0, 0.0)	(33.0, 0.0)	(34.0, 0.0)	(35.0, 0.0)	(36.0, 0.0)	(37.0, 0.5)	(38.0, 1.0)	(39.0, 1.5)	(40.0, 2.0)	(41.0, 3.0)	(42.0, 6.5)	(43.0, 8.0)	(44.0, 32.5)	(45.0, 79.5)	(46.0, 136.5)	(47.0, 408.0)	(48.0, 790.0)	(49.0, 1099.5)	(50.0, 7640.0)	(51.0, 9575.0)	(52.0, 10232.0)	(53.0, 11191.5)	(54.0, 8507.5)	(55.0, 10799.0)	(56.0, 19056.0)	(57.0, 16707.5)	(58.0, 5945.5)	(59.0, 3080.5)	(60.0, 2107.5)	(61.0, 1760.0)	(62.0, 337.0)	(63.0, 108.0)	(64.0, 83.5)	(65.0, 250.0)	(66.0, 215.0)	(67.0, 28.0)	(68.0, 29.5)	(69.0, 23.0)	(70.0, 1.5)	(71.0, 1.0)	(72.0, 0.0)	(73.0, 0.0)	(74.0, 0.0)	(75.0, 0.0)	(76.0, 0.0)	(77.0, 0.0)	(78.0, 0.0)	(79.0, 0.0)	(80.0, 0.0)	(81.0, 0.0)	(82.0, 0.0)	(83.0, 0.0)	(84.0, 0.0)	(85.0, 0.0)	(86.0, 0.0)	(87.0, 0.0)	(88.0, 0.0)	(89.0, 0.0)	(90.0, 0.0)	(91.0, 0.0)	(92.0, 0.0)	(93.0, 0.0)	(94.0, 0.0)	(95.0, 0.0)	(96.0, 0.0)	(97.0, 0.0)	(98.0, 0.0)	(99.0, 0.0)	(100.0, 0.0)
SRR15702532_2	(0.0, 0.0)	(1.0, 0.0)	(2.0, 0.0)	(3.0, 0.0)	(4.0, 0.0)	(5.0, 0.0)	(6.0, 0.0)	(7.0, 0.0)	(8.0, 0.0)	(9.0, 0.0)	(10.0, 0.0)	(11.0, 0.0)	(12.0, 0.0)	(13.0, 0.0)	(14.0, 0.0)	(15.0, 0.0)	(16.0, 0.0)	(17.0, 0.0)	(18.0, 0.0)	(19.0, 0.0)	(20.0, 0.0)	(21.0, 0.0)	(22.0, 0.0)	(23.0, 0.0)	(24.0, 0.0)	(25.0, 0.0)	(26.0, 0.0)	(27.0, 0.0)	(28.0, 0.0)	(29.0, 0.5)	(30.0, 0.5)	(31.0, 0.5)	(32.0, 0.5)	(33.0, 0.0)	(34.0, 0.0)	(35.0, 0.0)	(36.0, 0.0)	(37.0, 0.5)	(38.0, 0.5)	(39.0, 0.5)	(40.0, 0.5)	(41.0, 0.0)	(42.0, 0.5)	(43.0, 1.0)	(44.0, 0.5)	(45.0, 1.0)	(46.0, 8.5)	(47.0, 215.5)	(48.0, 273.0)	(49.0, 342.5)	(50.0, 343.5)	(51.0, 103.0)	(52.0, 204.5)	(53.0, 1569.5)	(54.0, 5033.0)	(55.0, 13817.5)	(56.0, 18948.0)	(57.0, 18292.5)	(58.0, 19373.5)	(59.0, 18104.5)	(60.0, 9820.0)	(61.0, 2029.0)	(62.0, 675.5)	(63.0, 330.0)	(64.0, 208.5)	(65.0, 253.0)	(66.0, 203.5)	(67.0, 43.0)	(68.0, 15.0)	(69.0, 12.5)	(70.0, 7.5)	(71.0, 1.5)	(72.0, 2.0)	(73.0, 2.0)	(74.0, 1.0)	(75.0, 1.0)	(76.0, 1.0)	(77.0, 1.0)	(78.0, 1.0)	(79.0, 0.0)	(80.0, 0.0)	(81.0, 0.5)	(82.0, 0.5)	(83.0, 0.5)	(84.0, 0.5)	(85.0, 0.0)	(86.0, 0.0)	(87.0, 0.0)	(88.0, 0.5)	(89.0, 0.5)	(90.0, 0.0)	(91.0, 0.0)	(92.0, 0.0)	(93.0, 0.0)	(94.0, 0.0)	(95.0, 0.0)	(96.0, 0.0)	(97.0, 0.0)	(98.0, 0.5)	(99.0, 0.5)	(100.0, 0.0)
SRR15702534_1	(0.0, 0.0)	(1.0, 0.0)	(2.0, 0.0)	(3.0, 0.0)	(4.0, 0.0)	(5.0, 0.0)	(6.0, 0.0)	(7.0, 0.0)	(8.0, 0.0)	(9.0, 0.0)	(10.0, 0.0)	(11.0, 0.0)	(12.0, 0.0)	(13.0, 0.0)	(14.0, 0.0)	(15.0, 0.0)	(16.0, 0.0)	(17.0, 0.0)	(18.0, 0.5)	(19.0, 0.5)	(20.0, 0.0)	(21.0, 0.0)	(22.0, 0.0)	(23.0, 0.0)	(24.0, 0.0)	(25.0, 0.0)	(26.0, 0.0)	(27.0, 0.5)	(28.0, 0.5)	(29.0, 0.5)	(30.0, 0.5)	(31.0, 0.0)	(32.0, 0.0)	(33.0, 0.0)	(34.0, 1.0)	(35.0, 1.0)	(36.0, 0.0)	(37.0, 0.5)	(38.0, 0.5)	(39.0, 1.5)	(40.0, 3.0)	(41.0, 3.0)	(42.0, 40.5)	(43.0, 209.0)	(44.0, 3037.5)	(45.0, 6531.0)	(46.0, 4394.5)	(47.0, 1082.0)	(48.0, 2878.0)	(49.0, 3628.0)	(50.0, 8995.5)	(51.0, 10954.0)	(52.0, 8633.5)	(53.0, 8634.5)	(54.0, 7502.0)	(55.0, 6764.0)	(56.0, 7067.5)	(57.0, 7384.5)	(58.0, 8644.5)	(59.0, 6989.0)	(60.0, 1842.0)	(61.0, 1000.0)	(62.0, 181.5)	(63.0, 51.0)	(64.0, 20.0)	(65.0, 57.5)	(66.0, 58.5)	(67.0, 15.5)	(68.0, 19.5)	(69.0, 58.0)	(70.0, 397.0)	(71.0, 376.5)	(72.0, 29.0)	(73.0, 5.5)	(74.0, 0.5)	(75.0, 0.0)	(76.0, 0.0)	(77.0, 0.0)	(78.0, 0.0)	(79.0, 0.0)	(80.0, 0.0)	(81.0, 0.0)	(82.0, 0.0)	(83.0, 0.0)	(84.0, 0.0)	(85.0, 0.0)	(86.0, 0.0)	(87.0, 0.0)	(88.0, 0.0)	(89.0, 0.0)	(90.0, 0.0)	(91.0, 0.0)	(92.0, 0.5)	(93.0, 0.5)	(94.0, 0.0)	(95.0, 0.0)	(96.0, 0.0)	(97.0, 0.0)	(98.0, 0.0)	(99.0, 0.0)	(100.0, 0.0)
SRR15702534_2	(0.0, 0.0)	(1.0, 0.0)	(2.0, 0.0)	(3.0, 0.0)	(4.0, 0.0)	(5.0, 0.0)	(6.0, 0.0)	(7.0, 0.0)	(8.0, 0.0)	(9.0, 0.0)	(10.0, 0.0)	(11.0, 0.0)	(12.0, 0.0)	(13.0, 0.0)	(14.0, 0.0)	(15.0, 0.0)	(16.0, 0.0)	(17.0, 0.0)	(18.0, 0.0)	(19.0, 0.0)	(20.0, 0.0)	(21.0, 0.0)	(22.0, 0.0)	(23.0, 0.0)	(24.0, 0.0)	(25.0, 0.0)	(26.0, 0.0)	(27.0, 0.0)	(28.0, 0.0)	(29.0, 0.0)	(30.0, 0.0)	(31.0, 0.0)	(32.0, 0.0)	(33.0, 0.0)	(34.0, 0.0)	(35.0, 0.0)	(36.0, 0.0)	(37.0, 0.0)	(38.0, 0.0)	(39.0, 1.0)	(40.0, 1.0)	(41.0, 0.5)	(42.0, 1.5)	(43.0, 1.0)	(44.0, 0.5)	(45.0, 3.0)	(46.0, 54.5)	(47.0, 1239.5)	(48.0, 3361.0)	(49.0, 7617.5)	(50.0, 6409.0)	(51.0, 1338.0)	(52.0, 847.0)	(53.0, 1478.0)	(54.0, 5602.5)	(55.0, 15925.5)	(56.0, 16063.5)	(57.0, 7360.0)	(58.0, 6821.0)	(59.0, 15902.0)	(60.0, 13211.5)	(61.0, 2105.0)	(62.0, 783.0)	(63.0, 257.5)	(64.0, 107.5)	(65.0, 88.0)	(66.0, 86.0)	(67.0, 86.5)	(68.0, 353.5)	(69.0, 331.5)	(70.0, 40.0)	(71.0, 11.0)	(72.0, 3.5)	(73.0, 1.5)	(74.0, 0.5)	(75.0, 1.0)	(76.0, 1.0)	(77.0, 0.0)	(78.0, 0.0)	(79.0, 0.0)	(80.0, 0.0)	(81.0, 0.0)	(82.0, 0.0)	(83.0, 0.0)	(84.0, 0.0)	(85.0, 0.0)	(86.0, 0.0)	(87.0, 0.0)	(88.0, 0.0)	(89.0, 0.0)	(90.0, 0.0)	(91.0, 0.0)	(92.0, 0.0)	(93.0, 0.0)	(94.0, 0.0)	(95.0, 0.0)	(96.0, 0.0)	(97.0, 0.0)	(98.0, 0.0)	(99.0, 0.0)	(100.0, 0.0)
SRR15702535_1	(0.0, 0.0)	(1.0, 0.0)	(2.0, 0.0)	(3.0, 0.0)	(4.0, 0.0)	(5.0, 0.0)	(6.0, 0.0)	(7.0, 0.0)	(8.0, 0.0)	(9.0, 0.0)	(10.0, 0.0)	(11.0, 0.0)	(12.0, 0.0)	(13.0, 0.0)	(14.0, 0.0)	(15.0, 0.0)	(16.0, 0.0)	(17.0, 0.0)	(18.0, 0.0)	(19.0, 0.0)	(20.0, 0.0)	(21.0, 0.0)	(22.0, 0.0)	(23.0, 0.0)	(24.0, 0.0)	(25.0, 0.0)	(26.0, 0.5)	(27.0, 0.5)	(28.0, 0.0)	(29.0, 0.0)	(30.0, 0.0)	(31.0, 0.0)	(32.0, 0.0)	(33.0, 0.0)	(34.0, 0.0)	(35.0, 0.0)	(36.0, 0.0)	(37.0, 0.0)	(38.0, 0.0)	(39.0, 1.0)	(40.0, 1.0)	(41.0, 15.5)	(42.0, 42.0)	(43.0, 230.0)	(44.0, 3836.0)	(45.0, 5285.0)	(46.0, 2414.0)	(47.0, 3839.5)	(48.0, 5614.5)	(49.0, 3291.0)	(50.0, 3343.0)	(51.0, 4061.5)	(52.0, 3488.5)	(53.0, 3049.0)	(54.0, 3683.0)	(55.0, 7373.0)	(56.0, 8577.5)	(57.0, 5000.0)	(58.0, 4154.0)	(59.0, 3574.0)	(60.0, 738.0)	(61.0, 218.5)	(62.0, 73.5)	(63.0, 36.0)	(64.0, 17.5)	(65.0, 85.5)	(66.0, 86.5)	(67.0, 25.0)	(68.0, 51.0)	(69.0, 171.5)	(70.0, 849.5)	(71.0, 759.5)	(72.0, 54.0)	(73.0, 11.0)	(74.0, 3.5)	(75.0, 1.0)	(76.0, 0.5)	(77.0, 0.0)	(78.0, 0.0)	(79.0, 0.0)	(80.0, 0.0)	(81.0, 0.0)	(82.0, 0.0)	(83.0, 0.0)	(84.0, 0.0)	(85.0, 0.0)	(86.0, 0.0)	(87.0, 0.0)	(88.0, 0.0)	(89.0, 0.0)	(90.0, 0.0)	(91.0, 0.0)	(92.0, 0.0)	(93.0, 0.0)	(94.0, 0.0)	(95.0, 0.0)	(96.0, 0.0)	(97.0, 0.0)	(98.0, 0.0)	(99.0, 0.0)	(100.0, 0.0)
SRR15702535_2	(0.0, 0.0)	(1.0, 0.0)	(2.0, 0.0)	(3.0, 0.0)	(4.0, 0.0)	(5.0, 0.0)	(6.0, 0.0)	(7.0, 0.0)	(8.0, 0.0)	(9.0, 0.0)	(10.0, 0.0)	(11.0, 0.0)	(12.0, 0.0)	(13.0, 0.0)	(14.0, 0.0)	(15.0, 0.0)	(16.0, 0.0)	(17.0, 0.0)	(18.0, 0.0)	(19.0, 0.0)	(20.0, 0.0)	(21.0, 0.0)	(22.0, 0.0)	(23.0, 0.0)	(24.0, 0.0)	(25.0, 0.0)	(26.0, 0.0)	(27.0, 0.0)	(28.0, 0.0)	(29.0, 0.0)	(30.0, 0.0)	(31.0, 0.0)	(32.0, 0.0)	(33.0, 0.0)	(34.0, 0.0)	(35.0, 0.0)	(36.0, 0.0)	(37.0, 0.0)	(38.0, 0.0)	(39.0, 0.0)	(40.0, 0.0)	(41.0, 0.0)	(42.0, 0.0)	(43.0, 0.0)	(44.0, 1.0)	(45.0, 5.0)	(46.0, 139.5)	(47.0, 3057.5)	(48.0, 4286.5)	(49.0, 7272.5)	(50.0, 7264.0)	(51.0, 1743.5)	(52.0, 687.0)	(53.0, 1038.5)	(54.0, 2696.0)	(55.0, 6545.5)	(56.0, 7503.0)	(57.0, 9523.5)	(58.0, 9268.0)	(59.0, 5822.0)	(60.0, 3720.0)	(61.0, 806.5)	(62.0, 342.5)	(63.0, 153.0)	(64.0, 106.0)	(65.0, 139.0)	(66.0, 127.5)	(67.0, 133.0)	(68.0, 752.5)	(69.0, 743.0)	(70.0, 104.5)	(71.0, 30.0)	(72.0, 21.5)	(73.0, 10.5)	(74.0, 5.5)	(75.0, 3.5)	(76.0, 2.0)	(77.0, 0.5)	(78.0, 1.0)	(79.0, 1.0)	(80.0, 0.0)	(81.0, 0.0)	(82.0, 0.0)	(83.0, 0.0)	(84.0, 0.0)	(85.0, 0.0)	(86.0, 0.0)	(87.0, 0.0)	(88.0, 0.0)	(89.0, 0.0)	(90.0, 0.0)	(91.0, 0.0)	(92.0, 0.0)	(93.0, 0.0)	(94.0, 0.0)	(95.0, 0.0)	(96.0, 0.0)	(97.0, 0.0)	(98.0, 0.0)	(99.0, 0.0)	(100.0, 0.0)
SRR15702536_1	(0.0, 0.0)	(1.0, 0.0)	(2.0, 0.0)	(3.0, 0.0)	(4.0, 0.0)	(5.0, 0.0)	(6.0, 0.0)	(7.0, 0.0)	(8.0, 0.0)	(9.0, 0.0)	(10.0, 0.0)	(11.0, 0.0)	(12.0, 0.0)	(13.0, 0.0)	(14.0, 0.0)	(15.0, 0.0)	(16.0, 0.0)	(17.0, 0.0)	(18.0, 0.0)	(19.0, 0.0)	(20.0, 0.0)	(21.0, 0.0)	(22.0, 0.0)	(23.0, 0.0)	(24.0, 0.0)	(25.0, 0.0)	(26.0, 0.0)	(27.0, 0.0)	(28.0, 0.0)	(29.0, 0.0)	(30.0, 0.0)	(31.0, 0.0)	(32.0, 0.5)	(33.0, 0.5)	(34.0, 0.0)	(35.0, 1.0)	(36.0, 1.0)	(37.0, 0.0)	(38.0, 0.0)	(39.0, 0.5)	(40.0, 1.0)	(41.0, 1.0)	(42.0, 2.5)	(43.0, 5.0)	(44.0, 26.5)	(45.0, 56.5)	(46.0, 57.0)	(47.0, 92.0)	(48.0, 520.5)	(49.0, 3117.0)	(50.0, 27896.0)	(51.0, 38116.5)	(52.0, 32441.5)	(53.0, 24986.0)	(54.0, 19786.5)	(55.0, 19838.5)	(56.0, 13465.0)	(57.0, 13230.0)	(58.0, 19726.0)	(59.0, 18387.0)	(60.0, 5103.0)	(61.0, 1481.0)	(62.0, 484.5)	(63.0, 226.5)	(64.0, 40.0)	(65.0, 19.0)	(66.0, 9.5)	(67.0, 4.5)	(68.0, 2.0)	(69.0, 1.5)	(70.0, 4.5)	(71.0, 4.0)	(72.0, 0.5)	(73.0, 0.0)	(74.0, 0.0)	(75.0, 0.0)	(76.0, 0.0)	(77.0, 0.0)	(78.0, 0.0)	(79.0, 0.0)	(80.0, 0.0)	(81.0, 0.0)	(82.0, 0.0)	(83.0, 0.0)	(84.0, 0.0)	(85.0, 0.0)	(86.0, 0.0)	(87.0, 0.0)	(88.0, 0.0)	(89.0, 0.0)	(90.0, 0.0)	(91.0, 0.0)	(92.0, 0.0)	(93.0, 0.0)	(94.0, 0.0)	(95.0, 0.0)	(96.0, 0.0)	(97.0, 0.0)	(98.0, 0.0)	(99.0, 0.0)	(100.0, 0.0)
SRR15702536_2	(0.0, 0.0)	(1.0, 0.0)	(2.0, 0.0)	(3.0, 0.0)	(4.0, 0.0)	(5.0, 0.0)	(6.0, 0.0)	(7.0, 0.0)	(8.0, 0.0)	(9.0, 0.0)	(10.0, 0.0)	(11.0, 0.0)	(12.0, 0.0)	(13.0, 0.0)	(14.0, 0.0)	(15.0, 0.0)	(16.0, 0.0)	(17.0, 0.0)	(18.0, 0.0)	(19.0, 0.0)	(20.0, 0.0)	(21.0, 0.0)	(22.0, 0.0)	(23.0, 0.0)	(24.0, 0.0)	(25.0, 0.0)	(26.0, 0.0)	(27.0, 0.0)	(28.0, 0.0)	(29.0, 0.0)	(30.0, 0.0)	(31.0, 0.0)	(32.0, 0.0)	(33.0, 0.0)	(34.0, 0.0)	(35.0, 0.0)	(36.0, 0.0)	(37.0, 0.0)	(38.0, 0.0)	(39.0, 0.0)	(40.0, 0.0)	(41.0, 0.0)	(42.0, 0.0)	(43.0, 0.5)	(44.0, 1.0)	(45.0, 1.0)	(46.0, 0.5)	(47.0, 13.0)	(48.0, 22.5)	(49.0, 50.0)	(50.0, 68.0)	(51.0, 125.0)	(52.0, 645.5)	(53.0, 3661.0)	(54.0, 16949.0)	(55.0, 42588.0)	(56.0, 41168.0)	(57.0, 21013.0)	(58.0, 29154.0)	(59.0, 46518.0)	(60.0, 29505.0)	(61.0, 4852.5)	(62.0, 1639.0)	(63.0, 564.5)	(64.0, 307.0)	(65.0, 115.0)	(66.0, 67.5)	(67.0, 45.0)	(68.0, 28.5)	(69.0, 11.0)	(70.0, 5.0)	(71.0, 5.5)	(72.0, 3.5)	(73.0, 2.0)	(74.0, 2.0)	(75.0, 1.5)	(76.0, 1.5)	(77.0, 1.0)	(78.0, 0.0)	(79.0, 0.0)	(80.0, 0.5)	(81.0, 0.5)	(82.0, 0.0)	(83.0, 0.0)	(84.0, 0.0)	(85.0, 0.0)	(86.0, 0.0)	(87.0, 0.0)	(88.0, 0.0)	(89.0, 0.0)	(90.0, 0.0)	(91.0, 0.0)	(92.0, 0.0)	(93.0, 0.0)	(94.0, 0.0)	(95.0, 0.0)	(96.0, 0.0)	(97.0, 0.0)	(98.0, 0.0)	(99.0, 0.0)	(100.0, 0.0)
SRR15702537_1	(0.0, 0.0)	(1.0, 0.0)	(2.0, 0.0)	(3.0, 0.0)	(4.0, 0.0)	(5.0, 0.0)	(6.0, 0.0)	(7.0, 0.0)	(8.0, 0.0)	(9.0, 0.0)	(10.0, 0.0)	(11.0, 0.0)	(12.0, 0.0)	(13.0, 0.0)	(14.0, 0.0)	(15.0, 0.0)	(16.0, 0.0)	(17.0, 0.0)	(18.0, 0.0)	(19.0, 0.0)	(20.0, 0.0)	(21.0, 0.0)	(22.0, 0.0)	(23.0, 0.0)	(24.0, 0.0)	(25.0, 0.0)	(26.0, 0.0)	(27.0, 0.0)	(28.0, 0.0)	(29.0, 0.0)	(30.0, 0.0)	(31.0, 0.0)	(32.0, 0.0)	(33.0, 0.0)	(34.0, 0.0)	(35.0, 0.0)	(36.0, 0.0)	(37.0, 0.0)	(38.0, 0.0)	(39.0, 0.0)	(40.0, 2.0)	(41.0, 45.0)	(42.0, 76.5)	(43.0, 228.5)	(44.0, 3859.5)	(45.0, 6655.5)	(46.0, 4171.0)	(47.0, 10007.0)	(48.0, 10853.5)	(49.0, 2437.0)	(50.0, 1194.0)	(51.0, 1527.0)	(52.0, 3140.5)	(53.0, 3243.5)	(54.0, 2196.5)	(55.0, 2178.5)	(56.0, 1963.0)	(57.0, 2029.0)	(58.0, 5657.0)	(59.0, 5416.5)	(60.0, 1087.0)	(61.0, 498.5)	(62.0, 84.5)	(63.0, 24.5)	(64.0, 7.0)	(65.0, 4.0)	(66.0, 3.0)	(67.0, 3.5)	(68.0, 5.0)	(69.0, 12.0)	(70.0, 82.5)	(71.0, 80.0)	(72.0, 8.5)	(73.0, 1.5)	(74.0, 0.5)	(75.0, 0.0)	(76.0, 0.0)	(77.0, 0.0)	(78.0, 0.0)	(79.0, 0.0)	(80.0, 0.0)	(81.0, 0.0)	(82.0, 0.0)	(83.0, 0.0)	(84.0, 0.0)	(85.0, 0.0)	(86.0, 0.0)	(87.0, 0.0)	(88.0, 0.0)	(89.0, 0.0)	(90.0, 0.0)	(91.0, 0.0)	(92.0, 0.0)	(93.0, 0.0)	(94.0, 0.0)	(95.0, 0.0)	(96.0, 0.0)	(97.0, 0.0)	(98.0, 0.0)	(99.0, 0.0)	(100.0, 0.0)
SRR15702537_2	(0.0, 0.0)	(1.0, 0.0)	(2.0, 0.0)	(3.0, 0.0)	(4.0, 0.0)	(5.0, 0.0)	(6.0, 0.0)	(7.0, 0.0)	(8.0, 0.0)	(9.0, 0.0)	(10.0, 0.0)	(11.0, 0.0)	(12.0, 0.0)	(13.0, 0.0)	(14.0, 0.0)	(15.0, 0.0)	(16.0, 0.0)	(17.0, 0.0)	(18.0, 0.0)	(19.0, 0.0)	(20.0, 0.0)	(21.0, 0.0)	(22.0, 0.0)	(23.0, 0.0)	(24.0, 0.0)	(25.0, 0.0)	(26.0, 0.0)	(27.0, 0.0)	(28.0, 0.0)	(29.0, 0.0)	(30.0, 0.0)	(31.0, 0.0)	(32.0, 0.0)	(33.0, 0.0)	(34.0, 0.0)	(35.0, 0.0)	(36.0, 0.0)	(37.0, 0.0)	(38.0, 0.0)	(39.0, 0.0)	(40.0, 0.0)	(41.0, 0.0)	(42.0, 0.0)	(43.0, 0.5)	(44.0, 33.0)	(45.0, 915.5)	(46.0, 1325.0)	(47.0, 8474.0)	(48.0, 10709.5)	(49.0, 8118.0)	(50.0, 6548.0)	(51.0, 1527.5)	(52.0, 767.0)	(53.0, 1005.0)	(54.0, 3208.5)	(55.0, 7118.5)	(56.0, 7080.5)	(57.0, 3689.0)	(58.0, 3069.5)	(59.0, 3084.0)	(60.0, 1407.5)	(61.0, 295.0)	(62.0, 109.5)	(63.0, 53.0)	(64.0, 32.5)	(65.0, 13.0)	(66.0, 10.5)	(67.0, 20.5)	(68.0, 76.5)	(69.0, 72.5)	(70.0, 11.0)	(71.0, 3.5)	(72.0, 1.5)	(73.0, 1.0)	(74.0, 0.5)	(75.0, 0.0)	(76.0, 0.0)	(77.0, 1.0)	(78.0, 1.0)	(79.0, 0.0)	(80.0, 0.0)	(81.0, 0.0)	(82.0, 0.0)	(83.0, 0.0)	(84.0, 0.0)	(85.0, 0.0)	(86.0, 0.0)	(87.0, 0.0)	(88.0, 0.0)	(89.0, 0.0)	(90.0, 0.0)	(91.0, 0.0)	(92.0, 0.0)	(93.0, 0.0)	(94.0, 0.0)	(95.0, 0.0)	(96.0, 0.0)	(97.0, 0.0)	(98.0, 0.0)	(99.0, 0.0)	(100.0, 0.0)
SRR15702538_1	(0.0, 0.0)	(1.0, 0.0)	(2.0, 0.0)	(3.0, 0.0)	(4.0, 0.0)	(5.0, 0.0)	(6.0, 0.0)	(7.0, 0.0)	(8.0, 0.0)	(9.0, 0.0)	(10.0, 0.0)	(11.0, 0.0)	(12.0, 0.0)	(13.0, 0.0)	(14.0, 0.0)	(15.0, 0.0)	(16.0, 0.0)	(17.0, 0.0)	(18.0, 0.0)	(19.0, 0.0)	(20.0, 0.0)	(21.0, 0.0)	(22.0, 0.0)	(23.0, 0.0)	(24.0, 0.0)	(25.0, 0.0)	(26.0, 0.0)	(27.0, 0.0)	(28.0, 0.0)	(29.0, 0.0)	(30.0, 0.0)	(31.0, 0.0)	(32.0, 0.0)	(33.0, 0.0)	(34.0, 0.0)	(35.0, 0.0)	(36.0, 0.0)	(37.0, 0.0)	(38.0, 0.0)	(39.0, 0.0)	(40.0, 0.5)	(41.0, 0.5)	(42.0, 1.0)	(43.0, 7.0)	(44.0, 78.5)	(45.0, 371.0)	(46.0, 2458.5)	(47.0, 11462.0)	(48.0, 11610.0)	(49.0, 3139.0)	(50.0, 4664.5)	(51.0, 6001.5)	(52.0, 9291.0)	(53.0, 9237.5)	(54.0, 7440.0)	(55.0, 7959.5)	(56.0, 5725.5)	(57.0, 7124.5)	(58.0, 16672.5)	(59.0, 14984.5)	(60.0, 4572.0)	(61.0, 2500.5)	(62.0, 460.5)	(63.0, 203.5)	(64.0, 29.5)	(65.0, 18.0)	(66.0, 7.5)	(67.0, 3.0)	(68.0, 1.5)	(69.0, 3.0)	(70.0, 15.5)	(71.0, 15.0)	(72.0, 1.5)	(73.0, 0.0)	(74.0, 0.0)	(75.0, 0.0)	(76.0, 0.0)	(77.0, 0.0)	(78.0, 0.0)	(79.0, 0.0)	(80.0, 0.0)	(81.0, 0.0)	(82.0, 0.0)	(83.0, 0.0)	(84.0, 0.0)	(85.0, 0.0)	(86.0, 0.0)	(87.0, 0.0)	(88.0, 0.0)	(89.0, 0.0)	(90.0, 0.0)	(91.0, 0.0)	(92.0, 0.0)	(93.0, 0.0)	(94.0, 0.0)	(95.0, 0.0)	(96.0, 0.0)	(97.0, 0.0)	(98.0, 0.0)	(99.0, 0.0)	(100.0, 0.0)
SRR15702538_2	(0.0, 0.0)	(1.0, 0.0)	(2.0, 0.0)	(3.0, 0.0)	(4.0, 0.0)	(5.0, 0.0)	(6.0, 0.0)	(7.0, 0.0)	(8.0, 0.0)	(9.0, 0.0)	(10.0, 0.0)	(11.0, 0.0)	(12.0, 0.0)	(13.0, 0.0)	(14.0, 0.0)	(15.0, 0.0)	(16.0, 0.0)	(17.0, 0.0)	(18.0, 0.0)	(19.0, 0.0)	(20.0, 0.0)	(21.0, 0.0)	(22.0, 0.0)	(23.0, 0.0)	(24.0, 0.0)	(25.0, 0.0)	(26.0, 0.0)	(27.0, 0.0)	(28.0, 0.0)	(29.0, 0.0)	(30.0, 0.0)	(31.0, 0.0)	(32.0, 0.0)	(33.0, 0.0)	(34.0, 0.0)	(35.0, 0.0)	(36.0, 0.0)	(37.0, 0.0)	(38.0, 0.5)	(39.0, 0.5)	(40.0, 0.0)	(41.0, 0.0)	(42.0, 0.0)	(43.0, 0.0)	(44.0, 0.5)	(45.0, 1.0)	(46.0, 5.0)	(47.0, 28.0)	(48.0, 458.5)	(49.0, 10671.0)	(50.0, 12943.5)	(51.0, 3364.0)	(52.0, 1266.5)	(53.0, 2214.5)	(54.0, 7748.0)	(55.0, 25546.0)	(56.0, 24260.5)	(57.0, 7096.5)	(58.0, 10317.5)	(59.0, 12454.5)	(60.0, 5211.5)	(61.0, 1283.0)	(62.0, 566.0)	(63.0, 278.5)	(64.0, 198.0)	(65.0, 57.5)	(66.0, 27.5)	(67.0, 14.5)	(68.0, 20.0)	(69.0, 17.0)	(70.0, 4.0)	(71.0, 2.0)	(72.0, 1.5)	(73.0, 1.0)	(74.0, 0.5)	(75.0, 0.0)	(76.0, 0.5)	(77.0, 0.5)	(78.0, 0.0)	(79.0, 0.0)	(80.0, 0.0)	(81.0, 0.0)	(82.0, 0.0)	(83.0, 0.0)	(84.0, 0.0)	(85.0, 0.0)	(86.0, 0.0)	(87.0, 0.0)	(88.0, 0.0)	(89.0, 0.0)	(90.0, 0.0)	(91.0, 0.0)	(92.0, 0.0)	(93.0, 0.0)	(94.0, 0.0)	(95.0, 0.0)	(96.0, 0.0)	(97.0, 0.0)	(98.0, 0.0)	(99.0, 0.0)	(100.0, 0.0)
SRR15702540_1	(0.0, 0.0)	(1.0, 0.0)	(2.0, 0.0)	(3.0, 0.0)	(4.0, 0.0)	(5.0, 0.0)	(6.0, 0.0)	(7.0, 0.0)	(8.0, 0.0)	(9.0, 0.0)	(10.0, 0.0)	(11.0, 0.0)	(12.0, 0.0)	(13.0, 0.0)	(14.0, 0.0)	(15.0, 0.0)	(16.0, 0.0)	(17.0, 0.0)	(18.0, 0.0)	(19.0, 0.0)	(20.0, 0.0)	(21.0, 0.0)	(22.0, 0.0)	(23.0, 0.0)	(24.0, 0.0)	(25.0, 0.0)	(26.0, 0.0)	(27.0, 0.0)	(28.0, 0.0)	(29.0, 0.0)	(30.0, 0.0)	(31.0, 0.0)	(32.0, 0.0)	(33.0, 0.0)	(34.0, 0.0)	(35.0, 0.0)	(36.0, 0.0)	(37.0, 0.0)	(38.0, 1.5)	(39.0, 2.5)	(40.0, 20.0)	(41.0, 225.5)	(42.0, 331.5)	(43.0, 785.5)	(44.0, 10986.5)	(45.0, 13248.5)	(46.0, 5292.5)	(47.0, 5964.5)	(48.0, 5458.0)	(49.0, 3240.0)	(50.0, 12133.0)	(51.0, 14418.5)	(52.0, 12281.5)	(53.0, 12017.5)	(54.0, 8407.0)	(55.0, 11569.0)	(56.0, 13454.5)	(57.0, 8863.5)	(58.0, 7126.5)	(59.0, 6025.5)	(60.0, 1265.5)	(61.0, 547.0)	(62.0, 190.0)	(63.0, 47.5)	(64.0, 27.5)	(65.0, 69.0)	(66.0, 60.5)	(67.0, 16.0)	(68.0, 16.0)	(69.0, 45.0)	(70.0, 248.0)	(71.0, 230.5)	(72.0, 16.5)	(73.0, 3.0)	(74.0, 2.5)	(75.0, 0.5)	(76.0, 0.0)	(77.0, 0.0)	(78.0, 0.0)	(79.0, 0.0)	(80.0, 0.0)	(81.0, 0.0)	(82.0, 0.0)	(83.0, 0.0)	(84.0, 0.0)	(85.0, 0.0)	(86.0, 0.0)	(87.0, 0.0)	(88.0, 0.0)	(89.0, 0.0)	(90.0, 0.0)	(91.0, 0.0)	(92.0, 0.0)	(93.0, 0.0)	(94.0, 0.0)	(95.0, 0.5)	(96.0, 0.5)	(97.0, 0.0)	(98.0, 0.0)	(99.0, 0.0)	(100.0, 0.0)
SRR15702540_2	(0.0, 0.0)	(1.0, 0.0)	(2.0, 0.0)	(3.0, 0.0)	(4.0, 0.0)	(5.0, 0.0)	(6.0, 0.0)	(7.0, 0.0)	(8.0, 0.0)	(9.0, 0.0)	(10.0, 0.0)	(11.0, 0.0)	(12.0, 0.0)	(13.0, 0.0)	(14.0, 0.0)	(15.0, 0.0)	(16.0, 0.0)	(17.0, 0.0)	(18.0, 0.0)	(19.0, 0.0)	(20.0, 0.0)	(21.0, 0.0)	(22.0, 0.0)	(23.0, 0.0)	(24.0, 0.0)	(25.0, 0.0)	(26.0, 0.0)	(27.0, 0.0)	(28.0, 0.0)	(29.0, 0.0)	(30.0, 0.0)	(31.0, 0.0)	(32.0, 0.0)	(33.0, 0.0)	(34.0, 0.0)	(35.0, 0.0)	(36.0, 0.0)	(37.0, 2.0)	(38.0, 6.0)	(39.0, 5.0)	(40.0, 1.5)	(41.0, 1.0)	(42.0, 0.5)	(43.0, 0.0)	(44.0, 2.0)	(45.0, 6.0)	(46.0, 56.5)	(47.0, 671.5)	(48.0, 2953.5)	(49.0, 16257.5)	(50.0, 17219.5)	(51.0, 4295.0)	(52.0, 2102.0)	(53.0, 2252.0)	(54.0, 4779.5)	(55.0, 13576.0)	(56.0, 15960.5)	(57.0, 12746.0)	(58.0, 17518.0)	(59.0, 23874.5)	(60.0, 15286.5)	(61.0, 2776.5)	(62.0, 873.5)	(63.0, 404.0)	(64.0, 164.0)	(65.0, 125.5)	(66.0, 107.5)	(67.0, 79.0)	(68.0, 237.5)	(69.0, 230.0)	(70.0, 39.0)	(71.0, 8.0)	(72.0, 6.0)	(73.0, 6.0)	(74.0, 3.0)	(75.0, 2.0)	(76.0, 1.5)	(77.0, 1.0)	(78.0, 0.5)	(79.0, 0.0)	(80.0, 0.0)	(81.0, 0.0)	(82.0, 0.0)	(83.0, 0.5)	(84.0, 0.5)	(85.0, 0.0)	(86.0, 0.0)	(87.0, 0.0)	(88.0, 0.0)	(89.0, 0.0)	(90.0, 0.0)	(91.0, 0.5)	(92.0, 0.5)	(93.0, 0.0)	(94.0, 0.0)	(95.0, 0.0)	(96.0, 0.0)	(97.0, 0.0)	(98.0, 0.0)	(99.0, 0.0)	(100.0, 0.0)
SRR15702542_1	(0.0, 0.0)	(1.0, 0.0)	(2.0, 0.0)	(3.0, 0.0)	(4.0, 0.0)	(5.0, 0.0)	(6.0, 0.0)	(7.0, 0.0)	(8.0, 0.0)	(9.0, 0.0)	(10.0, 0.0)	(11.0, 0.0)	(12.0, 0.0)	(13.0, 0.0)	(14.0, 0.0)	(15.0, 0.5)	(16.0, 0.5)	(17.0, 0.0)	(18.0, 0.0)	(19.0, 0.0)	(20.0, 0.0)	(21.0, 0.0)	(22.0, 0.0)	(23.0, 0.0)	(24.0, 0.0)	(25.0, 0.0)	(26.0, 0.0)	(27.0, 0.0)	(28.0, 0.0)	(29.0, 0.0)	(30.0, 0.0)	(31.0, 0.0)	(32.0, 0.0)	(33.0, 0.0)	(34.0, 0.0)	(35.0, 0.5)	(36.0, 1.0)	(37.0, 0.5)	(38.0, 0.5)	(39.0, 1.0)	(40.0, 10.0)	(41.0, 155.5)	(42.0, 242.5)	(43.0, 945.0)	(44.0, 6094.5)	(45.0, 8872.0)	(46.0, 12000.5)	(47.0, 12816.0)	(48.0, 8046.0)	(49.0, 8011.5)	(50.0, 7384.5)	(51.0, 5155.0)	(52.0, 6318.0)	(53.0, 10145.0)	(54.0, 18848.5)	(55.0, 22280.5)	(56.0, 17861.0)	(57.0, 11778.5)	(58.0, 8810.5)	(59.0, 6461.5)	(60.0, 1641.0)	(61.0, 845.5)	(62.0, 302.5)	(63.0, 115.0)	(64.0, 34.5)	(65.0, 56.5)	(66.0, 70.0)	(67.0, 33.5)	(68.0, 17.5)	(69.0, 70.5)	(70.0, 441.5)	(71.0, 401.0)	(72.0, 22.0)	(73.0, 4.0)	(74.0, 2.0)	(75.0, 0.5)	(76.0, 0.5)	(77.0, 0.0)	(78.0, 0.0)	(79.0, 0.0)	(80.0, 0.0)	(81.0, 0.0)	(82.0, 0.0)	(83.0, 0.0)	(84.0, 0.0)	(85.0, 0.0)	(86.0, 0.0)	(87.0, 0.0)	(88.0, 0.0)	(89.0, 0.0)	(90.0, 0.0)	(91.0, 0.0)	(92.0, 0.0)	(93.0, 0.0)	(94.0, 0.0)	(95.0, 0.0)	(96.0, 0.0)	(97.0, 0.0)	(98.0, 0.0)	(99.0, 0.5)	(100.0, 0.5)
SRR15702542_2	(0.0, 0.0)	(1.0, 0.0)	(2.0, 0.0)	(3.0, 0.0)	(4.0, 0.0)	(5.0, 0.0)	(6.0, 0.0)	(7.0, 0.0)	(8.0, 0.0)	(9.0, 0.0)	(10.0, 0.0)	(11.0, 0.0)	(12.0, 0.0)	(13.0, 0.0)	(14.0, 0.0)	(15.0, 0.0)	(16.0, 0.0)	(17.0, 0.0)	(18.0, 0.0)	(19.0, 0.0)	(20.0, 0.0)	(21.0, 0.0)	(22.0, 0.0)	(23.0, 0.0)	(24.0, 0.0)	(25.0, 0.0)	(26.0, 0.0)	(27.0, 0.0)	(28.0, 0.0)	(29.0, 0.0)	(30.0, 0.0)	(31.0, 0.0)	(32.0, 0.0)	(33.0, 0.0)	(34.0, 0.0)	(35.0, 0.0)	(36.0, 0.0)	(37.0, 4.0)	(38.0, 10.0)	(39.0, 8.5)	(40.0, 3.0)	(41.0, 0.5)	(42.0, 0.5)	(43.0, 4.5)	(44.0, 51.0)	(45.0, 1012.5)	(46.0, 1234.0)	(47.0, 920.0)	(48.0, 3124.0)	(49.0, 18563.5)	(50.0, 20349.5)	(51.0, 6100.5)	(52.0, 3701.5)	(53.0, 4496.5)	(54.0, 16426.0)	(55.0, 23291.0)	(56.0, 17428.5)	(57.0, 21557.0)	(58.0, 18769.0)	(59.0, 8331.5)	(60.0, 4118.5)	(61.0, 2680.0)	(62.0, 2085.5)	(63.0, 521.5)	(64.0, 255.5)	(65.0, 125.0)	(66.0, 114.5)	(67.0, 120.5)	(68.0, 417.0)	(69.0, 388.5)	(70.0, 49.5)	(71.0, 15.5)	(72.0, 6.5)	(73.0, 4.5)	(74.0, 2.5)	(75.0, 2.5)	(76.0, 2.5)	(77.0, 1.5)	(78.0, 0.5)	(79.0, 0.0)	(80.0, 0.0)	(81.0, 0.0)	(82.0, 0.5)	(83.0, 0.5)	(84.0, 0.0)	(85.0, 0.0)	(86.0, 0.0)	(87.0, 0.0)	(88.0, 0.0)	(89.0, 0.0)	(90.0, 0.0)	(91.0, 0.0)	(92.0, 0.0)	(93.0, 0.0)	(94.0, 0.0)	(95.0, 0.0)	(96.0, 0.0)	(97.0, 0.0)	(98.0, 0.0)	(99.0, 0.0)	(100.0, 0.0)
SRR15702544_1	(0.0, 0.0)	(1.0, 0.0)	(2.0, 0.0)	(3.0, 0.0)	(4.0, 0.0)	(5.0, 0.0)	(6.0, 0.0)	(7.0, 0.0)	(8.0, 0.0)	(9.0, 0.0)	(10.0, 0.0)	(11.0, 0.0)	(12.0, 0.0)	(13.0, 0.0)	(14.0, 0.0)	(15.0, 0.0)	(16.0, 0.0)	(17.0, 0.0)	(18.0, 0.0)	(19.0, 0.0)	(20.0, 0.0)	(21.0, 0.0)	(22.0, 0.0)	(23.0, 0.0)	(24.0, 0.0)	(25.0, 0.0)	(26.0, 0.0)	(27.0, 0.5)	(28.0, 0.5)	(29.0, 0.0)	(30.0, 0.5)	(31.0, 0.5)	(32.0, 0.0)	(33.0, 0.5)	(34.0, 0.5)	(35.0, 0.5)	(36.0, 2.5)	(37.0, 2.5)	(38.0, 1.0)	(39.0, 0.5)	(40.0, 1.5)	(41.0, 4.5)	(42.0, 8.5)	(43.0, 52.0)	(44.0, 86.5)	(45.0, 116.5)	(46.0, 227.5)	(47.0, 1328.5)	(48.0, 1349.5)	(49.0, 436.0)	(50.0, 1002.5)	(51.0, 5555.0)	(52.0, 31683.0)	(53.0, 39483.5)	(54.0, 33921.5)	(55.0, 32580.5)	(56.0, 21817.0)	(57.0, 31985.0)	(58.0, 33786.0)	(59.0, 14877.0)	(60.0, 3258.5)	(61.0, 885.0)	(62.0, 231.5)	(63.0, 94.0)	(64.0, 39.5)	(65.0, 21.5)	(66.0, 8.0)	(67.0, 6.0)	(68.0, 5.0)	(69.0, 2.0)	(70.0, 2.5)	(71.0, 2.5)	(72.0, 1.0)	(73.0, 0.0)	(74.0, 0.0)	(75.0, 0.0)	(76.0, 0.0)	(77.0, 0.0)	(78.0, 0.0)	(79.0, 0.0)	(80.0, 0.0)	(81.0, 0.0)	(82.0, 0.0)	(83.0, 0.0)	(84.0, 0.0)	(85.0, 0.0)	(86.0, 0.0)	(87.0, 0.0)	(88.0, 0.0)	(89.0, 0.0)	(90.0, 0.0)	(91.0, 0.0)	(92.0, 0.0)	(93.0, 0.0)	(94.0, 0.0)	(95.0, 0.0)	(96.0, 0.0)	(97.0, 0.0)	(98.0, 0.0)	(99.0, 0.0)	(100.0, 0.0)
SRR15702544_2	(0.0, 0.0)	(1.0, 0.0)	(2.0, 0.0)	(3.0, 0.0)	(4.0, 0.0)	(5.0, 0.0)	(6.0, 0.0)	(7.0, 0.0)	(8.0, 0.0)	(9.0, 0.0)	(10.0, 0.0)	(11.0, 0.0)	(12.0, 0.0)	(13.0, 0.0)	(14.0, 0.0)	(15.0, 0.0)	(16.0, 0.0)	(17.0, 0.0)	(18.0, 0.0)	(19.0, 0.0)	(20.0, 0.0)	(21.0, 0.0)	(22.0, 0.0)	(23.0, 0.0)	(24.0, 0.0)	(25.0, 0.0)	(26.0, 0.0)	(27.0, 0.0)	(28.0, 0.0)	(29.0, 0.0)	(30.0, 0.0)	(31.0, 0.0)	(32.0, 0.5)	(33.0, 2.0)	(34.0, 1.5)	(35.0, 0.5)	(36.0, 0.5)	(37.0, 5.5)	(38.0, 43.0)	(39.0, 46.0)	(40.0, 13.0)	(41.0, 5.0)	(42.0, 1.5)	(43.0, 2.0)	(44.0, 2.0)	(45.0, 3.5)	(46.0, 8.5)	(47.0, 9.0)	(48.0, 56.5)	(49.0, 961.0)	(50.0, 1157.0)	(51.0, 428.5)	(52.0, 849.5)	(53.0, 6810.5)	(54.0, 27335.0)	(55.0, 73405.0)	(56.0, 64813.0)	(57.0, 16072.5)	(58.0, 7238.5)	(59.0, 25607.0)	(60.0, 24272.0)	(61.0, 3645.0)	(62.0, 1434.5)	(63.0, 317.0)	(64.0, 135.0)	(65.0, 66.5)	(66.0, 41.0)	(67.0, 25.5)	(68.0, 15.0)	(69.0, 9.0)	(70.0, 7.5)	(71.0, 7.0)	(72.0, 5.5)	(73.0, 3.0)	(74.0, 2.0)	(75.0, 2.0)	(76.0, 1.0)	(77.0, 0.5)	(78.0, 0.0)	(79.0, 0.0)	(80.0, 0.5)	(81.0, 0.5)	(82.0, 0.0)	(83.0, 0.0)	(84.0, 0.0)	(85.0, 0.0)	(86.0, 0.0)	(87.0, 0.0)	(88.0, 0.0)	(89.0, 0.5)	(90.0, 0.5)	(91.0, 0.0)	(92.0, 0.0)	(93.0, 0.0)	(94.0, 0.0)	(95.0, 0.0)	(96.0, 0.0)	(97.0, 0.0)	(98.0, 0.0)	(99.0, 0.0)	(100.0, 0.0)
SRR15702546_1	(0.0, 0.0)	(1.0, 0.0)	(2.0, 0.0)	(3.0, 0.0)	(4.0, 0.0)	(5.0, 0.0)	(6.0, 0.0)	(7.0, 0.0)	(8.0, 0.0)	(9.0, 0.0)	(10.0, 0.0)	(11.0, 0.0)	(12.0, 0.0)	(13.0, 0.0)	(14.0, 0.0)	(15.0, 0.0)	(16.0, 0.0)	(17.0, 0.0)	(18.0, 0.0)	(19.0, 0.0)	(20.0, 0.0)	(21.0, 0.0)	(22.0, 0.0)	(23.0, 0.0)	(24.0, 0.0)	(25.0, 0.0)	(26.0, 0.0)	(27.0, 0.0)	(28.0, 0.0)	(29.0, 0.0)	(30.0, 0.0)	(31.0, 0.0)	(32.0, 0.0)	(33.0, 0.0)	(34.0, 0.0)	(35.0, 1.0)	(36.0, 1.0)	(37.0, 0.5)	(38.0, 0.5)	(39.0, 0.5)	(40.0, 0.5)	(41.0, 0.0)	(42.0, 1.5)	(43.0, 14.5)	(44.0, 103.5)	(45.0, 294.0)	(46.0, 1714.0)	(47.0, 29998.0)	(48.0, 32186.5)	(49.0, 10006.0)	(50.0, 8382.5)	(51.0, 4134.0)	(52.0, 4241.0)	(53.0, 4268.0)	(54.0, 6942.0)	(55.0, 8390.0)	(56.0, 5080.5)	(57.0, 6196.5)	(58.0, 9708.5)	(59.0, 6596.5)	(60.0, 2019.0)	(61.0, 851.5)	(62.0, 771.5)	(63.0, 433.5)	(64.0, 40.0)	(65.0, 11.0)	(66.0, 5.5)	(67.0, 3.0)	(68.0, 0.5)	(69.0, 2.5)	(70.0, 4.5)	(71.0, 2.0)	(72.0, 0.0)	(73.0, 0.0)	(74.0, 0.0)	(75.0, 0.0)	(76.0, 0.0)	(77.0, 0.0)	(78.0, 0.0)	(79.0, 0.0)	(80.0, 0.0)	(81.0, 0.0)	(82.0, 0.0)	(83.0, 0.0)	(84.0, 0.0)	(85.0, 0.0)	(86.0, 0.0)	(87.0, 0.0)	(88.0, 0.0)	(89.0, 0.0)	(90.0, 0.0)	(91.0, 0.0)	(92.0, 0.0)	(93.0, 0.0)	(94.0, 0.0)	(95.0, 0.0)	(96.0, 0.0)	(97.0, 0.0)	(98.0, 0.0)	(99.0, 0.0)	(100.0, 0.0)
SRR15702546_2	(0.0, 0.0)	(1.0, 0.0)	(2.0, 0.0)	(3.0, 0.0)	(4.0, 0.0)	(5.0, 0.0)	(6.0, 0.0)	(7.0, 0.0)	(8.0, 0.0)	(9.0, 0.0)	(10.0, 0.0)	(11.0, 0.0)	(12.0, 0.0)	(13.0, 0.0)	(14.0, 0.0)	(15.0, 0.0)	(16.0, 0.0)	(17.0, 0.0)	(18.0, 0.0)	(19.0, 0.0)	(20.0, 0.0)	(21.0, 0.0)	(22.0, 0.0)	(23.0, 0.0)	(24.0, 0.0)	(25.0, 0.0)	(26.0, 0.0)	(27.0, 0.0)	(28.0, 0.0)	(29.0, 0.0)	(30.0, 0.0)	(31.0, 0.0)	(32.0, 0.0)	(33.0, 0.0)	(34.0, 0.0)	(35.0, 1.5)	(36.0, 1.5)	(37.0, 0.0)	(38.0, 1.5)	(39.0, 2.0)	(40.0, 0.5)	(41.0, 0.5)	(42.0, 1.0)	(43.0, 2.5)	(44.0, 3.5)	(45.0, 3.5)	(46.0, 11.5)	(47.0, 54.0)	(48.0, 1383.5)	(49.0, 28465.5)	(50.0, 31458.5)	(51.0, 5633.5)	(52.0, 2603.5)	(53.0, 7922.0)	(54.0, 11803.0)	(55.0, 13675.0)	(56.0, 14909.5)	(57.0, 9815.0)	(58.0, 5308.0)	(59.0, 2710.0)	(60.0, 1301.0)	(61.0, 2176.5)	(62.0, 1942.5)	(63.0, 639.5)	(64.0, 433.5)	(65.0, 82.0)	(66.0, 25.5)	(67.0, 9.0)	(68.0, 7.0)	(69.0, 6.5)	(70.0, 5.0)	(71.0, 2.5)	(72.0, 2.0)	(73.0, 1.0)	(74.0, 0.0)	(75.0, 0.0)	(76.0, 0.0)	(77.0, 0.0)	(78.0, 0.0)	(79.0, 0.0)	(80.0, 0.5)	(81.0, 0.5)	(82.0, 0.0)	(83.0, 0.0)	(84.0, 0.0)	(85.0, 0.0)	(86.0, 0.0)	(87.0, 0.0)	(88.0, 0.0)	(89.0, 0.0)	(90.0, 0.0)	(91.0, 0.0)	(92.0, 0.0)	(93.0, 0.0)	(94.0, 0.0)	(95.0, 0.0)	(96.0, 0.0)	(97.0, 0.0)	(98.0, 0.0)	(99.0, 0.0)	(100.0, 0.5)
SRR15702548_1	(0.0, 0.0)	(1.0, 0.0)	(2.0, 0.0)	(3.0, 0.0)	(4.0, 0.0)	(5.0, 0.0)	(6.0, 0.0)	(7.0, 0.0)	(8.0, 0.0)	(9.0, 0.0)	(10.0, 0.0)	(11.0, 0.0)	(12.0, 0.0)	(13.0, 0.0)	(14.0, 0.0)	(15.0, 0.0)	(16.0, 0.0)	(17.0, 0.0)	(18.0, 0.0)	(19.0, 0.0)	(20.0, 0.0)	(21.0, 0.0)	(22.0, 0.0)	(23.0, 0.0)	(24.0, 0.0)	(25.0, 0.0)	(26.0, 0.0)	(27.0, 0.0)	(28.0, 0.0)	(29.0, 0.0)	(30.0, 0.5)	(31.0, 0.5)	(32.0, 0.0)	(33.0, 0.0)	(34.0, 0.0)	(35.0, 2.0)	(36.0, 3.5)	(37.0, 2.5)	(38.0, 3.5)	(39.0, 8.5)	(40.0, 9.0)	(41.0, 11.0)	(42.0, 36.5)	(43.0, 203.0)	(44.0, 834.0)	(45.0, 9667.0)	(46.0, 18320.0)	(47.0, 10425.0)	(48.0, 2654.5)	(49.0, 2186.5)	(50.0, 4958.0)	(51.0, 6994.5)	(52.0, 8767.5)	(53.0, 7669.0)	(54.0, 3114.5)	(55.0, 2341.0)	(56.0, 1438.5)	(57.0, 831.5)	(58.0, 688.5)	(59.0, 903.5)	(60.0, 731.5)	(61.0, 341.0)	(62.0, 57.0)	(63.0, 30.5)	(64.0, 1.0)	(65.0, 1.0)	(66.0, 0.0)	(67.0, 1.0)	(68.0, 3.5)	(69.0, 4.5)	(70.0, 38.5)	(71.0, 38.0)	(72.0, 1.5)	(73.0, 0.0)	(74.0, 0.0)	(75.0, 0.0)	(76.0, 0.0)	(77.0, 0.0)	(78.0, 0.0)	(79.0, 0.5)	(80.0, 0.5)	(81.0, 0.0)	(82.0, 0.0)	(83.0, 0.0)	(84.0, 0.0)	(85.0, 0.0)	(86.0, 0.0)	(87.0, 0.0)	(88.0, 0.0)	(89.0, 0.0)	(90.0, 0.0)	(91.0, 0.0)	(92.0, 0.0)	(93.0, 0.0)	(94.0, 0.0)	(95.0, 0.0)	(96.0, 0.0)	(97.0, 0.0)	(98.0, 0.0)	(99.0, 0.0)	(100.0, 0.0)
SRR15702548_2	(0.0, 0.0)	(1.0, 0.0)	(2.0, 0.0)	(3.0, 0.0)	(4.0, 0.0)	(5.0, 0.0)	(6.0, 0.0)	(7.0, 0.0)	(8.0, 0.0)	(9.0, 0.0)	(10.0, 0.0)	(11.0, 0.0)	(12.0, 0.0)	(13.0, 0.0)	(14.0, 0.0)	(15.0, 0.0)	(16.0, 0.0)	(17.0, 0.0)	(18.0, 0.0)	(19.0, 0.0)	(20.0, 0.0)	(21.0, 0.0)	(22.0, 0.0)	(23.0, 0.0)	(24.0, 0.0)	(25.0, 0.0)	(26.0, 0.0)	(27.0, 0.0)	(28.0, 0.0)	(29.0, 0.0)	(30.0, 0.0)	(31.0, 0.0)	(32.0, 0.0)	(33.0, 0.0)	(34.0, 0.0)	(35.0, 0.0)	(36.0, 0.0)	(37.0, 0.5)	(38.0, 0.5)	(39.0, 0.0)	(40.0, 0.5)	(41.0, 2.5)	(42.0, 5.5)	(43.0, 12.0)	(44.0, 26.0)	(45.0, 74.5)	(46.0, 265.5)	(47.0, 1157.0)	(48.0, 9997.0)	(49.0, 19285.5)	(50.0, 11257.0)	(51.0, 1327.0)	(52.0, 513.5)	(53.0, 678.5)	(54.0, 1451.0)	(55.0, 2716.0)	(56.0, 3928.0)	(57.0, 3986.0)	(58.0, 4342.5)	(59.0, 11479.5)	(60.0, 9478.5)	(61.0, 777.0)	(62.0, 326.5)	(63.0, 117.5)	(64.0, 26.0)	(65.0, 4.5)	(66.0, 3.5)	(67.0, 10.0)	(68.0, 37.5)	(69.0, 32.5)	(70.0, 2.0)	(71.0, 0.5)	(72.0, 0.0)	(73.0, 0.5)	(74.0, 0.5)	(75.0, 0.0)	(76.0, 0.0)	(77.0, 0.0)	(78.0, 0.0)	(79.0, 0.0)	(80.0, 0.0)	(81.0, 0.0)	(82.0, 0.0)	(83.0, 0.0)	(84.0, 0.0)	(85.0, 0.0)	(86.0, 0.0)	(87.0, 0.0)	(88.0, 0.0)	(89.0, 0.0)	(90.0, 0.0)	(91.0, 0.0)	(92.0, 0.0)	(93.0, 0.0)	(94.0, 0.0)	(95.0, 0.0)	(96.0, 0.0)	(97.0, 0.0)	(98.0, 0.0)	(99.0, 0.0)	(100.0, 0.5)
SRR15702552_1	(0.0, 0.0)	(1.0, 0.0)	(2.0, 0.0)	(3.0, 0.0)	(4.0, 0.0)	(5.0, 0.0)	(6.0, 0.0)	(7.0, 0.0)	(8.0, 0.0)	(9.0, 0.0)	(10.0, 0.0)	(11.0, 0.0)	(12.0, 0.0)	(13.0, 0.0)	(14.0, 0.0)	(15.0, 0.0)	(16.0, 0.0)	(17.0, 0.0)	(18.0, 0.0)	(19.0, 0.0)	(20.0, 0.0)	(21.0, 0.0)	(22.0, 0.0)	(23.0, 0.0)	(24.0, 0.0)	(25.0, 0.0)	(26.0, 0.0)	(27.0, 0.0)	(28.0, 0.0)	(29.0, 0.0)	(30.0, 0.0)	(31.0, 0.5)	(32.0, 0.5)	(33.0, 0.0)	(34.0, 2.0)	(35.0, 4.5)	(36.0, 7.0)	(37.0, 9.0)	(38.0, 13.0)	(39.0, 16.0)	(40.0, 14.5)	(41.0, 18.0)	(42.0, 29.5)	(43.0, 113.0)	(44.0, 543.5)	(45.0, 615.5)	(46.0, 254.0)	(47.0, 1267.0)	(48.0, 1329.0)	(49.0, 205.0)	(50.0, 389.0)	(51.0, 789.0)	(52.0, 2860.0)	(53.0, 4914.0)	(54.0, 3718.5)	(55.0, 2229.5)	(56.0, 5455.5)	(57.0, 5605.5)	(58.0, 2750.0)	(59.0, 1867.0)	(60.0, 449.5)	(61.0, 229.0)	(62.0, 70.0)	(63.0, 3.5)	(64.0, 1.5)	(65.0, 3.5)	(66.0, 3.5)	(67.0, 1.5)	(68.0, 1.5)	(69.0, 3.5)	(70.0, 29.5)	(71.0, 28.0)	(72.0, 1.0)	(73.0, 0.0)	(74.0, 0.0)	(75.0, 0.0)	(76.0, 0.0)	(77.0, 0.0)	(78.0, 0.0)	(79.0, 0.0)	(80.0, 0.0)	(81.0, 0.0)	(82.0, 0.0)	(83.0, 0.0)	(84.0, 0.0)	(85.0, 0.0)	(86.0, 0.0)	(87.0, 0.0)	(88.0, 0.0)	(89.0, 0.0)	(90.0, 0.0)	(91.0, 0.0)	(92.0, 0.0)	(93.0, 0.0)	(94.0, 0.0)	(95.0, 0.0)	(96.0, 0.0)	(97.0, 0.0)	(98.0, 0.0)	(99.0, 0.0)	(100.0, 0.0)
SRR15702552_2	(0.0, 0.0)	(1.0, 0.0)	(2.0, 0.0)	(3.0, 0.0)	(4.0, 0.0)	(5.0, 0.0)	(6.0, 0.0)	(7.0, 0.0)	(8.0, 0.0)	(9.0, 0.0)	(10.0, 0.0)	(11.0, 0.0)	(12.0, 0.0)	(13.0, 0.0)	(14.0, 0.0)	(15.0, 0.0)	(16.0, 0.0)	(17.0, 0.0)	(18.0, 0.0)	(19.0, 0.0)	(20.0, 0.0)	(21.0, 0.0)	(22.0, 0.0)	(23.0, 0.0)	(24.0, 0.0)	(25.0, 0.0)	(26.0, 0.0)	(27.0, 0.0)	(28.0, 0.0)	(29.0, 0.0)	(30.0, 0.0)	(31.0, 0.0)	(32.0, 0.0)	(33.0, 0.0)	(34.0, 0.0)	(35.0, 0.0)	(36.0, 0.0)	(37.0, 0.0)	(38.0, 0.0)	(39.0, 0.0)	(40.0, 0.0)	(41.0, 0.0)	(42.0, 0.0)	(43.0, 3.5)	(44.0, 11.0)	(45.0, 17.5)	(46.0, 26.0)	(47.0, 56.5)	(48.0, 222.0)	(49.0, 1926.0)	(50.0, 1937.0)	(51.0, 238.5)	(52.0, 173.5)	(53.0, 711.0)	(54.0, 2310.5)	(55.0, 6351.5)	(56.0, 6474.0)	(57.0, 4994.5)	(58.0, 5446.0)	(59.0, 3209.5)	(60.0, 1035.0)	(61.0, 338.0)	(62.0, 248.0)	(63.0, 42.5)	(64.0, 8.5)	(65.0, 3.5)	(66.0, 1.5)	(67.0, 3.5)	(68.0, 28.5)	(69.0, 26.5)	(70.0, 1.0)	(71.0, 0.0)	(72.0, 0.0)	(73.0, 0.0)	(74.0, 0.0)	(75.0, 0.0)	(76.0, 0.0)	(77.0, 0.0)	(78.0, 0.0)	(79.0, 0.0)	(80.0, 0.0)	(81.0, 0.0)	(82.0, 0.0)	(83.0, 0.0)	(84.0, 0.0)	(85.0, 0.0)	(86.0, 0.0)	(87.0, 0.0)	(88.0, 0.0)	(89.0, 0.0)	(90.0, 0.0)	(91.0, 0.0)	(92.0, 0.0)	(93.0, 0.0)	(94.0, 0.0)	(95.0, 0.0)	(96.0, 0.0)	(97.0, 0.0)	(98.0, 0.0)	(99.0, 0.0)	(100.0, 0.0)
SRR15702554_1	(0.0, 0.0)	(1.0, 0.0)	(2.0, 0.0)	(3.0, 0.0)	(4.0, 0.0)	(5.0, 0.0)	(6.0, 0.0)	(7.0, 0.0)	(8.0, 0.0)	(9.0, 0.0)	(10.0, 0.0)	(11.0, 0.0)	(12.0, 0.0)	(13.0, 0.0)	(14.0, 0.0)	(15.0, 0.0)	(16.0, 0.0)	(17.0, 0.0)	(18.0, 0.0)	(19.0, 0.0)	(20.0, 0.0)	(21.0, 0.0)	(22.0, 0.0)	(23.0, 0.0)	(24.0, 0.0)	(25.0, 0.0)	(26.0, 0.0)	(27.0, 0.0)	(28.0, 0.0)	(29.0, 0.0)	(30.0, 0.0)	(31.0, 0.0)	(32.0, 0.5)	(33.0, 0.5)	(34.0, 1.0)	(35.0, 3.0)	(36.0, 6.0)	(37.0, 7.5)	(38.0, 10.0)	(39.0, 16.5)	(40.0, 32.0)	(41.0, 80.5)	(42.0, 182.5)	(43.0, 973.5)	(44.0, 14760.5)	(45.0, 16995.0)	(46.0, 6275.0)	(47.0, 9077.5)	(48.0, 6566.5)	(49.0, 1050.5)	(50.0, 586.5)	(51.0, 566.0)	(52.0, 1920.0)	(53.0, 2370.0)	(54.0, 3162.5)	(55.0, 3876.0)	(56.0, 2952.5)	(57.0, 2279.0)	(58.0, 1594.5)	(59.0, 2268.0)	(60.0, 2167.5)	(61.0, 730.0)	(62.0, 86.0)	(63.0, 12.5)	(64.0, 3.0)	(65.0, 0.5)	(66.0, 0.0)	(67.0, 0.0)	(68.0, 0.0)	(69.0, 1.5)	(70.0, 16.5)	(71.0, 16.5)	(72.0, 1.5)	(73.0, 0.0)	(74.0, 0.0)	(75.0, 0.0)	(76.0, 0.0)	(77.0, 0.0)	(78.0, 0.0)	(79.0, 0.0)	(80.0, 0.0)	(81.0, 0.0)	(82.0, 0.0)	(83.0, 0.0)	(84.0, 0.0)	(85.0, 0.0)	(86.0, 0.0)	(87.0, 0.0)	(88.0, 0.0)	(89.0, 0.0)	(90.0, 0.0)	(91.0, 0.0)	(92.0, 0.0)	(93.0, 0.0)	(94.0, 0.0)	(95.0, 0.0)	(96.0, 0.0)	(97.0, 0.0)	(98.0, 0.0)	(99.0, 0.0)	(100.0, 0.0)
SRR15702554_2	(0.0, 0.0)	(1.0, 0.0)	(2.0, 0.0)	(3.0, 0.0)	(4.0, 0.0)	(5.0, 0.0)	(6.0, 0.0)	(7.0, 0.0)	(8.0, 0.0)	(9.0, 0.0)	(10.0, 0.0)	(11.0, 0.0)	(12.0, 0.0)	(13.0, 0.0)	(14.0, 0.0)	(15.0, 0.0)	(16.0, 0.0)	(17.0, 0.0)	(18.0, 0.0)	(19.0, 0.0)	(20.0, 0.0)	(21.0, 0.0)	(22.0, 0.0)	(23.0, 0.0)	(24.0, 0.0)	(25.0, 0.0)	(26.0, 0.0)	(27.0, 0.0)	(28.0, 0.0)	(29.0, 0.0)	(30.0, 0.0)	(31.0, 0.0)	(32.0, 0.0)	(33.0, 0.0)	(34.0, 0.0)	(35.0, 1.0)	(36.0, 1.0)	(37.0, 1.5)	(38.0, 1.5)	(39.0, 0.0)	(40.0, 0.0)	(41.0, 2.5)	(42.0, 7.5)	(43.0, 15.5)	(44.0, 44.5)	(45.0, 131.0)	(46.0, 528.5)	(47.0, 6046.0)	(48.0, 7787.0)	(49.0, 19732.0)	(50.0, 18969.0)	(51.0, 1700.5)	(52.0, 673.5)	(53.0, 1128.5)	(54.0, 2063.0)	(55.0, 5185.0)	(56.0, 5628.5)	(57.0, 2722.0)	(58.0, 1691.0)	(59.0, 1782.0)	(60.0, 1277.0)	(61.0, 1758.0)	(62.0, 1619.5)	(63.0, 96.5)	(64.0, 11.0)	(65.0, 2.0)	(66.0, 1.5)	(67.0, 0.5)	(68.0, 18.0)	(69.0, 18.0)	(70.0, 0.5)	(71.0, 0.0)	(72.0, 0.0)	(73.0, 0.0)	(74.0, 0.0)	(75.0, 0.0)	(76.0, 0.0)	(77.0, 0.0)	(78.0, 0.0)	(79.0, 0.0)	(80.0, 0.0)	(81.0, 0.0)	(82.0, 0.0)	(83.0, 0.0)	(84.0, 0.0)	(85.0, 0.0)	(86.0, 0.5)	(87.0, 0.5)	(88.0, 0.0)	(89.0, 0.0)	(90.0, 0.0)	(91.0, 0.0)	(92.0, 0.0)	(93.0, 0.0)	(94.0, 0.0)	(95.0, 0.0)	(96.0, 0.0)	(97.0, 0.0)	(98.0, 0.0)	(99.0, 0.0)	(100.0, 1.5)
SRR15702556_1	(0.0, 0.0)	(1.0, 0.0)	(2.0, 0.0)	(3.0, 0.0)	(4.0, 0.0)	(5.0, 0.0)	(6.0, 0.0)	(7.0, 0.0)	(8.0, 0.0)	(9.0, 0.0)	(10.0, 0.0)	(11.0, 0.0)	(12.0, 0.0)	(13.0, 0.0)	(14.0, 0.0)	(15.0, 0.0)	(16.0, 0.0)	(17.0, 0.0)	(18.0, 0.0)	(19.0, 0.0)	(20.0, 0.0)	(21.0, 0.0)	(22.0, 0.0)	(23.0, 0.0)	(24.0, 0.0)	(25.0, 0.0)	(26.0, 0.0)	(27.0, 0.0)	(28.0, 0.0)	(29.0, 0.0)	(30.0, 0.0)	(31.0, 0.0)	(32.0, 0.0)	(33.0, 0.0)	(34.0, 0.0)	(35.0, 0.0)	(36.0, 0.5)	(37.0, 1.5)	(38.0, 2.0)	(39.0, 2.5)	(40.0, 4.0)	(41.0, 13.0)	(42.0, 43.5)	(43.0, 488.0)	(44.0, 2572.0)	(45.0, 4537.0)	(46.0, 3374.5)	(47.0, 10479.5)	(48.0, 12150.0)	(49.0, 3555.5)	(50.0, 1623.5)	(51.0, 1076.0)	(52.0, 1543.0)	(53.0, 1620.0)	(54.0, 2232.5)	(55.0, 2235.5)	(56.0, 571.5)	(57.0, 143.5)	(58.0, 143.5)	(59.0, 145.0)	(60.0, 51.5)	(61.0, 19.5)	(62.0, 11.5)	(63.0, 7.0)	(64.0, 0.0)	(65.0, 0.0)	(66.0, 0.0)	(67.0, 0.0)	(68.0, 0.0)	(69.0, 0.0)	(70.0, 0.5)	(71.0, 0.5)	(72.0, 0.0)	(73.0, 0.0)	(74.0, 0.0)	(75.0, 0.0)	(76.0, 0.0)	(77.0, 0.0)	(78.0, 0.0)	(79.0, 0.0)	(80.0, 0.0)	(81.0, 0.0)	(82.0, 0.0)	(83.0, 0.0)	(84.0, 0.0)	(85.0, 0.0)	(86.0, 0.0)	(87.0, 0.0)	(88.0, 0.0)	(89.0, 0.0)	(90.0, 0.0)	(91.0, 0.0)	(92.0, 0.0)	(93.0, 0.0)	(94.0, 0.0)	(95.0, 0.0)	(96.0, 0.0)	(97.0, 0.0)	(98.0, 0.0)	(99.0, 0.0)	(100.0, 0.0)
SRR15702556_2	(0.0, 0.0)	(1.0, 0.0)	(2.0, 0.0)	(3.0, 0.0)	(4.0, 0.0)	(5.0, 0.0)	(6.0, 0.0)	(7.0, 0.0)	(8.0, 0.0)	(9.0, 0.0)	(10.0, 0.0)	(11.0, 0.0)	(12.0, 0.0)	(13.0, 0.0)	(14.0, 0.0)	(15.0, 0.0)	(16.0, 0.0)	(17.0, 0.0)	(18.0, 0.0)	(19.0, 0.0)	(20.0, 0.0)	(21.0, 0.0)	(22.0, 0.0)	(23.0, 0.0)	(24.0, 0.0)	(25.0, 0.0)	(26.0, 0.0)	(27.0, 0.0)	(28.0, 0.0)	(29.0, 0.0)	(30.0, 0.0)	(31.0, 0.0)	(32.0, 0.0)	(33.0, 0.0)	(34.0, 0.0)	(35.0, 0.0)	(36.0, 0.0)	(37.0, 0.0)	(38.0, 0.0)	(39.0, 0.5)	(40.0, 1.0)	(41.0, 1.0)	(42.0, 4.5)	(43.0, 11.0)	(44.0, 20.5)	(45.0, 49.5)	(46.0, 154.5)	(47.0, 613.5)	(48.0, 4132.5)	(49.0, 15668.5)	(50.0, 14343.0)	(51.0, 2594.0)	(52.0, 460.5)	(53.0, 361.0)	(54.0, 471.5)	(55.0, 904.5)	(56.0, 883.0)	(57.0, 493.5)	(58.0, 648.5)	(59.0, 1566.5)	(60.0, 1439.5)	(61.0, 1931.5)	(62.0, 1752.0)	(63.0, 127.5)	(64.0, 11.5)	(65.0, 0.0)	(66.0, 0.5)	(67.0, 0.5)	(68.0, 0.5)	(69.0, 0.5)	(70.0, 0.0)	(71.0, 0.0)	(72.0, 0.0)	(73.0, 0.0)	(74.0, 0.0)	(75.0, 0.0)	(76.0, 0.0)	(77.0, 0.0)	(78.0, 0.0)	(79.0, 0.0)	(80.0, 0.0)	(81.0, 0.0)	(82.0, 0.0)	(83.0, 0.0)	(84.0, 0.0)	(85.0, 0.0)	(86.0, 0.0)	(87.0, 0.0)	(88.0, 0.0)	(89.0, 0.0)	(90.0, 0.0)	(91.0, 0.0)	(92.0, 0.0)	(93.0, 0.0)	(94.0, 0.0)	(95.0, 0.0)	(96.0, 0.5)	(97.0, 0.5)	(98.0, 0.0)	(99.0, 0.0)	(100.0, 0.0)
SRR15702558_1	(0.0, 0.0)	(1.0, 0.0)	(2.0, 0.0)	(3.0, 0.0)	(4.0, 0.0)	(5.0, 0.0)	(6.0, 0.0)	(7.0, 0.0)	(8.0, 0.0)	(9.0, 0.0)	(10.0, 0.0)	(11.0, 0.0)	(12.0, 0.0)	(13.0, 0.0)	(14.0, 0.0)	(15.0, 0.0)	(16.0, 0.0)	(17.0, 0.0)	(18.0, 0.0)	(19.0, 0.0)	(20.0, 0.0)	(21.0, 0.0)	(22.0, 0.0)	(23.0, 0.0)	(24.0, 0.0)	(25.0, 0.0)	(26.0, 0.0)	(27.0, 0.5)	(28.0, 0.5)	(29.0, 0.0)	(30.0, 0.0)	(31.0, 0.0)	(32.0, 0.0)	(33.0, 0.0)	(34.0, 0.0)	(35.0, 0.0)	(36.0, 0.0)	(37.0, 0.5)	(38.0, 0.5)	(39.0, 0.0)	(40.0, 1.0)	(41.0, 2.0)	(42.0, 7.5)	(43.0, 24.5)	(44.0, 344.0)	(45.0, 424.5)	(46.0, 169.0)	(47.0, 146.5)	(48.0, 243.0)	(49.0, 802.0)	(50.0, 2912.0)	(51.0, 3750.5)	(52.0, 6341.5)	(53.0, 6797.5)	(54.0, 2979.0)	(55.0, 1650.5)	(56.0, 1535.5)	(57.0, 1395.5)	(58.0, 2283.5)	(59.0, 2150.5)	(60.0, 483.5)	(61.0, 190.0)	(62.0, 36.0)	(63.0, 2.0)	(64.0, 2.5)	(65.0, 18.0)	(66.0, 16.0)	(67.0, 1.5)	(68.0, 2.0)	(69.0, 2.0)	(70.0, 19.5)	(71.0, 20.0)	(72.0, 2.0)	(73.0, 0.0)	(74.0, 0.0)	(75.0, 0.0)	(76.0, 0.0)	(77.0, 0.0)	(78.0, 0.0)	(79.0, 0.0)	(80.0, 0.0)	(81.0, 0.0)	(82.0, 0.0)	(83.0, 0.0)	(84.0, 0.0)	(85.0, 0.0)	(86.0, 0.0)	(87.0, 0.0)	(88.0, 0.0)	(89.0, 0.0)	(90.0, 0.0)	(91.0, 0.0)	(92.0, 0.0)	(93.0, 0.0)	(94.0, 0.0)	(95.0, 0.0)	(96.0, 0.0)	(97.0, 0.0)	(98.0, 0.0)	(99.0, 0.0)	(100.0, 0.0)
SRR15702558_2	(0.0, 0.0)	(1.0, 0.0)	(2.0, 0.0)	(3.0, 0.0)	(4.0, 0.0)	(5.0, 0.0)	(6.0, 0.0)	(7.0, 0.0)	(8.0, 0.0)	(9.0, 0.0)	(10.0, 0.0)	(11.0, 0.0)	(12.0, 0.0)	(13.0, 0.0)	(14.0, 0.0)	(15.0, 0.0)	(16.0, 0.0)	(17.0, 0.0)	(18.0, 0.0)	(19.0, 0.0)	(20.0, 0.0)	(21.0, 0.0)	(22.0, 0.0)	(23.0, 0.0)	(24.0, 0.0)	(25.0, 0.0)	(26.0, 0.0)	(27.0, 0.0)	(28.0, 0.0)	(29.0, 0.0)	(30.0, 0.0)	(31.0, 0.0)	(32.0, 0.0)	(33.0, 0.0)	(34.0, 0.0)	(35.0, 0.0)	(36.0, 0.0)	(37.0, 0.0)	(38.0, 0.0)	(39.0, 0.0)	(40.0, 0.0)	(41.0, 0.5)	(42.0, 0.5)	(43.0, 0.5)	(44.0, 0.5)	(45.0, 0.5)	(46.0, 9.5)	(47.0, 37.0)	(48.0, 127.0)	(49.0, 671.5)	(50.0, 680.0)	(51.0, 417.0)	(52.0, 423.0)	(53.0, 463.0)	(54.0, 1312.0)	(55.0, 3540.5)	(56.0, 4535.0)	(57.0, 3321.0)	(58.0, 5387.5)	(59.0, 8121.0)	(60.0, 4599.0)	(61.0, 705.0)	(62.0, 259.0)	(63.0, 73.5)	(64.0, 19.0)	(65.0, 3.0)	(66.0, 5.0)	(67.0, 8.5)	(68.0, 20.5)	(69.0, 15.5)	(70.0, 0.5)	(71.0, 0.0)	(72.0, 0.0)	(73.0, 0.0)	(74.0, 0.0)	(75.0, 0.0)	(76.0, 0.0)	(77.0, 0.0)	(78.0, 0.0)	(79.0, 0.0)	(80.0, 0.0)	(81.0, 0.0)	(82.0, 0.0)	(83.0, 0.0)	(84.0, 0.0)	(85.0, 0.0)	(86.0, 0.0)	(87.0, 0.0)	(88.0, 0.0)	(89.0, 0.0)	(90.0, 0.0)	(91.0, 0.0)	(92.0, 0.0)	(93.0, 0.0)	(94.0, 0.0)	(95.0, 0.0)	(96.0, 0.0)	(97.0, 0.0)	(98.0, 0.0)	(99.0, 0.5)	(100.0, 0.5)
SRR15702559_1	(0.0, 0.0)	(1.0, 0.0)	(2.0, 0.0)	(3.0, 0.0)	(4.0, 0.0)	(5.0, 0.0)	(6.0, 0.0)	(7.0, 0.0)	(8.0, 0.0)	(9.0, 0.0)	(10.0, 0.0)	(11.0, 0.0)	(12.0, 0.0)	(13.0, 0.0)	(14.0, 0.0)	(15.0, 0.0)	(16.0, 0.0)	(17.0, 0.0)	(18.0, 0.0)	(19.0, 0.0)	(20.0, 0.0)	(21.0, 0.0)	(22.0, 0.0)	(23.0, 0.0)	(24.0, 0.0)	(25.0, 0.0)	(26.0, 0.0)	(27.0, 0.0)	(28.0, 0.0)	(29.0, 0.0)	(30.0, 0.5)	(31.0, 0.5)	(32.0, 0.0)	(33.0, 0.0)	(34.0, 0.0)	(35.0, 0.0)	(36.0, 0.0)	(37.0, 1.0)	(38.0, 1.5)	(39.0, 1.0)	(40.0, 0.5)	(41.0, 2.0)	(42.0, 12.0)	(43.0, 38.0)	(44.0, 404.0)	(45.0, 1100.5)	(46.0, 1788.0)	(47.0, 1284.0)	(48.0, 379.5)	(49.0, 592.0)	(50.0, 2544.0)	(51.0, 4359.5)	(52.0, 5899.0)	(53.0, 5001.0)	(54.0, 5201.5)	(55.0, 6909.5)	(56.0, 12021.5)	(57.0, 10523.0)	(58.0, 3080.5)	(59.0, 1939.5)	(60.0, 481.5)	(61.0, 69.5)	(62.0, 8.5)	(63.0, 2.0)	(64.0, 0.5)	(65.0, 0.0)	(66.0, 0.0)	(67.0, 0.0)	(68.0, 0.0)	(69.0, 0.0)	(70.0, 0.5)	(71.0, 0.5)	(72.0, 0.0)	(73.0, 0.0)	(74.0, 0.0)	(75.0, 0.0)	(76.0, 0.0)	(77.0, 0.0)	(78.0, 0.0)	(79.0, 0.0)	(80.0, 0.0)	(81.0, 0.0)	(82.0, 0.0)	(83.0, 0.0)	(84.0, 0.0)	(85.0, 0.0)	(86.0, 0.0)	(87.0, 0.0)	(88.0, 0.0)	(89.0, 0.0)	(90.0, 0.0)	(91.0, 0.0)	(92.0, 0.0)	(93.0, 0.0)	(94.0, 0.0)	(95.0, 0.0)	(96.0, 0.0)	(97.0, 0.0)	(98.0, 0.0)	(99.0, 0.0)	(100.0, 0.0)
SRR15702559_2	(0.0, 0.0)	(1.0, 0.0)	(2.0, 0.0)	(3.0, 0.0)	(4.0, 0.0)	(5.0, 0.0)	(6.0, 0.0)	(7.0, 0.0)	(8.0, 0.0)	(9.0, 0.0)	(10.0, 0.0)	(11.0, 0.0)	(12.0, 0.0)	(13.0, 0.0)	(14.0, 0.0)	(15.0, 0.0)	(16.0, 0.0)	(17.0, 0.0)	(18.0, 0.0)	(19.0, 0.0)	(20.0, 0.0)	(21.0, 0.0)	(22.0, 0.0)	(23.0, 0.0)	(24.0, 0.0)	(25.0, 0.0)	(26.0, 0.0)	(27.0, 0.0)	(28.0, 0.0)	(29.0, 0.0)	(30.0, 0.0)	(31.0, 0.0)	(32.0, 0.0)	(33.0, 0.0)	(34.0, 0.0)	(35.0, 0.0)	(36.0, 0.5)	(37.0, 0.5)	(38.0, 4.5)	(39.0, 4.5)	(40.0, 0.0)	(41.0, 0.0)	(42.0, 0.5)	(43.0, 2.5)	(44.0, 5.0)	(45.0, 8.0)	(46.0, 12.0)	(47.0, 41.0)	(48.0, 122.0)	(49.0, 1203.5)	(50.0, 2169.0)	(51.0, 1309.5)	(52.0, 749.0)	(53.0, 2607.5)	(54.0, 6205.5)	(55.0, 8062.5)	(56.0, 14449.0)	(57.0, 17002.0)	(58.0, 7410.0)	(59.0, 1084.5)	(60.0, 359.0)	(61.0, 417.0)	(62.0, 322.5)	(63.0, 78.5)	(64.0, 14.0)	(65.0, 1.0)	(66.0, 0.0)	(67.0, 0.0)	(68.0, 0.0)	(69.0, 0.0)	(70.0, 0.0)	(71.0, 0.0)	(72.0, 0.0)	(73.0, 0.0)	(74.0, 0.0)	(75.0, 0.0)	(76.0, 0.0)	(77.0, 0.0)	(78.0, 0.0)	(79.0, 0.0)	(80.0, 0.0)	(81.0, 0.0)	(82.0, 0.0)	(83.0, 0.0)	(84.0, 0.0)	(85.0, 0.0)	(86.0, 0.0)	(87.0, 0.0)	(88.0, 0.0)	(89.0, 0.0)	(90.0, 0.0)	(91.0, 0.0)	(92.0, 0.0)	(93.0, 0.0)	(94.0, 0.0)	(95.0, 0.0)	(96.0, 0.0)	(97.0, 0.0)	(98.0, 0.0)	(99.0, 1.0)	(100.0, 1.0)
SRR15702560_1	(0.0, 0.0)	(1.0, 0.0)	(2.0, 0.0)	(3.0, 0.0)	(4.0, 0.0)	(5.0, 0.0)	(6.0, 0.0)	(7.0, 0.0)	(8.0, 0.0)	(9.0, 0.0)	(10.0, 0.0)	(11.0, 0.0)	(12.0, 0.0)	(13.0, 0.0)	(14.0, 0.0)	(15.0, 0.0)	(16.0, 0.0)	(17.0, 0.0)	(18.0, 0.0)	(19.0, 0.0)	(20.0, 0.0)	(21.0, 0.0)	(22.0, 0.0)	(23.0, 0.0)	(24.0, 0.0)	(25.0, 0.0)	(26.0, 0.0)	(27.0, 0.0)	(28.0, 0.0)	(29.0, 0.0)	(30.0, 0.0)	(31.0, 0.0)	(32.0, 0.0)	(33.0, 0.0)	(34.0, 0.0)	(35.0, 0.0)	(36.0, 0.0)	(37.0, 0.5)	(38.0, 1.0)	(39.0, 1.0)	(40.0, 3.5)	(41.0, 9.0)	(42.0, 29.0)	(43.0, 185.0)	(44.0, 2359.0)	(45.0, 4513.5)	(46.0, 2886.0)	(47.0, 1618.0)	(48.0, 1202.5)	(49.0, 250.0)	(50.0, 261.5)	(51.0, 828.0)	(52.0, 4548.5)	(53.0, 6891.5)	(54.0, 10539.0)	(55.0, 11850.0)	(56.0, 5687.5)	(57.0, 2296.5)	(58.0, 5052.5)	(59.0, 6066.5)	(60.0, 2668.0)	(61.0, 883.0)	(62.0, 202.5)	(63.0, 52.0)	(64.0, 4.5)	(65.0, 0.5)	(66.0, 0.5)	(67.0, 3.0)	(68.0, 7.5)	(69.0, 28.0)	(70.0, 162.5)	(71.0, 150.5)	(72.0, 12.0)	(73.0, 1.0)	(74.0, 0.0)	(75.0, 0.0)	(76.0, 0.0)	(77.0, 0.0)	(78.0, 0.5)	(79.0, 0.5)	(80.0, 0.0)	(81.0, 0.0)	(82.0, 0.0)	(83.0, 0.0)	(84.0, 0.0)	(85.0, 0.0)	(86.0, 0.0)	(87.0, 0.0)	(88.0, 0.0)	(89.0, 0.0)	(90.0, 0.5)	(91.0, 0.5)	(92.0, 0.0)	(93.0, 0.0)	(94.0, 0.0)	(95.0, 0.0)	(96.0, 0.0)	(97.0, 0.0)	(98.0, 0.0)	(99.0, 0.0)	(100.0, 0.0)
SRR15702560_2	(0.0, 0.0)	(1.0, 0.0)	(2.0, 0.0)	(3.0, 0.0)	(4.0, 0.0)	(5.0, 0.0)	(6.0, 0.0)	(7.0, 0.0)	(8.0, 0.0)	(9.0, 0.0)	(10.0, 0.0)	(11.0, 0.0)	(12.0, 0.0)	(13.0, 0.0)	(14.0, 0.0)	(15.0, 0.0)	(16.0, 0.0)	(17.0, 0.0)	(18.0, 0.0)	(19.0, 0.0)	(20.0, 0.0)	(21.0, 0.0)	(22.0, 0.0)	(23.0, 0.0)	(24.0, 0.0)	(25.0, 0.0)	(26.0, 0.0)	(27.0, 0.0)	(28.0, 0.0)	(29.0, 0.0)	(30.0, 0.0)	(31.0, 0.0)	(32.0, 0.0)	(33.0, 0.0)	(34.0, 0.0)	(35.0, 0.0)	(36.0, 0.0)	(37.0, 0.0)	(38.0, 5.0)	(39.0, 6.5)	(40.0, 1.5)	(41.0, 0.5)	(42.0, 0.5)	(43.0, 2.0)	(44.0, 8.0)	(45.0, 29.5)	(46.0, 88.5)	(47.0, 709.0)	(48.0, 2507.5)	(49.0, 5014.0)	(50.0, 3843.0)	(51.0, 876.0)	(52.0, 445.0)	(53.0, 1473.5)	(54.0, 5176.5)	(55.0, 13318.5)	(56.0, 13091.5)	(57.0, 8160.5)	(58.0, 5412.0)	(59.0, 2499.5)	(60.0, 1965.5)	(61.0, 3068.0)	(62.0, 2835.0)	(63.0, 283.5)	(64.0, 75.5)	(65.0, 18.5)	(66.0, 9.0)	(67.0, 26.0)	(68.0, 154.5)	(69.0, 141.0)	(70.0, 8.5)	(71.0, 0.5)	(72.0, 0.5)	(73.0, 0.5)	(74.0, 0.0)	(75.0, 0.0)	(76.0, 0.0)	(77.0, 0.0)	(78.0, 0.0)	(79.0, 0.0)	(80.0, 0.0)	(81.0, 0.0)	(82.0, 0.5)	(83.0, 0.5)	(84.0, 0.0)	(85.0, 0.5)	(86.0, 0.5)	(87.0, 0.0)	(88.0, 0.0)	(89.0, 0.0)	(90.0, 0.0)	(91.0, 0.0)	(92.0, 0.0)	(93.0, 0.0)	(94.0, 0.0)	(95.0, 0.0)	(96.0, 0.0)	(97.0, 0.0)	(98.0, 0.0)	(99.0, 0.0)	(100.0, 0.0)
SRR15702561_1	(0.0, 0.0)	(1.0, 0.0)	(2.0, 0.0)	(3.0, 0.0)	(4.0, 0.0)	(5.0, 0.0)	(6.0, 0.0)	(7.0, 0.0)	(8.0, 0.0)	(9.0, 0.0)	(10.0, 0.0)	(11.0, 0.0)	(12.0, 0.0)	(13.0, 0.0)	(14.0, 0.0)	(15.0, 0.0)	(16.0, 0.0)	(17.0, 0.0)	(18.0, 0.0)	(19.0, 0.0)	(20.0, 0.0)	(21.0, 0.0)	(22.0, 0.0)	(23.0, 0.0)	(24.0, 0.0)	(25.0, 0.0)	(26.0, 0.0)	(27.0, 0.0)	(28.0, 0.0)	(29.0, 0.0)	(30.0, 0.0)	(31.0, 0.0)	(32.0, 0.0)	(33.0, 0.0)	(34.0, 0.0)	(35.0, 0.0)	(36.0, 0.0)	(37.0, 0.5)	(38.0, 1.0)	(39.0, 1.0)	(40.0, 1.0)	(41.0, 2.0)	(42.0, 3.0)	(43.0, 4.0)	(44.0, 13.5)	(45.0, 66.5)	(46.0, 72.5)	(47.0, 37.0)	(48.0, 86.5)	(49.0, 708.0)	(50.0, 1503.0)	(51.0, 1666.5)	(52.0, 3805.0)	(53.0, 3516.0)	(54.0, 2250.0)	(55.0, 2253.0)	(56.0, 1440.5)	(57.0, 1201.0)	(58.0, 884.5)	(59.0, 1601.5)	(60.0, 1072.0)	(61.0, 79.5)	(62.0, 4.5)	(63.0, 0.5)	(64.0, 0.0)	(65.0, 0.0)	(66.0, 0.0)	(67.0, 0.0)	(68.0, 0.0)	(69.0, 0.0)	(70.0, 0.0)	(71.0, 0.0)	(72.0, 0.0)	(73.0, 0.0)	(74.0, 0.0)	(75.0, 0.0)	(76.0, 0.0)	(77.0, 0.0)	(78.0, 0.0)	(79.0, 0.0)	(80.0, 0.0)	(81.0, 0.0)	(82.0, 0.0)	(83.0, 0.0)	(84.0, 0.0)	(85.0, 0.0)	(86.0, 0.0)	(87.0, 0.0)	(88.0, 0.0)	(89.0, 0.0)	(90.0, 0.0)	(91.0, 0.0)	(92.0, 0.0)	(93.0, 0.0)	(94.0, 0.0)	(95.0, 0.0)	(96.0, 0.0)	(97.0, 0.0)	(98.0, 0.0)	(99.0, 0.0)	(100.0, 0.0)
SRR15702561_2	(0.0, 0.0)	(1.0, 0.0)	(2.0, 0.0)	(3.0, 0.0)	(4.0, 0.0)	(5.0, 0.0)	(6.0, 0.0)	(7.0, 0.0)	(8.0, 0.0)	(9.0, 0.0)	(10.0, 0.0)	(11.0, 0.0)	(12.0, 0.0)	(13.0, 0.0)	(14.0, 0.0)	(15.0, 0.0)	(16.0, 0.0)	(17.0, 0.0)	(18.0, 0.0)	(19.0, 0.0)	(20.0, 0.0)	(21.0, 0.0)	(22.0, 0.0)	(23.0, 0.0)	(24.0, 0.0)	(25.0, 0.0)	(26.0, 0.0)	(27.0, 0.0)	(28.0, 0.0)	(29.0, 0.0)	(30.0, 0.0)	(31.0, 0.0)	(32.0, 0.0)	(33.0, 0.0)	(34.0, 0.0)	(35.0, 0.0)	(36.0, 0.0)	(37.0, 0.0)	(38.0, 0.0)	(39.0, 0.0)	(40.0, 0.0)	(41.0, 0.0)	(42.0, 0.0)	(43.0, 1.5)	(44.0, 2.5)	(45.0, 2.5)	(46.0, 4.5)	(47.0, 5.0)	(48.0, 12.0)	(49.0, 82.5)	(50.0, 88.0)	(51.0, 32.0)	(52.0, 72.0)	(53.0, 225.0)	(54.0, 1963.5)	(55.0, 5083.5)	(56.0, 5714.5)	(57.0, 5194.0)	(58.0, 3018.5)	(59.0, 309.0)	(60.0, 145.0)	(61.0, 189.5)	(62.0, 114.0)	(63.0, 10.5)	(64.0, 1.0)	(65.0, 0.5)	(66.0, 0.0)	(67.0, 0.0)	(68.0, 0.0)	(69.0, 0.0)	(70.0, 0.0)	(71.0, 0.0)	(72.0, 0.0)	(73.0, 0.0)	(74.0, 0.5)	(75.0, 0.5)	(76.0, 0.0)	(77.0, 0.0)	(78.0, 0.0)	(79.0, 0.0)	(80.0, 0.5)	(81.0, 0.5)	(82.0, 0.0)	(83.0, 0.0)	(84.0, 0.0)	(85.0, 0.0)	(86.0, 0.0)	(87.0, 0.0)	(88.0, 0.0)	(89.0, 0.0)	(90.0, 0.0)	(91.0, 0.0)	(92.0, 0.0)	(93.0, 0.0)	(94.0, 0.0)	(95.0, 0.0)	(96.0, 0.0)	(97.0, 0.0)	(98.0, 0.0)	(99.0, 0.0)	(100.0, 0.5)
SRR15702562_1	(0.0, 0.0)	(1.0, 0.0)	(2.0, 0.0)	(3.0, 0.0)	(4.0, 0.0)	(5.0, 0.0)	(6.0, 0.0)	(7.0, 0.0)	(8.0, 0.0)	(9.0, 0.0)	(10.0, 0.0)	(11.0, 0.0)	(12.0, 0.0)	(13.0, 0.0)	(14.0, 0.0)	(15.0, 0.0)	(16.0, 0.0)	(17.0, 0.0)	(18.0, 0.0)	(19.0, 0.0)	(20.0, 0.0)	(21.0, 0.0)	(22.0, 0.0)	(23.0, 0.0)	(24.0, 0.0)	(25.0, 0.0)	(26.0, 0.0)	(27.0, 0.0)	(28.0, 0.0)	(29.0, 0.0)	(30.0, 0.0)	(31.0, 0.0)	(32.0, 0.0)	(33.0, 0.0)	(34.0, 0.0)	(35.0, 0.5)	(36.0, 1.0)	(37.0, 0.5)	(38.0, 0.5)	(39.0, 2.5)	(40.0, 11.0)	(41.0, 30.5)	(42.0, 110.5)	(43.0, 930.0)	(44.0, 15200.0)	(45.0, 16173.5)	(46.0, 1991.5)	(47.0, 265.0)	(48.0, 754.0)	(49.0, 1293.5)	(50.0, 920.0)	(51.0, 822.5)	(52.0, 924.5)	(53.0, 1050.0)	(54.0, 3807.5)	(55.0, 5469.5)	(56.0, 3187.0)	(57.0, 1493.0)	(58.0, 1937.5)	(59.0, 2418.5)	(60.0, 1245.5)	(61.0, 296.0)	(62.0, 188.0)	(63.0, 34.5)	(64.0, 2.5)	(65.0, 1.0)	(66.0, 0.0)	(67.0, 0.0)	(68.0, 0.0)	(69.0, 0.0)	(70.0, 0.0)	(71.0, 0.0)	(72.0, 0.0)	(73.0, 0.0)	(74.0, 0.0)	(75.0, 0.0)	(76.0, 0.0)	(77.0, 0.0)	(78.0, 0.0)	(79.0, 0.0)	(80.0, 0.0)	(81.0, 0.0)	(82.0, 0.0)	(83.0, 0.0)	(84.0, 0.0)	(85.0, 0.0)	(86.0, 0.0)	(87.0, 0.0)	(88.0, 0.0)	(89.0, 0.0)	(90.0, 0.0)	(91.0, 0.0)	(92.0, 0.0)	(93.0, 0.0)	(94.0, 0.0)	(95.0, 0.0)	(96.0, 0.0)	(97.0, 0.0)	(98.0, 0.0)	(99.0, 0.0)	(100.0, 0.0)
SRR15702562_2	(0.0, 0.0)	(1.0, 0.0)	(2.0, 0.0)	(3.0, 0.0)	(4.0, 0.0)	(5.0, 0.0)	(6.0, 0.0)	(7.0, 0.0)	(8.0, 0.0)	(9.0, 0.0)	(10.0, 0.0)	(11.0, 0.0)	(12.0, 0.0)	(13.0, 0.0)	(14.0, 0.0)	(15.0, 0.0)	(16.0, 0.0)	(17.0, 0.0)	(18.0, 0.0)	(19.0, 0.0)	(20.0, 0.0)	(21.0, 0.0)	(22.0, 0.0)	(23.0, 0.0)	(24.0, 0.0)	(25.0, 0.0)	(26.0, 0.0)	(27.0, 0.0)	(28.0, 0.0)	(29.0, 0.0)	(30.0, 0.0)	(31.0, 0.0)	(32.0, 0.0)	(33.0, 0.0)	(34.0, 0.0)	(35.0, 0.5)	(36.0, 0.5)	(37.0, 0.0)	(38.0, 3.0)	(39.0, 3.0)	(40.0, 0.5)	(41.0, 1.0)	(42.0, 2.5)	(43.0, 11.5)	(44.0, 27.0)	(45.0, 61.0)	(46.0, 147.5)	(47.0, 394.5)	(48.0, 1490.5)	(49.0, 16101.5)	(50.0, 16191.5)	(51.0, 1530.0)	(52.0, 489.5)	(53.0, 1012.5)	(54.0, 3277.5)	(55.0, 5465.0)	(56.0, 4909.0)	(57.0, 3127.5)	(58.0, 2364.0)	(59.0, 1403.5)	(60.0, 353.0)	(61.0, 1077.0)	(62.0, 1005.5)	(63.0, 90.0)	(64.0, 19.0)	(65.0, 2.0)	(66.0, 0.0)	(67.0, 0.0)	(68.0, 0.0)	(69.0, 0.0)	(70.0, 0.0)	(71.0, 0.0)	(72.0, 0.0)	(73.0, 0.0)	(74.0, 0.0)	(75.0, 0.0)	(76.0, 0.0)	(77.0, 0.0)	(78.0, 0.0)	(79.0, 0.0)	(80.0, 0.0)	(81.0, 0.0)	(82.0, 0.0)	(83.0, 0.0)	(84.0, 0.0)	(85.0, 0.0)	(86.0, 0.0)	(87.0, 0.0)	(88.0, 0.0)	(89.0, 0.0)	(90.0, 0.0)	(91.0, 0.5)	(92.0, 0.5)	(93.0, 0.0)	(94.0, 0.0)	(95.0, 0.0)	(96.0, 0.0)	(97.0, 0.0)	(98.0, 0.0)	(99.0, 0.0)	(100.0, 0.0)
SRR15702563_1	(0.0, 0.0)	(1.0, 0.0)	(2.0, 0.0)	(3.0, 0.0)	(4.0, 0.0)	(5.0, 0.0)	(6.0, 0.0)	(7.0, 0.0)	(8.0, 0.0)	(9.0, 0.0)	(10.0, 0.0)	(11.0, 0.0)	(12.0, 0.0)	(13.0, 0.0)	(14.0, 0.0)	(15.0, 0.0)	(16.0, 0.0)	(17.0, 0.0)	(18.0, 0.0)	(19.0, 0.0)	(20.0, 0.0)	(21.0, 0.0)	(22.0, 0.0)	(23.0, 0.0)	(24.0, 0.0)	(25.0, 0.5)	(26.0, 0.5)	(27.0, 0.0)	(28.0, 0.0)	(29.0, 0.0)	(30.0, 0.0)	(31.0, 0.0)	(32.0, 0.0)	(33.0, 0.0)	(34.0, 0.0)	(35.0, 0.0)	(36.0, 0.0)	(37.0, 0.0)	(38.0, 1.0)	(39.0, 2.0)	(40.0, 3.5)	(41.0, 10.0)	(42.0, 29.5)	(43.0, 40.0)	(44.0, 71.0)	(45.0, 437.5)	(46.0, 5922.0)	(47.0, 6291.5)	(48.0, 894.0)	(49.0, 329.0)	(50.0, 375.5)	(51.0, 813.0)	(52.0, 1701.0)	(53.0, 1761.0)	(54.0, 2521.5)	(55.0, 3361.5)	(56.0, 5843.0)	(57.0, 5136.0)	(58.0, 2178.5)	(59.0, 1797.5)	(60.0, 526.5)	(61.0, 217.5)	(62.0, 166.0)	(63.0, 40.0)	(64.0, 13.5)	(65.0, 86.0)	(66.0, 100.0)	(67.0, 40.5)	(68.0, 35.0)	(69.0, 134.0)	(70.0, 800.0)	(71.0, 747.5)	(72.0, 64.5)	(73.0, 1.5)	(74.0, 0.0)	(75.0, 0.0)	(76.0, 0.0)	(77.0, 0.0)	(78.0, 0.0)	(79.0, 0.0)	(80.0, 0.0)	(81.0, 0.0)	(82.0, 0.0)	(83.0, 0.0)	(84.0, 0.0)	(85.0, 0.0)	(86.0, 0.0)	(87.0, 0.0)	(88.0, 0.0)	(89.0, 0.0)	(90.0, 0.0)	(91.0, 0.0)	(92.0, 0.0)	(93.0, 0.0)	(94.0, 0.0)	(95.0, 0.0)	(96.0, 0.0)	(97.0, 0.0)	(98.0, 0.0)	(99.0, 0.0)	(100.0, 0.0)
SRR15702563_2	(0.0, 0.0)	(1.0, 0.0)	(2.0, 0.0)	(3.0, 0.0)	(4.0, 0.0)	(5.0, 0.0)	(6.0, 0.0)	(7.0, 0.0)	(8.0, 0.0)	(9.0, 0.0)	(10.0, 0.0)	(11.0, 0.0)	(12.0, 0.0)	(13.0, 0.0)	(14.0, 0.0)	(15.0, 0.0)	(16.0, 0.0)	(17.0, 0.0)	(18.0, 0.0)	(19.0, 0.0)	(20.0, 0.0)	(21.0, 0.0)	(22.0, 0.0)	(23.0, 0.0)	(24.0, 0.0)	(25.0, 0.0)	(26.0, 0.0)	(27.0, 0.0)	(28.0, 0.0)	(29.0, 0.0)	(30.0, 0.0)	(31.0, 0.0)	(32.0, 0.0)	(33.0, 0.0)	(34.0, 0.0)	(35.0, 0.0)	(36.0, 0.5)	(37.0, 2.0)	(38.0, 15.0)	(39.0, 17.0)	(40.0, 3.5)	(41.0, 0.0)	(42.0, 0.5)	(43.0, 1.5)	(44.0, 3.5)	(45.0, 11.5)	(46.0, 27.5)	(47.0, 79.5)	(48.0, 366.5)	(49.0, 5874.0)	(50.0, 6308.5)	(51.0, 955.0)	(52.0, 385.5)	(53.0, 843.5)	(54.0, 2714.5)	(55.0, 8260.5)	(56.0, 8100.0)	(57.0, 3081.5)	(58.0, 1857.5)	(59.0, 874.5)	(60.0, 331.0)	(61.0, 235.5)	(62.0, 220.0)	(63.0, 111.0)	(64.0, 34.0)	(65.0, 30.0)	(66.0, 38.5)	(67.0, 120.0)	(68.0, 797.0)	(69.0, 745.5)	(70.0, 42.5)	(71.0, 3.5)	(72.0, 0.0)	(73.0, 0.0)	(74.0, 0.0)	(75.0, 0.0)	(76.0, 0.0)	(77.0, 0.0)	(78.0, 0.0)	(79.0, 0.0)	(80.0, 0.0)	(81.0, 0.0)	(82.0, 0.0)	(83.0, 0.0)	(84.0, 0.0)	(85.0, 0.0)	(86.0, 0.0)	(87.0, 0.0)	(88.0, 0.0)	(89.0, 0.0)	(90.0, 0.0)	(91.0, 0.0)	(92.0, 0.0)	(93.0, 0.0)	(94.0, 0.0)	(95.0, 0.0)	(96.0, 0.0)	(97.0, 0.0)	(98.0, 0.0)	(99.0, 0.0)	(100.0, 0.5)
SRR15702564_1	(0.0, 0.0)	(1.0, 0.0)	(2.0, 0.0)	(3.0, 0.0)	(4.0, 0.0)	(5.0, 0.0)	(6.0, 0.0)	(7.0, 0.0)	(8.0, 0.0)	(9.0, 0.0)	(10.0, 0.0)	(11.0, 0.0)	(12.0, 0.0)	(13.0, 0.0)	(14.0, 0.0)	(15.0, 0.0)	(16.0, 0.0)	(17.0, 0.0)	(18.0, 0.0)	(19.0, 0.0)	(20.0, 0.0)	(21.0, 0.0)	(22.0, 0.0)	(23.0, 0.0)	(24.0, 0.0)	(25.0, 0.0)	(26.0, 0.0)	(27.0, 0.0)	(28.0, 0.0)	(29.0, 0.0)	(30.0, 0.0)	(31.0, 0.0)	(32.0, 0.0)	(33.0, 0.0)	(34.0, 0.0)	(35.0, 0.0)	(36.0, 0.0)	(37.0, 0.0)	(38.0, 0.0)	(39.0, 0.0)	(40.0, 1.0)	(41.0, 16.5)	(42.0, 28.5)	(43.0, 82.0)	(44.0, 871.5)	(45.0, 1227.0)	(46.0, 976.5)	(47.0, 996.0)	(48.0, 685.5)	(49.0, 518.5)	(50.0, 1475.0)	(51.0, 1834.5)	(52.0, 3713.5)	(53.0, 5264.0)	(54.0, 8413.5)	(55.0, 9369.5)	(56.0, 4824.0)	(57.0, 2201.0)	(58.0, 860.5)	(59.0, 2064.5)	(60.0, 2330.5)	(61.0, 710.0)	(62.0, 275.5)	(63.0, 197.0)	(64.0, 25.5)	(65.0, 0.5)	(66.0, 0.0)	(67.0, 0.0)	(68.0, 1.5)	(69.0, 1.5)	(70.0, 0.0)	(71.0, 0.0)	(72.0, 0.0)	(73.0, 0.0)	(74.0, 0.0)	(75.0, 0.0)	(76.0, 0.0)	(77.0, 0.0)	(78.0, 0.0)	(79.0, 0.0)	(80.0, 0.0)	(81.0, 0.0)	(82.0, 0.0)	(83.0, 0.0)	(84.0, 0.0)	(85.0, 0.0)	(86.0, 0.0)	(87.0, 0.0)	(88.0, 0.0)	(89.0, 0.0)	(90.0, 0.0)	(91.0, 0.0)	(92.0, 0.0)	(93.0, 0.0)	(94.0, 0.0)	(95.0, 0.0)	(96.0, 0.0)	(97.0, 0.0)	(98.0, 0.0)	(99.0, 0.0)	(100.0, 0.0)
SRR15702564_2	(0.0, 0.0)	(1.0, 0.0)	(2.0, 0.0)	(3.0, 0.0)	(4.0, 0.0)	(5.0, 0.0)	(6.0, 0.0)	(7.0, 0.0)	(8.0, 0.0)	(9.0, 0.0)	(10.0, 0.0)	(11.0, 0.0)	(12.0, 0.0)	(13.0, 0.0)	(14.0, 0.0)	(15.0, 0.0)	(16.0, 0.0)	(17.0, 0.0)	(18.0, 0.0)	(19.0, 0.0)	(20.0, 0.0)	(21.0, 0.0)	(22.0, 0.0)	(23.0, 0.0)	(24.0, 0.0)	(25.0, 0.0)	(26.0, 0.0)	(27.0, 0.0)	(28.0, 0.0)	(29.0, 0.0)	(30.0, 0.0)	(31.0, 0.0)	(32.0, 0.0)	(33.0, 0.0)	(34.0, 0.0)	(35.0, 0.0)	(36.0, 0.0)	(37.0, 0.0)	(38.0, 0.0)	(39.0, 0.0)	(40.0, 0.0)	(41.0, 0.0)	(42.0, 0.0)	(43.0, 2.5)	(44.0, 3.0)	(45.0, 3.0)	(46.0, 17.0)	(47.0, 123.5)	(48.0, 272.0)	(49.0, 1238.5)	(50.0, 1261.5)	(51.0, 401.5)	(52.0, 1053.5)	(53.0, 1639.5)	(54.0, 4066.0)	(55.0, 5823.0)	(56.0, 5504.0)	(57.0, 5241.5)	(58.0, 4621.0)	(59.0, 3276.5)	(60.0, 1679.5)	(61.0, 6019.5)	(62.0, 5771.5)	(63.0, 691.0)	(64.0, 230.5)	(65.0, 21.5)	(66.0, 2.0)	(67.0, 0.5)	(68.0, 0.5)	(69.0, 0.0)	(70.0, 0.0)	(71.0, 0.0)	(72.0, 0.0)	(73.0, 0.0)	(74.0, 0.0)	(75.0, 0.0)	(76.0, 0.0)	(77.0, 0.0)	(78.0, 0.0)	(79.0, 0.0)	(80.0, 0.0)	(81.0, 0.0)	(82.0, 0.0)	(83.0, 0.0)	(84.0, 0.0)	(85.0, 0.0)	(86.0, 0.0)	(87.0, 0.0)	(88.0, 0.0)	(89.0, 0.0)	(90.0, 0.0)	(91.0, 0.0)	(92.0, 0.0)	(93.0, 0.0)	(94.0, 0.0)	(95.0, 0.0)	(96.0, 0.5)	(97.0, 0.5)	(98.0, 0.0)	(99.0, 0.0)	(100.0, 0.0)
SRR15702566_1	(0.0, 0.0)	(1.0, 0.0)	(2.0, 0.0)	(3.0, 0.0)	(4.0, 0.0)	(5.0, 0.0)	(6.0, 0.0)	(7.0, 0.0)	(8.0, 0.0)	(9.0, 0.0)	(10.0, 0.0)	(11.0, 0.0)	(12.0, 0.0)	(13.0, 0.0)	(14.0, 0.0)	(15.0, 0.0)	(16.0, 0.0)	(17.0, 0.0)	(18.0, 0.0)	(19.0, 0.0)	(20.0, 0.5)	(21.0, 0.5)	(22.0, 0.0)	(23.0, 0.0)	(24.0, 0.0)	(25.0, 0.0)	(26.0, 0.0)	(27.0, 0.0)	(28.0, 0.0)	(29.0, 0.0)	(30.0, 0.0)	(31.0, 0.0)	(32.0, 0.0)	(33.0, 0.0)	(34.0, 0.0)	(35.0, 0.5)	(36.0, 1.5)	(37.0, 2.5)	(38.0, 4.5)	(39.0, 14.5)	(40.0, 43.5)	(41.0, 412.5)	(42.0, 634.5)	(43.0, 1638.0)	(44.0, 14631.0)	(45.0, 23030.0)	(46.0, 15734.5)	(47.0, 14437.5)	(48.0, 17745.0)	(49.0, 11130.5)	(50.0, 3887.0)	(51.0, 2790.5)	(52.0, 4128.0)	(53.0, 7342.5)	(54.0, 10212.0)	(55.0, 9173.0)	(56.0, 10123.5)	(57.0, 8419.0)	(58.0, 2217.5)	(59.0, 1311.5)	(60.0, 491.5)	(61.0, 210.0)	(62.0, 77.0)	(63.0, 20.5)	(64.0, 3.0)	(65.0, 2.5)	(66.0, 1.5)	(67.0, 0.0)	(68.0, 3.0)	(69.0, 7.5)	(70.0, 25.0)	(71.0, 21.0)	(72.0, 0.5)	(73.0, 0.0)	(74.0, 0.0)	(75.0, 0.0)	(76.0, 0.0)	(77.0, 0.0)	(78.0, 0.0)	(79.0, 0.0)	(80.0, 0.0)	(81.0, 0.0)	(82.0, 0.0)	(83.0, 0.0)	(84.0, 0.0)	(85.0, 0.0)	(86.0, 0.0)	(87.0, 0.0)	(88.0, 0.0)	(89.0, 0.0)	(90.0, 0.0)	(91.0, 0.0)	(92.0, 0.0)	(93.0, 0.0)	(94.0, 0.0)	(95.0, 0.0)	(96.0, 0.0)	(97.0, 0.0)	(98.0, 0.0)	(99.0, 0.0)	(100.0, 0.0)
SRR15702566_2	(0.0, 0.0)	(1.0, 0.0)	(2.0, 0.0)	(3.0, 0.0)	(4.0, 0.0)	(5.0, 0.0)	(6.0, 0.0)	(7.0, 0.0)	(8.0, 0.0)	(9.0, 0.0)	(10.0, 0.0)	(11.0, 0.0)	(12.0, 0.0)	(13.0, 0.0)	(14.0, 0.0)	(15.0, 0.0)	(16.0, 0.0)	(17.0, 0.0)	(18.0, 0.0)	(19.0, 0.0)	(20.0, 0.0)	(21.0, 0.0)	(22.0, 0.0)	(23.0, 0.0)	(24.0, 0.0)	(25.0, 0.0)	(26.0, 0.0)	(27.0, 0.0)	(28.0, 0.0)	(29.0, 0.0)	(30.0, 0.0)	(31.0, 0.0)	(32.0, 0.0)	(33.0, 0.0)	(34.0, 0.0)	(35.0, 0.0)	(36.0, 0.0)	(37.0, 0.0)	(38.0, 0.0)	(39.0, 0.0)	(40.0, 1.0)	(41.0, 4.5)	(42.0, 13.0)	(43.0, 29.5)	(44.0, 53.5)	(45.0, 145.0)	(46.0, 513.5)	(47.0, 2312.0)	(48.0, 14226.5)	(49.0, 39398.0)	(50.0, 34306.0)	(51.0, 8433.5)	(52.0, 2139.5)	(53.0, 2414.5)	(54.0, 5325.0)	(55.0, 18262.0)	(56.0, 16990.5)	(57.0, 4449.0)	(58.0, 3452.0)	(59.0, 4066.5)	(60.0, 2722.5)	(61.0, 378.0)	(62.0, 170.5)	(63.0, 33.0)	(64.0, 15.5)	(65.0, 5.5)	(66.0, 3.5)	(67.0, 5.5)	(68.0, 27.5)	(69.0, 24.0)	(70.0, 1.0)	(71.0, 0.5)	(72.0, 0.0)	(73.0, 0.0)	(74.0, 0.0)	(75.0, 0.0)	(76.0, 0.0)	(77.0, 0.0)	(78.0, 0.0)	(79.0, 0.0)	(80.0, 0.0)	(81.0, 0.0)	(82.0, 0.0)	(83.0, 0.0)	(84.0, 0.0)	(85.0, 0.0)	(86.0, 0.0)	(87.0, 0.0)	(88.0, 0.0)	(89.0, 0.5)	(90.0, 0.5)	(91.0, 0.0)	(92.0, 0.0)	(93.0, 0.0)	(94.0, 0.0)	(95.0, 0.0)	(96.0, 0.0)	(97.0, 0.5)	(98.0, 0.5)	(99.0, 0.5)	(100.0, 2.5)
SRR15702567_1	(0.0, 0.0)	(1.0, 0.0)	(2.0, 0.0)	(3.0, 0.0)	(4.0, 0.0)	(5.0, 0.0)	(6.0, 0.0)	(7.0, 0.0)	(8.0, 0.0)	(9.0, 0.0)	(10.0, 0.0)	(11.0, 0.0)	(12.0, 0.0)	(13.0, 0.0)	(14.0, 0.0)	(15.0, 0.0)	(16.0, 0.0)	(17.0, 0.0)	(18.0, 0.0)	(19.0, 0.0)	(20.0, 0.0)	(21.0, 0.0)	(22.0, 0.0)	(23.0, 0.0)	(24.0, 0.0)	(25.0, 0.0)	(26.0, 0.0)	(27.0, 0.0)	(28.0, 0.0)	(29.0, 0.0)	(30.0, 0.0)	(31.0, 0.0)	(32.0, 0.0)	(33.0, 0.0)	(34.0, 0.0)	(35.0, 0.0)	(36.0, 0.0)	(37.0, 0.0)	(38.0, 0.0)	(39.0, 0.0)	(40.0, 0.5)	(41.0, 9.5)	(42.0, 17.0)	(43.0, 60.5)	(44.0, 637.5)	(45.0, 1390.5)	(46.0, 891.5)	(47.0, 172.5)	(48.0, 297.5)	(49.0, 1088.5)	(50.0, 4875.0)	(51.0, 4574.5)	(52.0, 1063.0)	(53.0, 1117.0)	(54.0, 1063.5)	(55.0, 954.5)	(56.0, 1243.5)	(57.0, 2936.0)	(58.0, 4545.0)	(59.0, 2723.0)	(60.0, 673.5)	(61.0, 305.5)	(62.0, 26.0)	(63.0, 1.5)	(64.0, 0.0)	(65.0, 0.5)	(66.0, 0.5)	(67.0, 0.0)	(68.0, 0.0)	(69.0, 0.5)	(70.0, 3.0)	(71.0, 4.0)	(72.0, 1.5)	(73.0, 0.0)	(74.0, 0.0)	(75.0, 0.0)	(76.0, 0.0)	(77.0, 0.0)	(78.0, 0.0)	(79.0, 0.0)	(80.0, 0.0)	(81.0, 0.0)	(82.0, 0.0)	(83.0, 0.0)	(84.0, 0.0)	(85.0, 0.0)	(86.0, 0.0)	(87.0, 0.0)	(88.0, 0.0)	(89.0, 0.0)	(90.0, 0.0)	(91.0, 0.0)	(92.0, 0.0)	(93.0, 0.0)	(94.0, 0.0)	(95.0, 0.0)	(96.0, 0.0)	(97.0, 0.0)	(98.0, 0.0)	(99.0, 0.0)	(100.0, 0.0)
SRR15702567_2	(0.0, 0.0)	(1.0, 0.0)	(2.0, 0.0)	(3.0, 0.0)	(4.0, 0.0)	(5.0, 0.0)	(6.0, 0.0)	(7.0, 0.0)	(8.0, 0.0)	(9.0, 0.0)	(10.0, 0.0)	(11.0, 0.0)	(12.0, 0.0)	(13.0, 0.0)	(14.0, 0.0)	(15.0, 0.0)	(16.0, 0.0)	(17.0, 0.0)	(18.0, 0.0)	(19.0, 0.0)	(20.0, 0.0)	(21.0, 0.0)	(22.0, 0.0)	(23.0, 0.0)	(24.0, 0.0)	(25.0, 0.0)	(26.0, 0.0)	(27.0, 0.0)	(28.0, 0.0)	(29.0, 0.0)	(30.0, 0.0)	(31.0, 0.0)	(32.0, 0.0)	(33.0, 0.0)	(34.0, 0.0)	(35.0, 0.0)	(36.0, 0.0)	(37.0, 0.5)	(38.0, 1.0)	(39.0, 1.0)	(40.0, 0.5)	(41.0, 0.0)	(42.0, 1.5)	(43.0, 9.0)	(44.0, 44.0)	(45.0, 549.0)	(46.0, 569.5)	(47.0, 101.0)	(48.0, 284.0)	(49.0, 963.5)	(50.0, 810.0)	(51.0, 138.0)	(52.0, 135.5)	(53.0, 514.0)	(54.0, 1036.0)	(55.0, 3969.0)	(56.0, 4351.0)	(57.0, 1518.0)	(58.0, 1400.5)	(59.0, 5276.0)	(60.0, 6272.5)	(61.0, 2258.0)	(62.0, 419.5)	(63.0, 33.5)	(64.0, 6.0)	(65.0, 1.0)	(66.0, 0.5)	(67.0, 1.0)	(68.0, 4.0)	(69.0, 4.0)	(70.0, 0.5)	(71.0, 0.0)	(72.0, 0.0)	(73.0, 0.0)	(74.0, 0.0)	(75.0, 0.0)	(76.0, 0.0)	(77.0, 0.0)	(78.0, 0.5)	(79.0, 0.5)	(80.0, 0.0)	(81.0, 0.0)	(82.0, 0.0)	(83.0, 0.0)	(84.0, 0.0)	(85.0, 0.0)	(86.0, 0.0)	(87.0, 0.0)	(88.0, 0.5)	(89.0, 0.5)	(90.0, 0.0)	(91.0, 0.0)	(92.0, 0.0)	(93.0, 0.0)	(94.0, 0.0)	(95.0, 0.0)	(96.0, 0.0)	(97.0, 0.0)	(98.0, 0.0)	(99.0, 0.0)	(100.0, 1.0)
SRR15702568_1	(0.0, 0.0)	(1.0, 0.0)	(2.0, 0.0)	(3.0, 0.0)	(4.0, 0.0)	(5.0, 0.0)	(6.0, 0.0)	(7.0, 0.0)	(8.0, 0.0)	(9.0, 0.0)	(10.0, 0.0)	(11.0, 0.0)	(12.0, 0.0)	(13.0, 0.0)	(14.0, 0.0)	(15.0, 0.0)	(16.0, 0.0)	(17.0, 0.0)	(18.0, 0.0)	(19.0, 0.0)	(20.0, 0.0)	(21.0, 0.0)	(22.0, 0.0)	(23.0, 0.0)	(24.0, 0.0)	(25.0, 0.0)	(26.0, 0.0)	(27.0, 0.0)	(28.0, 0.0)	(29.0, 0.0)	(30.0, 0.0)	(31.0, 0.0)	(32.0, 0.0)	(33.0, 0.0)	(34.0, 0.5)	(35.0, 1.5)	(36.0, 2.0)	(37.0, 2.5)	(38.0, 3.0)	(39.0, 8.5)	(40.0, 17.5)	(41.0, 60.5)	(42.0, 403.0)	(43.0, 3624.5)	(44.0, 13568.0)	(45.0, 13525.0)	(46.0, 11674.0)	(47.0, 18297.0)	(48.0, 17444.0)	(49.0, 9944.0)	(50.0, 7873.0)	(51.0, 7153.5)	(52.0, 6159.5)	(53.0, 7115.5)	(54.0, 7471.5)	(55.0, 8005.0)	(56.0, 7696.5)	(57.0, 6332.5)	(58.0, 9012.0)	(59.0, 8635.5)	(60.0, 1922.0)	(61.0, 690.0)	(62.0, 185.5)	(63.0, 43.0)	(64.0, 6.5)	(65.0, 1.5)	(66.0, 1.5)	(67.0, 0.0)	(68.0, 0.0)	(69.0, 0.0)	(70.0, 0.5)	(71.0, 0.5)	(72.0, 0.0)	(73.0, 0.0)	(74.0, 0.0)	(75.0, 0.0)	(76.0, 0.0)	(77.0, 0.0)	(78.0, 0.0)	(79.0, 0.0)	(80.0, 0.0)	(81.0, 0.0)	(82.0, 0.0)	(83.0, 0.0)	(84.0, 0.0)	(85.0, 0.0)	(86.0, 0.0)	(87.0, 0.0)	(88.0, 0.0)	(89.0, 0.0)	(90.0, 0.0)	(91.0, 0.0)	(92.0, 0.0)	(93.0, 0.0)	(94.0, 0.0)	(95.0, 0.0)	(96.0, 0.0)	(97.0, 0.0)	(98.0, 0.0)	(99.0, 0.0)	(100.0, 0.0)
SRR15702568_2	(0.0, 0.0)	(1.0, 0.0)	(2.0, 0.0)	(3.0, 0.0)	(4.0, 0.0)	(5.0, 0.0)	(6.0, 0.0)	(7.0, 0.0)	(8.0, 0.0)	(9.0, 0.0)	(10.0, 0.0)	(11.0, 0.0)	(12.0, 0.0)	(13.0, 0.0)	(14.0, 0.0)	(15.0, 0.0)	(16.0, 0.0)	(17.0, 0.0)	(18.0, 0.0)	(19.0, 0.0)	(20.0, 0.0)	(21.0, 0.0)	(22.0, 0.0)	(23.0, 0.0)	(24.0, 0.0)	(25.0, 0.0)	(26.0, 0.0)	(27.0, 0.0)	(28.0, 0.0)	(29.0, 0.0)	(30.0, 0.0)	(31.0, 0.0)	(32.0, 0.0)	(33.0, 0.0)	(34.0, 0.5)	(35.0, 0.5)	(36.0, 0.0)	(37.0, 0.0)	(38.0, 0.0)	(39.0, 0.0)	(40.0, 1.0)	(41.0, 8.0)	(42.0, 21.5)	(43.0, 34.5)	(44.0, 90.0)	(45.0, 258.5)	(46.0, 1133.0)	(47.0, 14448.0)	(48.0, 17817.5)	(49.0, 25480.0)	(50.0, 23433.5)	(51.0, 3796.5)	(52.0, 2670.5)	(53.0, 2481.0)	(54.0, 4750.5)	(55.0, 15894.5)	(56.0, 16357.5)	(57.0, 7158.5)	(58.0, 10416.0)	(59.0, 12633.5)	(60.0, 6163.0)	(61.0, 1111.5)	(62.0, 549.0)	(63.0, 124.5)	(64.0, 31.5)	(65.0, 8.0)	(66.0, 2.5)	(67.0, 0.0)	(68.0, 0.0)	(69.0, 0.0)	(70.0, 0.5)	(71.0, 0.5)	(72.0, 0.5)	(73.0, 0.5)	(74.0, 0.0)	(75.0, 0.0)	(76.0, 0.5)	(77.0, 0.5)	(78.0, 0.0)	(79.0, 0.0)	(80.0, 0.0)	(81.0, 0.0)	(82.0, 0.0)	(83.0, 0.5)	(84.0, 0.5)	(85.0, 0.0)	(86.0, 0.0)	(87.0, 0.0)	(88.0, 0.0)	(89.0, 0.0)	(90.0, 0.0)	(91.0, 0.0)	(92.0, 0.0)	(93.0, 0.0)	(94.0, 0.0)	(95.0, 1.0)	(96.0, 1.0)	(97.0, 0.0)	(98.0, 0.0)	(99.0, 0.0)	(100.0, 0.0)
SRR15702628_1	(0.0, 0.0)	(1.0, 0.0)	(2.0, 0.0)	(3.0, 0.0)	(4.0, 0.0)	(5.0, 0.0)	(6.0, 0.0)	(7.0, 0.0)	(8.0, 0.0)	(9.0, 0.0)	(10.0, 0.0)	(11.0, 0.0)	(12.0, 0.0)	(13.0, 0.0)	(14.0, 0.0)	(15.0, 0.0)	(16.0, 0.0)	(17.0, 0.0)	(18.0, 0.0)	(19.0, 0.0)	(20.0, 0.0)	(21.0, 0.0)	(22.0, 0.0)	(23.0, 0.0)	(24.0, 0.0)	(25.0, 0.0)	(26.0, 0.0)	(27.0, 0.0)	(28.0, 0.0)	(29.0, 0.0)	(30.0, 0.0)	(31.0, 0.0)	(32.0, 0.5)	(33.0, 0.5)	(34.0, 0.0)	(35.0, 2.0)	(36.0, 2.0)	(37.0, 0.0)	(38.0, 2.5)	(39.0, 12.5)	(40.0, 21.0)	(41.0, 143.0)	(42.0, 216.5)	(43.0, 479.0)	(44.0, 5572.5)	(45.0, 10810.5)	(46.0, 7428.0)	(47.0, 4351.0)	(48.0, 7238.0)	(49.0, 5970.0)	(50.0, 4644.5)	(51.0, 4863.0)	(52.0, 8850.0)	(53.0, 10591.5)	(54.0, 5305.0)	(55.0, 3946.0)	(56.0, 4339.5)	(57.0, 3888.5)	(58.0, 3477.5)	(59.0, 2756.0)	(60.0, 919.5)	(61.0, 258.5)	(62.0, 58.5)	(63.0, 4.0)	(64.0, 0.5)	(65.0, 0.5)	(66.0, 0.5)	(67.0, 0.0)	(68.0, 0.0)	(69.0, 2.0)	(70.0, 5.0)	(71.0, 3.5)	(72.0, 0.5)	(73.0, 0.0)	(74.0, 0.0)	(75.0, 0.0)	(76.0, 0.0)	(77.0, 0.0)	(78.0, 0.0)	(79.0, 0.0)	(80.0, 0.0)	(81.0, 0.0)	(82.0, 0.0)	(83.0, 0.0)	(84.0, 0.0)	(85.0, 0.0)	(86.0, 0.0)	(87.0, 0.0)	(88.0, 0.0)	(89.0, 0.0)	(90.0, 0.0)	(91.0, 0.0)	(92.0, 0.0)	(93.0, 0.0)	(94.0, 0.0)	(95.0, 0.0)	(96.0, 0.0)	(97.0, 0.0)	(98.0, 0.0)	(99.0, 0.0)	(100.0, 0.0)
SRR15702628_2	(0.0, 0.0)	(1.0, 0.0)	(2.0, 0.0)	(3.0, 0.0)	(4.0, 0.0)	(5.0, 0.0)	(6.0, 0.0)	(7.0, 0.0)	(8.0, 0.0)	(9.0, 0.0)	(10.0, 0.0)	(11.0, 0.0)	(12.0, 0.0)	(13.0, 0.0)	(14.0, 0.0)	(15.0, 0.0)	(16.0, 0.0)	(17.0, 0.0)	(18.0, 0.0)	(19.0, 0.0)	(20.0, 0.0)	(21.0, 0.0)	(22.0, 0.0)	(23.0, 0.0)	(24.0, 0.0)	(25.0, 0.0)	(26.0, 0.0)	(27.0, 0.0)	(28.0, 0.0)	(29.0, 0.0)	(30.0, 0.0)	(31.0, 0.0)	(32.0, 0.0)	(33.0, 0.0)	(34.0, 0.5)	(35.0, 0.5)	(36.0, 0.0)	(37.0, 0.0)	(38.0, 0.0)	(39.0, 0.5)	(40.0, 1.0)	(41.0, 3.5)	(42.0, 6.0)	(43.0, 15.0)	(44.0, 48.0)	(45.0, 133.5)	(46.0, 377.5)	(47.0, 1184.0)	(48.0, 6916.0)	(49.0, 17601.0)	(50.0, 13091.5)	(51.0, 2020.5)	(52.0, 1103.5)	(53.0, 1730.5)	(54.0, 4593.0)	(55.0, 9320.5)	(56.0, 8289.0)	(57.0, 4306.0)	(58.0, 5281.5)	(59.0, 11008.5)	(60.0, 8141.5)	(61.0, 711.0)	(62.0, 216.0)	(63.0, 36.0)	(64.0, 8.0)	(65.0, 2.5)	(66.0, 1.0)	(67.0, 1.0)	(68.0, 4.5)	(69.0, 4.0)	(70.0, 0.0)	(71.0, 0.0)	(72.0, 0.0)	(73.0, 0.0)	(74.0, 0.5)	(75.0, 0.5)	(76.0, 0.0)	(77.0, 0.0)	(78.0, 0.0)	(79.0, 0.0)	(80.0, 0.0)	(81.0, 0.0)	(82.0, 0.0)	(83.0, 0.0)	(84.0, 0.0)	(85.0, 0.0)	(86.0, 0.0)	(87.0, 0.0)	(88.0, 0.0)	(89.0, 0.0)	(90.0, 0.0)	(91.0, 0.0)	(92.0, 0.0)	(93.0, 0.0)	(94.0, 0.0)	(95.0, 0.0)	(96.0, 0.0)	(97.0, 0.0)	(98.0, 0.0)	(99.0, 1.0)	(100.0, 3.0)
SRR15702629_1	(0.0, 0.0)	(1.0, 0.0)	(2.0, 0.0)	(3.0, 0.0)	(4.0, 0.0)	(5.0, 0.0)	(6.0, 0.0)	(7.0, 0.0)	(8.0, 0.0)	(9.0, 0.0)	(10.0, 0.0)	(11.0, 0.0)	(12.0, 0.0)	(13.0, 0.0)	(14.0, 0.0)	(15.0, 0.0)	(16.0, 0.0)	(17.0, 0.0)	(18.0, 0.0)	(19.0, 0.0)	(20.0, 0.0)	(21.0, 0.0)	(22.0, 0.0)	(23.0, 0.0)	(24.0, 0.0)	(25.0, 0.0)	(26.0, 0.0)	(27.0, 0.0)	(28.0, 0.0)	(29.0, 0.0)	(30.0, 0.5)	(31.0, 1.0)	(32.0, 0.5)	(33.0, 0.5)	(34.0, 0.5)	(35.0, 0.0)	(36.0, 0.5)	(37.0, 2.5)	(38.0, 3.0)	(39.0, 3.0)	(40.0, 15.5)	(41.0, 125.0)	(42.0, 249.5)	(43.0, 487.0)	(44.0, 4455.5)	(45.0, 6825.0)	(46.0, 3922.5)	(47.0, 3930.0)	(48.0, 4419.0)	(49.0, 3295.0)	(50.0, 5821.5)	(51.0, 6758.0)	(52.0, 12436.5)	(53.0, 12548.0)	(54.0, 4176.5)	(55.0, 2814.5)	(56.0, 3797.0)	(57.0, 3847.0)	(58.0, 8026.5)	(59.0, 7779.5)	(60.0, 1472.5)	(61.0, 443.0)	(62.0, 73.5)	(63.0, 17.0)	(64.0, 5.5)	(65.0, 1.0)	(66.0, 0.5)	(67.0, 1.0)	(68.0, 1.0)	(69.0, 0.5)	(70.0, 4.5)	(71.0, 4.0)	(72.0, 0.0)	(73.0, 0.0)	(74.0, 0.0)	(75.0, 0.0)	(76.0, 0.0)	(77.0, 0.0)	(78.0, 0.0)	(79.0, 0.0)	(80.0, 0.0)	(81.0, 0.0)	(82.0, 0.0)	(83.0, 0.0)	(84.0, 0.0)	(85.0, 0.0)	(86.0, 0.0)	(87.0, 0.0)	(88.0, 0.0)	(89.0, 0.0)	(90.0, 0.0)	(91.0, 0.0)	(92.0, 0.0)	(93.0, 0.0)	(94.0, 0.0)	(95.0, 0.0)	(96.0, 0.0)	(97.0, 0.0)	(98.0, 0.0)	(99.0, 0.0)	(100.0, 0.0)
SRR15702629_2	(0.0, 0.0)	(1.0, 0.0)	(2.0, 0.0)	(3.0, 0.0)	(4.0, 0.0)	(5.0, 0.0)	(6.0, 0.0)	(7.0, 0.0)	(8.0, 0.0)	(9.0, 0.0)	(10.0, 0.0)	(11.0, 0.0)	(12.0, 0.0)	(13.0, 0.0)	(14.0, 0.0)	(15.0, 0.0)	(16.0, 0.0)	(17.0, 0.0)	(18.0, 0.0)	(19.0, 0.0)	(20.0, 0.0)	(21.0, 0.0)	(22.0, 0.0)	(23.0, 0.0)	(24.0, 0.0)	(25.0, 0.0)	(26.0, 0.0)	(27.0, 0.0)	(28.0, 0.0)	(29.0, 0.0)	(30.0, 0.0)	(31.0, 0.0)	(32.0, 0.0)	(33.0, 0.0)	(34.0, 0.0)	(35.0, 0.0)	(36.0, 0.0)	(37.0, 0.0)	(38.0, 0.0)	(39.0, 1.0)	(40.0, 2.0)	(41.0, 8.0)	(42.0, 18.5)	(43.0, 41.5)	(44.0, 164.0)	(45.0, 1137.5)	(46.0, 1396.0)	(47.0, 2403.0)	(48.0, 4058.5)	(49.0, 8524.5)	(50.0, 7413.5)	(51.0, 1351.0)	(52.0, 915.5)	(53.0, 1646.0)	(54.0, 4265.0)	(55.0, 13200.5)	(56.0, 12982.0)	(57.0, 4976.0)	(58.0, 5436.0)	(59.0, 14200.0)	(60.0, 11902.5)	(61.0, 1346.5)	(62.0, 316.0)	(63.0, 39.5)	(64.0, 5.5)	(65.0, 0.0)	(66.0, 0.5)	(67.0, 2.0)	(68.0, 5.5)	(69.0, 4.0)	(70.0, 0.0)	(71.0, 0.5)	(72.0, 0.5)	(73.0, 0.0)	(74.0, 0.0)	(75.0, 0.0)	(76.0, 0.0)	(77.0, 0.0)	(78.0, 0.0)	(79.0, 0.0)	(80.0, 0.0)	(81.0, 0.0)	(82.0, 0.0)	(83.0, 0.0)	(84.0, 0.0)	(85.0, 0.0)	(86.0, 0.0)	(87.0, 0.0)	(88.0, 0.0)	(89.0, 0.0)	(90.0, 0.0)	(91.0, 0.0)	(92.0, 0.0)	(93.0, 0.0)	(94.0, 0.0)	(95.0, 0.0)	(96.0, 0.0)	(97.0, 0.0)	(98.0, 0.0)	(99.0, 0.5)	(100.0, 1.0)
SRR15702630_1	(0.0, 0.0)	(1.0, 0.0)	(2.0, 0.0)	(3.0, 0.0)	(4.0, 0.0)	(5.0, 0.0)	(6.0, 0.0)	(7.0, 0.0)	(8.0, 0.0)	(9.0, 0.0)	(10.0, 0.0)	(11.0, 0.0)	(12.0, 0.0)	(13.0, 0.0)	(14.0, 0.0)	(15.0, 0.0)	(16.0, 0.0)	(17.0, 0.0)	(18.0, 0.0)	(19.0, 0.0)	(20.0, 0.0)	(21.0, 0.0)	(22.0, 0.0)	(23.0, 0.0)	(24.0, 0.0)	(25.0, 0.0)	(26.0, 0.0)	(27.0, 0.0)	(28.0, 0.0)	(29.0, 0.0)	(30.0, 0.0)	(31.0, 0.0)	(32.0, 0.0)	(33.0, 0.0)	(34.0, 0.0)	(35.0, 0.0)	(36.0, 0.0)	(37.0, 0.5)	(38.0, 1.0)	(39.0, 5.0)	(40.0, 18.5)	(41.0, 113.0)	(42.0, 308.5)	(43.0, 1610.0)	(44.0, 2884.5)	(45.0, 2413.5)	(46.0, 3062.5)	(47.0, 9675.5)	(48.0, 11725.5)	(49.0, 6680.5)	(50.0, 4243.0)	(51.0, 7390.5)	(52.0, 10352.5)	(53.0, 7506.5)	(54.0, 6303.5)	(55.0, 9734.5)	(56.0, 11918.0)	(57.0, 6836.5)	(58.0, 2051.0)	(59.0, 1191.5)	(60.0, 418.0)	(61.0, 299.5)	(62.0, 182.5)	(63.0, 13.5)	(64.0, 3.0)	(65.0, 2.0)	(66.0, 1.0)	(67.0, 1.0)	(68.0, 2.5)	(69.0, 11.0)	(70.0, 17.5)	(71.0, 8.5)	(72.0, 0.0)	(73.0, 0.0)	(74.0, 0.0)	(75.0, 0.0)	(76.0, 0.0)	(77.0, 0.0)	(78.0, 0.0)	(79.0, 0.0)	(80.0, 0.0)	(81.0, 0.0)	(82.0, 0.0)	(83.0, 0.0)	(84.0, 0.0)	(85.0, 0.0)	(86.0, 0.0)	(87.0, 0.0)	(88.0, 0.0)	(89.0, 0.0)	(90.0, 0.0)	(91.0, 0.0)	(92.0, 0.0)	(93.0, 0.0)	(94.0, 0.0)	(95.0, 0.0)	(96.0, 0.0)	(97.0, 0.0)	(98.0, 0.0)	(99.0, 0.0)	(100.0, 0.0)
SRR15702630_2	(0.0, 0.0)	(1.0, 0.0)	(2.0, 0.0)	(3.0, 0.0)	(4.0, 0.0)	(5.0, 0.0)	(6.0, 0.0)	(7.0, 0.0)	(8.0, 0.0)	(9.0, 0.0)	(10.0, 0.0)	(11.0, 0.0)	(12.0, 0.0)	(13.0, 0.0)	(14.0, 0.0)	(15.0, 0.0)	(16.0, 0.0)	(17.0, 0.0)	(18.0, 0.0)	(19.0, 0.0)	(20.0, 0.0)	(21.0, 0.0)	(22.0, 0.0)	(23.0, 0.0)	(24.0, 0.0)	(25.0, 0.0)	(26.0, 0.0)	(27.0, 0.0)	(28.0, 0.0)	(29.0, 0.0)	(30.0, 0.0)	(31.0, 0.0)	(32.0, 0.0)	(33.0, 0.0)	(34.0, 0.0)	(35.0, 0.0)	(36.0, 0.0)	(37.0, 0.5)	(38.0, 1.0)	(39.0, 0.5)	(40.0, 0.0)	(41.0, 0.5)	(42.0, 3.0)	(43.0, 8.5)	(44.0, 17.5)	(45.0, 53.0)	(46.0, 141.5)	(47.0, 383.5)	(48.0, 1477.5)	(49.0, 7393.5)	(50.0, 8733.5)	(51.0, 3787.5)	(52.0, 6674.0)	(53.0, 10358.5)	(54.0, 10788.0)	(55.0, 11529.0)	(56.0, 10462.5)	(57.0, 11704.5)	(58.0, 11540.0)	(59.0, 7345.0)	(60.0, 3345.5)	(61.0, 838.5)	(62.0, 275.5)	(63.0, 63.0)	(64.0, 8.0)	(65.0, 3.5)	(66.0, 3.0)	(67.0, 7.5)	(68.0, 21.5)	(69.0, 15.5)	(70.0, 0.5)	(71.0, 0.0)	(72.0, 0.0)	(73.0, 0.0)	(74.0, 0.0)	(75.0, 0.0)	(76.0, 0.0)	(77.0, 0.0)	(78.0, 0.0)	(79.0, 0.0)	(80.0, 0.0)	(81.0, 0.0)	(82.0, 0.0)	(83.0, 0.0)	(84.0, 0.0)	(85.0, 0.0)	(86.0, 0.0)	(87.0, 0.0)	(88.0, 0.0)	(89.0, 0.0)	(90.0, 0.0)	(91.0, 0.0)	(92.0, 0.0)	(93.0, 0.0)	(94.0, 0.0)	(95.0, 0.0)	(96.0, 0.0)	(97.0, 0.0)	(98.0, 0.0)	(99.0, 0.0)	(100.0, 0.5)
SRR15702631_1	(0.0, 0.0)	(1.0, 0.0)	(2.0, 0.0)	(3.0, 0.0)	(4.0, 0.0)	(5.0, 0.0)	(6.0, 0.0)	(7.0, 0.0)	(8.0, 0.0)	(9.0, 0.0)	(10.0, 0.0)	(11.0, 0.0)	(12.0, 0.0)	(13.0, 0.0)	(14.0, 0.0)	(15.0, 0.0)	(16.0, 0.0)	(17.0, 0.0)	(18.0, 0.0)	(19.0, 0.0)	(20.0, 0.0)	(21.0, 0.0)	(22.0, 0.0)	(23.0, 0.0)	(24.0, 0.0)	(25.0, 0.0)	(26.0, 0.0)	(27.0, 0.0)	(28.0, 0.0)	(29.0, 0.0)	(30.0, 0.0)	(31.0, 0.0)	(32.0, 0.0)	(33.0, 0.0)	(34.0, 0.5)	(35.0, 0.5)	(36.0, 0.0)	(37.0, 0.0)	(38.0, 0.0)	(39.0, 0.5)	(40.0, 1.0)	(41.0, 4.0)	(42.0, 19.0)	(43.0, 100.0)	(44.0, 743.0)	(45.0, 8525.5)	(46.0, 10560.0)	(47.0, 3132.0)	(48.0, 683.5)	(49.0, 605.0)	(50.0, 1719.5)	(51.0, 4115.0)	(52.0, 23629.5)	(53.0, 28979.0)	(54.0, 18631.5)	(55.0, 17636.5)	(56.0, 13216.5)	(57.0, 7334.5)	(58.0, 3281.0)	(59.0, 2701.0)	(60.0, 738.0)	(61.0, 121.5)	(62.0, 32.0)	(63.0, 1.0)	(64.0, 1.0)	(65.0, 0.0)	(66.0, 0.0)	(67.0, 0.0)	(68.0, 0.0)	(69.0, 2.5)	(70.0, 2.5)	(71.0, 0.0)	(72.0, 0.0)	(73.0, 0.0)	(74.0, 0.0)	(75.0, 0.0)	(76.0, 0.0)	(77.0, 0.0)	(78.0, 0.0)	(79.0, 0.0)	(80.0, 0.0)	(81.0, 0.0)	(82.0, 0.0)	(83.0, 0.0)	(84.0, 0.0)	(85.0, 0.0)	(86.0, 0.0)	(87.0, 0.0)	(88.0, 0.0)	(89.0, 0.0)	(90.0, 0.0)	(91.0, 0.0)	(92.0, 0.0)	(93.0, 0.0)	(94.0, 0.0)	(95.0, 0.0)	(96.0, 0.0)	(97.0, 0.0)	(98.0, 0.0)	(99.0, 0.0)	(100.0, 0.0)
SRR15702631_2	(0.0, 0.0)	(1.0, 0.0)	(2.0, 0.0)	(3.0, 0.0)	(4.0, 0.0)	(5.0, 0.0)	(6.0, 0.0)	(7.0, 0.0)	(8.0, 0.0)	(9.0, 0.0)	(10.0, 0.0)	(11.0, 0.0)	(12.0, 0.0)	(13.0, 0.0)	(14.0, 0.0)	(15.0, 0.0)	(16.0, 0.0)	(17.0, 0.0)	(18.0, 0.0)	(19.0, 0.0)	(20.0, 0.0)	(21.0, 0.0)	(22.0, 0.0)	(23.0, 0.0)	(24.0, 0.0)	(25.0, 0.0)	(26.0, 0.0)	(27.0, 0.0)	(28.0, 0.0)	(29.0, 0.0)	(30.0, 0.0)	(31.0, 0.0)	(32.0, 0.0)	(33.0, 0.0)	(34.0, 0.5)	(35.0, 0.5)	(36.0, 0.5)	(37.0, 1.0)	(38.0, 1.0)	(39.0, 1.0)	(40.0, 0.5)	(41.0, 2.0)	(42.0, 3.5)	(43.0, 7.5)	(44.0, 26.0)	(45.0, 128.0)	(46.0, 194.5)	(47.0, 258.5)	(48.0, 595.5)	(49.0, 2987.5)	(50.0, 9382.5)	(51.0, 8879.5)	(52.0, 3131.0)	(53.0, 3881.5)	(54.0, 13831.0)	(55.0, 27145.0)	(56.0, 26409.5)	(57.0, 16314.5)	(58.0, 14278.5)	(59.0, 11520.0)	(60.0, 3966.5)	(61.0, 1968.0)	(62.0, 1409.0)	(63.0, 157.5)	(64.0, 27.0)	(65.0, 5.0)	(66.0, 0.0)	(67.0, 0.5)	(68.0, 0.5)	(69.0, 0.0)	(70.0, 0.0)	(71.0, 0.0)	(72.0, 0.0)	(73.0, 0.0)	(74.0, 0.0)	(75.0, 0.0)	(76.0, 0.0)	(77.0, 0.0)	(78.0, 0.0)	(79.0, 0.0)	(80.0, 0.0)	(81.0, 0.0)	(82.0, 0.0)	(83.0, 0.0)	(84.0, 0.0)	(85.0, 0.0)	(86.0, 0.0)	(87.0, 0.0)	(88.0, 0.0)	(89.0, 0.0)	(90.0, 0.0)	(91.0, 0.0)	(92.0, 0.0)	(93.0, 0.0)	(94.0, 0.0)	(95.0, 0.0)	(96.0, 0.0)	(97.0, 0.0)	(98.0, 0.0)	(99.0, 0.0)	(100.0, 1.0)
SRR15702632_1	(0.0, 0.0)	(1.0, 0.0)	(2.0, 0.0)	(3.0, 0.0)	(4.0, 0.0)	(5.0, 0.0)	(6.0, 0.0)	(7.0, 0.0)	(8.0, 0.0)	(9.0, 0.0)	(10.0, 0.0)	(11.0, 0.0)	(12.0, 0.0)	(13.0, 0.0)	(14.0, 0.0)	(15.0, 0.0)	(16.0, 0.0)	(17.0, 0.0)	(18.0, 0.0)	(19.0, 0.0)	(20.0, 0.0)	(21.0, 0.0)	(22.0, 0.0)	(23.0, 0.0)	(24.0, 0.0)	(25.0, 0.0)	(26.0, 0.0)	(27.0, 0.0)	(28.0, 0.0)	(29.0, 0.0)	(30.0, 0.0)	(31.0, 0.0)	(32.0, 0.0)	(33.0, 0.0)	(34.0, 0.5)	(35.0, 0.5)	(36.0, 0.0)	(37.0, 0.5)	(38.0, 0.5)	(39.0, 4.5)	(40.0, 14.0)	(41.0, 87.5)	(42.0, 258.5)	(43.0, 1016.5)	(44.0, 6816.0)	(45.0, 8514.5)	(46.0, 6960.0)	(47.0, 10050.5)	(48.0, 9198.5)	(49.0, 4985.0)	(50.0, 4063.5)	(51.0, 4513.5)	(52.0, 6570.5)	(53.0, 7028.5)	(54.0, 5001.0)	(55.0, 7954.5)	(56.0, 8504.5)	(57.0, 4102.0)	(58.0, 1723.5)	(59.0, 1193.0)	(60.0, 694.0)	(61.0, 519.0)	(62.0, 202.0)	(63.0, 41.0)	(64.0, 5.5)	(65.0, 2.0)	(66.0, 3.5)	(67.0, 11.5)	(68.0, 65.0)	(69.0, 58.5)	(70.0, 3.0)	(71.0, 1.0)	(72.0, 0.0)	(73.0, 0.0)	(74.0, 0.0)	(75.0, 0.0)	(76.0, 0.0)	(77.0, 0.0)	(78.0, 0.0)	(79.0, 0.0)	(80.0, 0.0)	(81.0, 0.0)	(82.0, 0.0)	(83.0, 0.0)	(84.0, 0.0)	(85.0, 0.0)	(86.0, 0.0)	(87.0, 0.0)	(88.0, 0.0)	(89.0, 0.0)	(90.0, 0.0)	(91.0, 0.0)	(92.0, 0.0)	(93.0, 0.0)	(94.0, 0.0)	(95.0, 0.0)	(96.0, 0.0)	(97.0, 0.0)	(98.0, 0.0)	(99.0, 0.0)	(100.0, 0.0)
SRR15702632_2	(0.0, 0.0)	(1.0, 0.0)	(2.0, 0.0)	(3.0, 0.0)	(4.0, 0.0)	(5.0, 0.0)	(6.0, 0.0)	(7.0, 0.0)	(8.0, 0.0)	(9.0, 0.0)	(10.0, 0.0)	(11.0, 0.0)	(12.0, 0.0)	(13.0, 0.0)	(14.0, 0.0)	(15.0, 0.0)	(16.0, 0.0)	(17.0, 0.0)	(18.0, 0.0)	(19.0, 0.0)	(20.0, 0.0)	(21.0, 0.0)	(22.0, 0.0)	(23.0, 0.0)	(24.0, 0.0)	(25.0, 0.0)	(26.0, 0.0)	(27.0, 0.0)	(28.0, 0.0)	(29.0, 0.0)	(30.0, 0.0)	(31.0, 0.0)	(32.0, 0.0)	(33.0, 0.0)	(34.0, 0.0)	(35.0, 0.0)	(36.0, 0.0)	(37.0, 0.0)	(38.0, 0.0)	(39.0, 1.5)	(40.0, 5.0)	(41.0, 11.0)	(42.0, 25.5)	(43.0, 61.5)	(44.0, 148.5)	(45.0, 378.5)	(46.0, 1353.0)	(47.0, 7415.5)	(48.0, 9367.5)	(49.0, 13636.0)	(50.0, 12220.0)	(51.0, 2246.5)	(52.0, 1442.5)	(53.0, 2068.5)	(54.0, 4591.0)	(55.0, 9143.5)	(56.0, 9954.5)	(57.0, 9006.0)	(58.0, 7534.0)	(59.0, 5494.0)	(60.0, 3143.5)	(61.0, 487.5)	(62.0, 200.5)	(63.0, 56.5)	(64.0, 24.0)	(65.0, 6.5)	(66.0, 10.0)	(67.0, 13.5)	(68.0, 61.0)	(69.0, 55.5)	(70.0, 2.0)	(71.0, 0.5)	(72.0, 0.0)	(73.0, 0.5)	(74.0, 0.5)	(75.0, 0.5)	(76.0, 0.5)	(77.0, 0.0)	(78.0, 0.0)	(79.0, 0.0)	(80.0, 0.0)	(81.0, 0.0)	(82.0, 0.0)	(83.0, 0.0)	(84.0, 0.0)	(85.0, 0.0)	(86.0, 0.0)	(87.0, 0.0)	(88.0, 0.0)	(89.0, 0.0)	(90.0, 0.0)	(91.0, 0.0)	(92.0, 0.0)	(93.0, 0.0)	(94.0, 0.0)	(95.0, 0.0)	(96.0, 0.0)	(97.0, 0.0)	(98.0, 0.0)	(99.0, 0.5)	(100.0, 0.5)
SRR15702633_1	(0.0, 0.0)	(1.0, 0.0)	(2.0, 0.0)	(3.0, 0.0)	(4.0, 0.0)	(5.0, 0.0)	(6.0, 0.0)	(7.0, 0.0)	(8.0, 0.0)	(9.0, 0.0)	(10.0, 0.0)	(11.0, 0.0)	(12.0, 0.0)	(13.0, 0.0)	(14.0, 0.0)	(15.0, 0.0)	(16.0, 0.0)	(17.0, 0.0)	(18.0, 0.0)	(19.0, 0.0)	(20.0, 0.0)	(21.0, 0.0)	(22.0, 0.0)	(23.0, 0.0)	(24.0, 0.0)	(25.0, 0.0)	(26.0, 0.0)	(27.0, 0.0)	(28.0, 0.0)	(29.0, 0.0)	(30.0, 0.0)	(31.0, 0.0)	(32.0, 0.0)	(33.0, 0.0)	(34.0, 0.0)	(35.0, 0.0)	(36.0, 0.0)	(37.0, 0.0)	(38.0, 0.0)	(39.0, 1.0)	(40.0, 4.0)	(41.0, 16.0)	(42.0, 95.0)	(43.0, 420.5)	(44.0, 2731.0)	(45.0, 3071.5)	(46.0, 1582.5)	(47.0, 2188.5)	(48.0, 1672.0)	(49.0, 1255.5)	(50.0, 5042.5)	(51.0, 6320.0)	(52.0, 7268.0)	(53.0, 7083.0)	(54.0, 4263.0)	(55.0, 4089.0)	(56.0, 5419.0)	(57.0, 6245.5)	(58.0, 5629.0)	(59.0, 3912.5)	(60.0, 1417.5)	(61.0, 850.0)	(62.0, 393.0)	(63.0, 69.5)	(64.0, 8.0)	(65.0, 13.5)	(66.0, 14.0)	(67.0, 3.0)	(68.0, 0.5)	(69.0, 1.0)	(70.0, 6.0)	(71.0, 5.5)	(72.0, 0.5)	(73.0, 0.0)	(74.0, 0.0)	(75.0, 0.0)	(76.0, 0.0)	(77.0, 0.0)	(78.0, 0.0)	(79.0, 0.0)	(80.0, 0.0)	(81.0, 0.0)	(82.0, 0.0)	(83.0, 0.0)	(84.0, 0.0)	(85.0, 0.0)	(86.0, 0.0)	(87.0, 0.0)	(88.0, 0.0)	(89.0, 0.0)	(90.0, 0.0)	(91.0, 0.0)	(92.0, 0.0)	(93.0, 0.0)	(94.0, 0.0)	(95.0, 0.0)	(96.0, 0.0)	(97.0, 0.0)	(98.0, 0.0)	(99.0, 0.0)	(100.0, 0.0)
SRR15702633_2	(0.0, 0.0)	(1.0, 0.0)	(2.0, 0.0)	(3.0, 0.0)	(4.0, 0.0)	(5.0, 0.0)	(6.0, 0.0)	(7.0, 0.0)	(8.0, 0.0)	(9.0, 0.0)	(10.0, 0.0)	(11.0, 0.0)	(12.0, 0.0)	(13.0, 0.0)	(14.0, 0.0)	(15.0, 0.0)	(16.0, 0.0)	(17.0, 0.0)	(18.0, 0.0)	(19.0, 0.0)	(20.0, 0.0)	(21.0, 0.0)	(22.0, 0.0)	(23.0, 0.0)	(24.0, 0.0)	(25.0, 0.0)	(26.0, 0.0)	(27.0, 0.0)	(28.0, 0.0)	(29.0, 0.0)	(30.0, 0.0)	(31.0, 0.0)	(32.0, 0.0)	(33.0, 0.0)	(34.0, 0.0)	(35.0, 0.0)	(36.0, 0.0)	(37.0, 0.0)	(38.0, 0.0)	(39.0, 1.0)	(40.0, 1.0)	(41.0, 0.5)	(42.0, 1.5)	(43.0, 11.5)	(44.0, 25.5)	(45.0, 80.0)	(46.0, 291.5)	(47.0, 1604.0)	(48.0, 2235.0)	(49.0, 3453.0)	(50.0, 3184.0)	(51.0, 969.0)	(52.0, 1033.5)	(53.0, 2564.5)	(54.0, 5647.0)	(55.0, 13219.0)	(56.0, 12455.0)	(57.0, 4624.5)	(58.0, 4619.5)	(59.0, 7928.5)	(60.0, 5503.0)	(61.0, 1008.5)	(62.0, 518.5)	(63.0, 57.0)	(64.0, 8.5)	(65.0, 15.5)	(66.0, 16.0)	(67.0, 3.5)	(68.0, 3.0)	(69.0, 2.5)	(70.0, 0.0)	(71.0, 0.0)	(72.0, 0.0)	(73.0, 0.0)	(74.0, 0.0)	(75.0, 0.0)	(76.0, 0.0)	(77.0, 0.5)	(78.0, 0.5)	(79.0, 0.0)	(80.0, 0.5)	(81.0, 0.5)	(82.0, 0.0)	(83.0, 0.0)	(84.0, 0.0)	(85.0, 0.0)	(86.0, 0.0)	(87.0, 0.0)	(88.0, 0.0)	(89.0, 0.0)	(90.0, 0.0)	(91.0, 0.0)	(92.0, 0.5)	(93.0, 0.5)	(94.0, 0.0)	(95.0, 0.0)	(96.0, 0.5)	(97.0, 0.5)	(98.0, 0.0)	(99.0, 0.5)	(100.0, 1.0)
SRR15702634_1	(0.0, 0.0)	(1.0, 0.0)	(2.0, 0.0)	(3.0, 0.0)	(4.0, 0.0)	(5.0, 0.0)	(6.0, 0.0)	(7.0, 0.0)	(8.0, 0.0)	(9.0, 0.0)	(10.0, 0.0)	(11.0, 0.0)	(12.0, 0.0)	(13.0, 0.0)	(14.0, 0.0)	(15.0, 0.0)	(16.0, 0.0)	(17.0, 0.0)	(18.0, 0.0)	(19.0, 0.0)	(20.0, 0.0)	(21.0, 0.0)	(22.0, 0.0)	(23.0, 0.0)	(24.0, 0.0)	(25.0, 0.0)	(26.0, 0.0)	(27.0, 0.0)	(28.0, 0.0)	(29.0, 0.0)	(30.0, 0.0)	(31.0, 0.0)	(32.0, 0.0)	(33.0, 0.0)	(34.0, 0.0)	(35.0, 0.0)	(36.0, 0.0)	(37.0, 1.0)	(38.0, 7.0)	(39.0, 34.5)	(40.0, 119.5)	(41.0, 736.5)	(42.0, 966.0)	(43.0, 2163.5)	(44.0, 18250.5)	(45.0, 26945.5)	(46.0, 16447.0)	(47.0, 10291.0)	(48.0, 8836.5)	(49.0, 11957.5)	(50.0, 10740.0)	(51.0, 5897.5)	(52.0, 7270.5)	(53.0, 9371.5)	(54.0, 10013.0)	(55.0, 7283.0)	(56.0, 5730.0)	(57.0, 5689.5)	(58.0, 6358.0)	(59.0, 5003.5)	(60.0, 961.5)	(61.0, 388.5)	(62.0, 71.0)	(63.0, 8.5)	(64.0, 1.5)	(65.0, 11.0)	(66.0, 11.5)	(67.0, 3.0)	(68.0, 10.0)	(69.0, 33.0)	(70.0, 165.0)	(71.0, 148.5)	(72.0, 9.0)	(73.0, 0.5)	(74.0, 0.0)	(75.0, 0.0)	(76.0, 0.0)	(77.0, 0.0)	(78.0, 0.0)	(79.0, 0.0)	(80.0, 0.0)	(81.0, 0.0)	(82.0, 0.0)	(83.0, 0.0)	(84.0, 0.0)	(85.0, 0.0)	(86.0, 0.0)	(87.0, 0.0)	(88.0, 0.0)	(89.0, 0.0)	(90.0, 0.0)	(91.0, 0.0)	(92.0, 0.0)	(93.0, 0.0)	(94.0, 0.0)	(95.0, 0.0)	(96.0, 0.0)	(97.0, 0.0)	(98.0, 0.0)	(99.0, 0.0)	(100.0, 0.0)
SRR15702634_2	(0.0, 0.0)	(1.0, 0.0)	(2.0, 0.0)	(3.0, 0.0)	(4.0, 0.0)	(5.0, 0.0)	(6.0, 0.0)	(7.0, 0.0)	(8.0, 0.0)	(9.0, 0.0)	(10.0, 0.0)	(11.0, 0.0)	(12.0, 0.0)	(13.0, 0.0)	(14.0, 0.0)	(15.0, 0.0)	(16.0, 0.0)	(17.0, 0.0)	(18.0, 0.0)	(19.0, 0.0)	(20.0, 0.0)	(21.0, 0.0)	(22.0, 0.0)	(23.0, 0.0)	(24.0, 0.0)	(25.0, 0.0)	(26.0, 0.0)	(27.0, 0.0)	(28.0, 0.0)	(29.0, 0.0)	(30.0, 0.0)	(31.0, 0.0)	(32.0, 0.0)	(33.0, 0.0)	(34.0, 0.0)	(35.0, 0.0)	(36.0, 0.0)	(37.0, 0.0)	(38.0, 0.0)	(39.0, 1.5)	(40.0, 4.5)	(41.0, 10.0)	(42.0, 26.5)	(43.0, 79.5)	(44.0, 198.0)	(45.0, 464.5)	(46.0, 1335.5)	(47.0, 4938.0)	(48.0, 13867.5)	(49.0, 34193.5)	(50.0, 28341.0)	(51.0, 6209.5)	(52.0, 4806.5)	(53.0, 5762.5)	(54.0, 8567.5)	(55.0, 13468.5)	(56.0, 14646.5)	(57.0, 12700.0)	(58.0, 9580.5)	(59.0, 7201.5)	(60.0, 4134.0)	(61.0, 678.0)	(62.0, 245.5)	(63.0, 63.5)	(64.0, 23.0)	(65.0, 18.0)	(66.0, 21.5)	(67.0, 36.0)	(68.0, 161.5)	(69.0, 140.0)	(70.0, 5.0)	(71.0, 0.0)	(72.0, 0.0)	(73.0, 0.5)	(74.0, 0.5)	(75.0, 0.0)	(76.0, 0.0)	(77.0, 0.0)	(78.0, 0.0)	(79.0, 0.0)	(80.0, 0.0)	(81.0, 0.0)	(82.0, 0.0)	(83.0, 0.0)	(84.0, 0.0)	(85.0, 0.0)	(86.0, 0.0)	(87.0, 0.0)	(88.0, 0.0)	(89.0, 0.0)	(90.0, 0.0)	(91.0, 0.0)	(92.0, 0.0)	(93.0, 0.0)	(94.0, 0.0)	(95.0, 0.0)	(96.0, 0.0)	(97.0, 0.5)	(98.0, 0.5)	(99.0, 0.0)	(100.0, 2.0)
SRR15702635_1	(0.0, 0.0)	(1.0, 0.0)	(2.0, 0.0)	(3.0, 0.0)	(4.0, 0.0)	(5.0, 0.0)	(6.0, 0.0)	(7.0, 0.0)	(8.0, 0.0)	(9.0, 0.0)	(10.0, 0.0)	(11.0, 0.0)	(12.0, 0.0)	(13.0, 0.0)	(14.0, 0.0)	(15.0, 0.0)	(16.0, 0.0)	(17.0, 0.0)	(18.0, 0.0)	(19.0, 0.0)	(20.0, 0.0)	(21.0, 0.0)	(22.0, 0.0)	(23.0, 0.0)	(24.0, 0.0)	(25.0, 0.0)	(26.0, 0.0)	(27.0, 0.0)	(28.0, 0.0)	(29.0, 0.0)	(30.0, 0.0)	(31.0, 0.0)	(32.0, 0.0)	(33.0, 0.0)	(34.0, 0.0)	(35.0, 0.0)	(36.0, 0.0)	(37.0, 0.0)	(38.0, 0.0)	(39.0, 1.0)	(40.0, 3.5)	(41.0, 13.5)	(42.0, 69.5)	(43.0, 418.0)	(44.0, 2688.0)	(45.0, 9477.5)	(46.0, 9399.0)	(47.0, 3607.0)	(48.0, 1861.0)	(49.0, 977.5)	(50.0, 2901.5)	(51.0, 3519.0)	(52.0, 5771.0)	(53.0, 6655.0)	(54.0, 3364.0)	(55.0, 2500.0)	(56.0, 3776.5)	(57.0, 4239.5)	(58.0, 4808.0)	(59.0, 3788.5)	(60.0, 833.0)	(61.0, 328.0)	(62.0, 55.5)	(63.0, 6.5)	(64.0, 0.5)	(65.0, 0.0)	(66.0, 0.5)	(67.0, 1.5)	(68.0, 4.0)	(69.0, 3.0)	(70.0, 0.0)	(71.0, 0.0)	(72.0, 0.0)	(73.0, 0.0)	(74.0, 0.0)	(75.0, 0.0)	(76.0, 0.0)	(77.0, 0.0)	(78.0, 0.0)	(79.0, 0.0)	(80.0, 0.0)	(81.0, 0.0)	(82.0, 0.0)	(83.0, 0.0)	(84.0, 0.0)	(85.0, 0.0)	(86.0, 0.0)	(87.0, 0.0)	(88.0, 0.0)	(89.0, 0.0)	(90.0, 0.0)	(91.0, 0.0)	(92.0, 0.0)	(93.0, 0.0)	(94.0, 0.0)	(95.0, 0.0)	(96.0, 0.0)	(97.0, 0.0)	(98.0, 0.0)	(99.0, 0.0)	(100.0, 0.5)
SRR15702635_2	(0.0, 0.0)	(1.0, 0.0)	(2.0, 0.0)	(3.0, 0.0)	(4.0, 0.0)	(5.0, 0.0)	(6.0, 0.0)	(7.0, 0.0)	(8.0, 0.0)	(9.0, 0.0)	(10.0, 0.0)	(11.0, 0.0)	(12.0, 0.0)	(13.0, 0.0)	(14.0, 0.0)	(15.0, 0.0)	(16.0, 0.0)	(17.0, 0.0)	(18.0, 0.0)	(19.0, 0.0)	(20.0, 0.0)	(21.0, 0.0)	(22.0, 0.0)	(23.0, 0.0)	(24.0, 0.0)	(25.0, 0.0)	(26.0, 0.0)	(27.0, 0.0)	(28.0, 0.0)	(29.0, 0.0)	(30.0, 0.0)	(31.0, 0.0)	(32.0, 0.0)	(33.0, 0.0)	(34.0, 0.0)	(35.0, 0.0)	(36.0, 0.0)	(37.0, 0.5)	(38.0, 1.0)	(39.0, 1.5)	(40.0, 1.0)	(41.0, 1.5)	(42.0, 6.0)	(43.0, 13.5)	(44.0, 30.0)	(45.0, 90.0)	(46.0, 303.0)	(47.0, 1480.0)	(48.0, 2174.5)	(49.0, 2682.5)	(50.0, 2387.5)	(51.0, 1211.0)	(52.0, 1656.0)	(53.0, 3872.5)	(54.0, 9776.5)	(55.0, 14386.5)	(56.0, 11057.5)	(57.0, 4846.5)	(58.0, 3103.5)	(59.0, 6294.0)	(60.0, 4841.5)	(61.0, 613.0)	(62.0, 192.5)	(63.0, 38.0)	(64.0, 0.5)	(65.0, 0.0)	(66.0, 0.5)	(67.0, 0.5)	(68.0, 1.5)	(69.0, 3.0)	(70.0, 1.5)	(71.0, 0.0)	(72.0, 0.0)	(73.0, 0.0)	(74.0, 0.5)	(75.0, 0.5)	(76.0, 0.0)	(77.0, 0.0)	(78.0, 0.0)	(79.0, 0.5)	(80.0, 0.5)	(81.0, 0.0)	(82.0, 0.0)	(83.0, 0.0)	(84.0, 0.0)	(85.0, 0.0)	(86.0, 0.0)	(87.0, 0.0)	(88.0, 0.0)	(89.0, 0.0)	(90.0, 0.0)	(91.0, 0.0)	(92.0, 0.0)	(93.0, 0.0)	(94.0, 0.0)	(95.0, 0.0)	(96.0, 0.0)	(97.0, 0.0)	(98.0, 0.0)	(99.0, 0.5)	(100.0, 0.5)
SRR15702636_1	(0.0, 0.0)	(1.0, 0.0)	(2.0, 0.0)	(3.0, 0.0)	(4.0, 0.0)	(5.0, 0.0)	(6.0, 0.0)	(7.0, 0.0)	(8.0, 0.0)	(9.0, 0.0)	(10.0, 0.0)	(11.0, 0.0)	(12.0, 0.0)	(13.0, 0.0)	(14.0, 0.0)	(15.0, 0.0)	(16.0, 0.0)	(17.0, 0.0)	(18.0, 0.0)	(19.0, 0.0)	(20.0, 0.0)	(21.0, 0.0)	(22.0, 0.0)	(23.0, 0.0)	(24.0, 0.0)	(25.0, 0.0)	(26.0, 0.0)	(27.0, 0.0)	(28.0, 0.0)	(29.0, 0.0)	(30.0, 0.0)	(31.0, 0.0)	(32.0, 0.0)	(33.0, 0.0)	(34.0, 0.0)	(35.0, 0.0)	(36.0, 0.0)	(37.0, 0.0)	(38.0, 0.0)	(39.0, 1.5)	(40.0, 4.0)	(41.0, 3.0)	(42.0, 8.5)	(43.0, 46.0)	(44.0, 582.5)	(45.0, 1553.0)	(46.0, 1342.5)	(47.0, 751.0)	(48.0, 957.0)	(49.0, 1732.0)	(50.0, 15776.5)	(51.0, 18943.5)	(52.0, 20711.5)	(53.0, 20051.5)	(54.0, 8896.5)	(55.0, 9701.5)	(56.0, 16041.0)	(57.0, 18788.5)	(58.0, 16128.5)	(59.0, 10578.5)	(60.0, 2579.0)	(61.0, 1097.5)	(62.0, 505.0)	(63.0, 338.5)	(64.0, 93.5)	(65.0, 323.5)	(66.0, 307.5)	(67.0, 55.5)	(68.0, 45.5)	(69.0, 68.0)	(70.0, 435.0)	(71.0, 414.0)	(72.0, 36.5)	(73.0, 4.0)	(74.0, 0.5)	(75.0, 0.0)	(76.0, 0.0)	(77.0, 0.0)	(78.0, 0.0)	(79.0, 0.0)	(80.0, 0.0)	(81.0, 0.0)	(82.0, 0.0)	(83.0, 0.0)	(84.0, 0.0)	(85.0, 0.0)	(86.0, 0.0)	(87.0, 0.0)	(88.0, 0.0)	(89.0, 0.0)	(90.0, 0.0)	(91.0, 0.0)	(92.0, 0.0)	(93.0, 0.0)	(94.0, 0.0)	(95.0, 0.0)	(96.0, 0.0)	(97.0, 0.0)	(98.0, 0.5)	(99.0, 0.5)	(100.0, 0.0)
SRR15702636_2	(0.0, 0.0)	(1.0, 0.0)	(2.0, 0.0)	(3.0, 0.0)	(4.0, 0.0)	(5.0, 0.0)	(6.0, 0.0)	(7.0, 0.0)	(8.0, 0.0)	(9.0, 0.0)	(10.0, 0.0)	(11.0, 0.0)	(12.0, 0.0)	(13.0, 0.0)	(14.0, 0.0)	(15.0, 0.0)	(16.0, 0.0)	(17.0, 0.0)	(18.0, 0.0)	(19.0, 0.0)	(20.0, 0.0)	(21.0, 0.0)	(22.0, 0.0)	(23.0, 0.0)	(24.0, 0.0)	(25.0, 0.0)	(26.0, 0.0)	(27.0, 0.0)	(28.0, 0.0)	(29.0, 0.0)	(30.0, 0.0)	(31.0, 0.0)	(32.0, 0.0)	(33.0, 0.0)	(34.0, 0.0)	(35.0, 0.0)	(36.0, 0.0)	(37.0, 0.0)	(38.0, 0.0)	(39.0, 0.0)	(40.0, 0.0)	(41.0, 0.0)	(42.0, 0.5)	(43.0, 2.5)	(44.0, 18.0)	(45.0, 214.0)	(46.0, 249.5)	(47.0, 576.0)	(48.0, 923.5)	(49.0, 1495.5)	(50.0, 1349.0)	(51.0, 377.0)	(52.0, 360.0)	(53.0, 1582.5)	(54.0, 5026.5)	(55.0, 23755.5)	(56.0, 29258.5)	(57.0, 17808.0)	(58.0, 25154.0)	(59.0, 33457.0)	(60.0, 19794.0)	(61.0, 3800.5)	(62.0, 1203.5)	(63.0, 403.0)	(64.0, 236.5)	(65.0, 398.0)	(66.0, 362.5)	(67.0, 135.5)	(68.0, 432.5)	(69.0, 410.0)	(70.0, 58.5)	(71.0, 18.5)	(72.0, 10.0)	(73.0, 7.5)	(74.0, 5.5)	(75.0, 4.0)	(76.0, 3.5)	(77.0, 2.0)	(78.0, 3.5)	(79.0, 3.0)	(80.0, 0.5)	(81.0, 0.0)	(82.0, 0.0)	(83.0, 0.0)	(84.0, 0.0)	(85.0, 0.5)	(86.0, 1.0)	(87.0, 0.5)	(88.0, 0.0)	(89.0, 0.0)	(90.0, 0.0)	(91.0, 0.0)	(92.0, 0.0)	(93.0, 0.0)	(94.0, 0.0)	(95.0, 0.0)	(96.0, 0.0)	(97.0, 0.0)	(98.0, 0.0)	(99.0, 0.5)	(100.0, 0.5)
SRR15702638_1	(0.0, 0.0)	(1.0, 0.0)	(2.0, 0.0)	(3.0, 0.0)	(4.0, 0.0)	(5.0, 0.0)	(6.0, 0.0)	(7.0, 0.0)	(8.0, 0.0)	(9.0, 0.0)	(10.0, 0.0)	(11.0, 0.0)	(12.0, 0.0)	(13.0, 0.0)	(14.0, 0.0)	(15.0, 0.0)	(16.0, 0.0)	(17.0, 0.0)	(18.0, 0.0)	(19.0, 0.0)	(20.0, 0.0)	(21.0, 0.0)	(22.0, 0.5)	(23.0, 0.5)	(24.0, 0.5)	(25.0, 0.5)	(26.0, 0.0)	(27.0, 1.5)	(28.0, 2.0)	(29.0, 1.0)	(30.0, 0.5)	(31.0, 0.0)	(32.0, 0.0)	(33.0, 0.5)	(34.0, 1.5)	(35.0, 1.0)	(36.0, 0.0)	(37.0, 0.0)	(38.0, 0.0)	(39.0, 0.0)	(40.0, 1.5)	(41.0, 9.0)	(42.0, 75.5)	(43.0, 1091.5)	(44.0, 1684.0)	(45.0, 1868.5)	(46.0, 1371.0)	(47.0, 223.5)	(48.0, 122.0)	(49.0, 533.5)	(50.0, 3286.0)	(51.0, 4719.5)	(52.0, 17029.5)	(53.0, 19710.0)	(54.0, 14612.0)	(55.0, 12306.5)	(56.0, 6840.5)	(57.0, 7540.5)	(58.0, 6898.0)	(59.0, 5080.5)	(60.0, 1450.5)	(61.0, 714.5)	(62.0, 660.0)	(63.0, 286.5)	(64.0, 159.5)	(65.0, 730.0)	(66.0, 676.5)	(67.0, 58.0)	(68.0, 6.5)	(69.0, 1.5)	(70.0, 2.0)	(71.0, 1.5)	(72.0, 0.0)	(73.0, 0.5)	(74.0, 0.5)	(75.0, 0.0)	(76.0, 0.0)	(77.0, 0.0)	(78.0, 0.0)	(79.0, 0.0)	(80.0, 0.0)	(81.0, 0.0)	(82.0, 0.0)	(83.0, 0.0)	(84.0, 0.0)	(85.0, 0.0)	(86.0, 0.0)	(87.0, 0.0)	(88.0, 0.0)	(89.0, 0.0)	(90.0, 0.0)	(91.0, 0.0)	(92.0, 0.0)	(93.0, 0.0)	(94.0, 0.0)	(95.0, 0.0)	(96.0, 0.0)	(97.0, 0.0)	(98.0, 0.0)	(99.0, 0.0)	(100.0, 0.0)
SRR15702638_2	(0.0, 0.0)	(1.0, 0.0)	(2.0, 0.0)	(3.0, 0.0)	(4.0, 0.0)	(5.0, 0.0)	(6.0, 0.0)	(7.0, 0.0)	(8.0, 0.0)	(9.0, 0.0)	(10.0, 0.0)	(11.0, 0.0)	(12.0, 0.0)	(13.0, 0.0)	(14.0, 0.0)	(15.0, 0.0)	(16.0, 0.0)	(17.0, 0.0)	(18.0, 0.0)	(19.0, 0.0)	(20.0, 0.0)	(21.0, 0.0)	(22.0, 0.0)	(23.0, 0.0)	(24.0, 0.0)	(25.0, 0.0)	(26.0, 0.0)	(27.0, 0.0)	(28.0, 0.0)	(29.0, 0.0)	(30.0, 0.0)	(31.0, 0.0)	(32.0, 0.0)	(33.0, 0.0)	(34.0, 0.0)	(35.0, 1.0)	(36.0, 1.0)	(37.0, 0.0)	(38.0, 0.0)	(39.0, 0.0)	(40.0, 0.0)	(41.0, 0.0)	(42.0, 0.0)	(43.0, 2.5)	(44.0, 4.0)	(45.0, 3.5)	(46.0, 6.5)	(47.0, 48.5)	(48.0, 1115.0)	(49.0, 1708.5)	(50.0, 1783.5)	(51.0, 1387.0)	(52.0, 466.5)	(53.0, 1345.0)	(54.0, 6519.0)	(55.0, 22988.5)	(56.0, 21933.0)	(57.0, 9106.5)	(58.0, 16176.5)	(59.0, 15595.5)	(60.0, 5390.0)	(61.0, 1483.5)	(62.0, 419.0)	(63.0, 383.0)	(64.0, 369.5)	(65.0, 732.0)	(66.0, 668.0)	(67.0, 82.0)	(68.0, 21.0)	(69.0, 8.5)	(70.0, 3.5)	(71.0, 1.5)	(72.0, 3.0)	(73.0, 2.5)	(74.0, 0.5)	(75.0, 1.0)	(76.0, 1.0)	(77.0, 0.0)	(78.0, 0.0)	(79.0, 0.0)	(80.0, 0.0)	(81.0, 0.0)	(82.0, 0.0)	(83.0, 0.0)	(84.0, 0.0)	(85.0, 0.0)	(86.0, 0.0)	(87.0, 0.0)	(88.0, 0.0)	(89.0, 0.0)	(90.0, 0.0)	(91.0, 0.0)	(92.0, 0.0)	(93.0, 0.0)	(94.0, 0.0)	(95.0, 0.0)	(96.0, 0.0)	(97.0, 0.0)	(98.0, 0.0)	(99.0, 0.0)	(100.0, 0.0)
SRR15702639_1	(0.0, 0.0)	(1.0, 0.0)	(2.0, 0.0)	(3.0, 0.0)	(4.0, 0.0)	(5.0, 0.0)	(6.0, 0.0)	(7.0, 0.0)	(8.0, 0.0)	(9.0, 0.0)	(10.0, 0.0)	(11.0, 0.0)	(12.0, 0.0)	(13.0, 0.0)	(14.0, 0.0)	(15.0, 0.0)	(16.0, 0.0)	(17.0, 0.0)	(18.0, 0.0)	(19.0, 0.5)	(20.0, 1.0)	(21.0, 1.0)	(22.0, 0.5)	(23.0, 1.5)	(24.0, 1.5)	(25.0, 0.5)	(26.0, 1.0)	(27.0, 1.5)	(28.0, 1.0)	(29.0, 0.5)	(30.0, 1.0)	(31.0, 0.5)	(32.0, 0.5)	(33.0, 2.0)	(34.0, 1.5)	(35.0, 2.0)	(36.0, 3.5)	(37.0, 4.0)	(38.0, 5.5)	(39.0, 16.5)	(40.0, 64.5)	(41.0, 674.5)	(42.0, 998.0)	(43.0, 4192.0)	(44.0, 17693.0)	(45.0, 21446.0)	(46.0, 12726.5)	(47.0, 16262.0)	(48.0, 36880.5)	(49.0, 39783.5)	(50.0, 56978.5)	(51.0, 137185.5)	(52.0, 193089.0)	(53.0, 163480.5)	(54.0, 158494.0)	(55.0, 138554.5)	(56.0, 206342.0)	(57.0, 216220.5)	(58.0, 90847.0)	(59.0, 42932.0)	(60.0, 9422.0)	(61.0, 4350.5)	(62.0, 2166.5)	(63.0, 813.0)	(64.0, 416.0)	(65.0, 1444.5)	(66.0, 1408.5)	(67.0, 363.0)	(68.0, 707.5)	(69.0, 1461.0)	(70.0, 7617.5)	(71.0, 7170.0)	(72.0, 561.5)	(73.0, 78.5)	(74.0, 17.5)	(75.0, 6.0)	(76.0, 1.5)	(77.0, 0.5)	(78.0, 0.0)	(79.0, 0.0)	(80.0, 0.0)	(81.0, 0.0)	(82.0, 0.0)	(83.0, 0.0)	(84.0, 0.0)	(85.0, 0.0)	(86.0, 0.0)	(87.0, 0.0)	(88.0, 0.0)	(89.0, 0.0)	(90.0, 0.0)	(91.0, 0.0)	(92.0, 0.0)	(93.0, 0.0)	(94.0, 0.0)	(95.0, 0.0)	(96.0, 0.0)	(97.0, 0.5)	(98.0, 1.0)	(99.0, 0.5)	(100.0, 1.0)
SRR15702639_2	(0.0, 0.0)	(1.0, 0.0)	(2.0, 0.0)	(3.0, 0.0)	(4.0, 0.0)	(5.0, 0.0)	(6.0, 0.0)	(7.0, 0.0)	(8.0, 0.0)	(9.0, 0.0)	(10.0, 0.0)	(11.0, 0.0)	(12.0, 0.0)	(13.0, 0.0)	(14.0, 0.0)	(15.0, 0.0)	(16.0, 0.0)	(17.0, 0.0)	(18.0, 0.0)	(19.0, 0.0)	(20.0, 0.0)	(21.0, 0.0)	(22.0, 0.0)	(23.0, 0.0)	(24.0, 0.0)	(25.0, 0.0)	(26.0, 0.0)	(27.0, 0.0)	(28.0, 0.0)	(29.0, 0.5)	(30.0, 0.5)	(31.0, 0.0)	(32.0, 0.5)	(33.0, 0.5)	(34.0, 0.5)	(35.0, 0.5)	(36.0, 0.5)	(37.0, 7.5)	(38.0, 13.0)	(39.0, 6.5)	(40.0, 2.5)	(41.0, 5.5)	(42.0, 8.0)	(43.0, 13.5)	(44.0, 22.0)	(45.0, 69.5)	(46.0, 334.5)	(47.0, 3419.0)	(48.0, 10943.5)	(49.0, 37052.0)	(50.0, 44697.0)	(51.0, 19623.0)	(52.0, 10649.0)	(53.0, 34693.0)	(54.0, 128346.0)	(55.0, 244338.5)	(56.0, 239741.0)	(57.0, 224388.0)	(58.0, 263011.0)	(59.0, 200472.0)	(60.0, 80033.5)	(61.0, 18052.5)	(62.0, 6413.0)	(63.0, 3374.5)	(64.0, 2089.0)	(65.0, 2146.5)	(66.0, 1944.5)	(67.0, 1609.0)	(68.0, 7276.0)	(69.0, 6922.5)	(70.0, 792.5)	(71.0, 166.5)	(72.0, 70.0)	(73.0, 41.0)	(74.0, 26.0)	(75.0, 22.5)	(76.0, 16.0)	(77.0, 9.0)	(78.0, 5.0)	(79.0, 3.5)	(80.0, 4.5)	(81.0, 3.0)	(82.0, 1.0)	(83.0, 1.5)	(84.0, 1.5)	(85.0, 1.0)	(86.0, 1.5)	(87.0, 2.5)	(88.0, 2.5)	(89.0, 1.5)	(90.0, 0.5)	(91.0, 0.0)	(92.0, 0.5)	(93.0, 1.0)	(94.0, 1.0)	(95.0, 0.5)	(96.0, 0.5)	(97.0, 0.5)	(98.0, 0.5)	(99.0, 1.0)	(100.0, 1.5)
SRR15702640_1	(0.0, 0.0)	(1.0, 0.0)	(2.0, 0.0)	(3.0, 0.0)	(4.0, 0.0)	(5.0, 0.0)	(6.0, 0.0)	(7.0, 0.0)	(8.0, 0.0)	(9.0, 0.0)	(10.0, 0.0)	(11.0, 0.0)	(12.0, 0.0)	(13.0, 0.0)	(14.0, 0.0)	(15.0, 0.0)	(16.0, 0.0)	(17.0, 0.0)	(18.0, 0.0)	(19.0, 0.5)	(20.0, 0.5)	(21.0, 0.0)	(22.0, 0.0)	(23.0, 0.0)	(24.0, 0.0)	(25.0, 0.0)	(26.0, 0.0)	(27.0, 0.0)	(28.0, 0.0)	(29.0, 0.0)	(30.0, 0.0)	(31.0, 0.0)	(32.0, 0.0)	(33.0, 0.0)	(34.0, 0.0)	(35.0, 0.0)	(36.0, 0.0)	(37.0, 0.0)	(38.0, 0.5)	(39.0, 1.0)	(40.0, 2.5)	(41.0, 4.0)	(42.0, 3.0)	(43.0, 24.0)	(44.0, 46.5)	(45.0, 54.5)	(46.0, 59.0)	(47.0, 154.0)	(48.0, 764.0)	(49.0, 1354.0)	(50.0, 5202.5)	(51.0, 6623.5)	(52.0, 7380.5)	(53.0, 8040.0)	(54.0, 6231.0)	(55.0, 5348.0)	(56.0, 4768.5)	(57.0, 4745.0)	(58.0, 8322.5)	(59.0, 7659.0)	(60.0, 1645.0)	(61.0, 470.5)	(62.0, 103.5)	(63.0, 71.5)	(64.0, 132.5)	(65.0, 1008.5)	(66.0, 993.0)	(67.0, 187.5)	(68.0, 579.0)	(69.0, 537.0)	(70.0, 66.5)	(71.0, 21.0)	(72.0, 3.0)	(73.0, 0.0)	(74.0, 0.0)	(75.0, 0.0)	(76.0, 0.0)	(77.0, 0.0)	(78.0, 0.0)	(79.0, 0.0)	(80.0, 0.0)	(81.0, 0.0)	(82.0, 0.0)	(83.0, 0.0)	(84.0, 0.0)	(85.0, 0.0)	(86.0, 0.0)	(87.0, 0.0)	(88.0, 0.0)	(89.0, 0.0)	(90.0, 0.0)	(91.0, 0.0)	(92.0, 0.0)	(93.0, 0.0)	(94.0, 0.0)	(95.0, 0.0)	(96.0, 0.0)	(97.0, 0.0)	(98.0, 0.0)	(99.0, 0.0)	(100.0, 0.0)
SRR15702640_2	(0.0, 0.0)	(1.0, 0.0)	(2.0, 0.0)	(3.0, 0.0)	(4.0, 0.0)	(5.0, 0.0)	(6.0, 0.0)	(7.0, 0.0)	(8.0, 0.0)	(9.0, 0.0)	(10.0, 0.0)	(11.0, 0.0)	(12.0, 0.0)	(13.0, 0.0)	(14.0, 0.0)	(15.0, 0.0)	(16.0, 0.0)	(17.0, 0.0)	(18.0, 0.0)	(19.0, 0.0)	(20.0, 0.0)	(21.0, 0.0)	(22.0, 0.0)	(23.0, 0.0)	(24.0, 0.0)	(25.0, 0.0)	(26.0, 0.0)	(27.0, 0.0)	(28.0, 0.0)	(29.0, 0.0)	(30.0, 0.0)	(31.0, 0.0)	(32.0, 0.0)	(33.0, 0.0)	(34.0, 0.0)	(35.0, 0.0)	(36.0, 0.0)	(37.0, 0.0)	(38.0, 0.0)	(39.0, 0.0)	(40.0, 0.0)	(41.0, 0.0)	(42.0, 0.0)	(43.0, 0.5)	(44.0, 0.5)	(45.0, 1.0)	(46.0, 1.0)	(47.0, 16.0)	(48.0, 54.0)	(49.0, 255.0)	(50.0, 283.5)	(51.0, 105.0)	(52.0, 207.5)	(53.0, 1234.5)	(54.0, 3457.5)	(55.0, 7660.0)	(56.0, 9182.5)	(57.0, 13907.5)	(58.0, 14479.5)	(59.0, 9520.5)	(60.0, 6220.5)	(61.0, 1611.0)	(62.0, 574.0)	(63.0, 329.0)	(64.0, 914.0)	(65.0, 936.5)	(66.0, 278.0)	(67.0, 142.5)	(68.0, 520.5)	(69.0, 528.5)	(70.0, 92.0)	(71.0, 38.0)	(72.0, 24.5)	(73.0, 8.0)	(74.0, 5.0)	(75.0, 2.0)	(76.0, 4.0)	(77.0, 4.0)	(78.0, 2.5)	(79.0, 2.0)	(80.0, 0.5)	(81.0, 0.0)	(82.0, 0.0)	(83.0, 0.0)	(84.0, 0.0)	(85.0, 0.5)	(86.0, 0.5)	(87.0, 0.5)	(88.0, 0.5)	(89.0, 0.5)	(90.0, 0.5)	(91.0, 0.0)	(92.0, 0.0)	(93.0, 0.0)	(94.0, 0.0)	(95.0, 0.0)	(96.0, 0.0)	(97.0, 0.0)	(98.0, 0.0)	(99.0, 0.0)	(100.0, 0.5)
SRR15702641_1	(0.0, 0.0)	(1.0, 0.0)	(2.0, 0.0)	(3.0, 0.0)	(4.0, 0.0)	(5.0, 0.0)	(6.0, 0.0)	(7.0, 0.0)	(8.0, 0.0)	(9.0, 0.0)	(10.0, 0.0)	(11.0, 0.0)	(12.0, 0.0)	(13.0, 0.0)	(14.0, 0.0)	(15.0, 0.0)	(16.0, 0.0)	(17.0, 0.0)	(18.0, 0.0)	(19.0, 0.0)	(20.0, 0.0)	(21.0, 0.0)	(22.0, 0.0)	(23.0, 0.0)	(24.0, 0.0)	(25.0, 0.0)	(26.0, 0.0)	(27.0, 0.0)	(28.0, 0.0)	(29.0, 0.0)	(30.0, 0.0)	(31.0, 0.0)	(32.0, 0.0)	(33.0, 0.0)	(34.0, 0.0)	(35.0, 0.0)	(36.0, 1.0)	(37.0, 1.5)	(38.0, 2.0)	(39.0, 2.0)	(40.0, 2.5)	(41.0, 17.5)	(42.0, 18.0)	(43.0, 18.5)	(44.0, 172.5)	(45.0, 246.0)	(46.0, 146.0)	(47.0, 204.5)	(48.0, 296.5)	(49.0, 738.5)	(50.0, 1448.0)	(51.0, 5488.0)	(52.0, 23768.0)	(53.0, 24379.0)	(54.0, 16630.5)	(55.0, 15482.0)	(56.0, 10799.5)	(57.0, 13507.0)	(58.0, 11595.0)	(59.0, 6269.5)	(60.0, 4662.0)	(61.0, 3570.5)	(62.0, 450.0)	(63.0, 96.5)	(64.0, 65.0)	(65.0, 255.0)	(66.0, 281.0)	(67.0, 245.0)	(68.0, 1507.0)	(69.0, 1432.5)	(70.0, 121.0)	(71.0, 15.0)	(72.0, 3.5)	(73.0, 1.0)	(74.0, 0.5)	(75.0, 0.0)	(76.0, 0.0)	(77.0, 0.0)	(78.0, 0.0)	(79.0, 0.0)	(80.0, 0.0)	(81.0, 0.0)	(82.0, 0.0)	(83.0, 0.0)	(84.0, 0.0)	(85.0, 0.0)	(86.0, 0.0)	(87.0, 0.0)	(88.0, 0.0)	(89.0, 0.0)	(90.0, 0.0)	(91.0, 0.0)	(92.0, 0.0)	(93.0, 0.0)	(94.0, 0.0)	(95.0, 0.0)	(96.0, 0.0)	(97.0, 0.0)	(98.0, 0.0)	(99.0, 0.0)	(100.0, 0.0)
SRR15702641_2	(0.0, 0.0)	(1.0, 0.0)	(2.0, 0.0)	(3.0, 0.0)	(4.0, 0.0)	(5.0, 0.0)	(6.0, 0.0)	(7.0, 0.0)	(8.0, 0.0)	(9.0, 0.0)	(10.0, 0.0)	(11.0, 0.0)	(12.0, 0.0)	(13.0, 0.0)	(14.0, 0.0)	(15.0, 0.0)	(16.0, 0.0)	(17.0, 0.0)	(18.0, 0.0)	(19.0, 0.0)	(20.0, 0.0)	(21.0, 0.0)	(22.0, 0.0)	(23.0, 0.0)	(24.0, 0.0)	(25.0, 0.0)	(26.0, 0.0)	(27.0, 0.0)	(28.0, 0.0)	(29.0, 0.0)	(30.0, 0.0)	(31.0, 0.0)	(32.0, 0.0)	(33.0, 0.0)	(34.0, 0.0)	(35.0, 0.5)	(36.0, 0.5)	(37.0, 1.0)	(38.0, 1.0)	(39.0, 0.0)	(40.0, 0.0)	(41.0, 1.0)	(42.0, 2.0)	(43.0, 1.5)	(44.0, 6.0)	(45.0, 59.5)	(46.0, 74.5)	(47.0, 66.5)	(48.0, 75.0)	(49.0, 279.5)	(50.0, 335.0)	(51.0, 158.0)	(52.0, 405.0)	(53.0, 3381.5)	(54.0, 10026.5)	(55.0, 25721.5)	(56.0, 31785.5)	(57.0, 31665.0)	(58.0, 24692.0)	(59.0, 7585.5)	(60.0, 2079.0)	(61.0, 834.5)	(62.0, 426.5)	(63.0, 263.5)	(64.0, 338.0)	(65.0, 324.5)	(66.0, 172.0)	(67.0, 232.0)	(68.0, 1345.5)	(69.0, 1320.5)	(70.0, 179.5)	(71.0, 55.5)	(72.0, 11.0)	(73.0, 7.5)	(74.0, 8.0)	(75.0, 6.0)	(76.0, 5.0)	(77.0, 2.5)	(78.0, 1.0)	(79.0, 1.0)	(80.0, 0.5)	(81.0, 0.5)	(82.0, 0.0)	(83.0, 0.0)	(84.0, 0.0)	(85.0, 0.0)	(86.0, 0.5)	(87.0, 0.5)	(88.0, 0.0)	(89.0, 0.0)	(90.0, 0.0)	(91.0, 0.0)	(92.0, 0.0)	(93.0, 0.0)	(94.0, 0.0)	(95.0, 0.0)	(96.0, 0.0)	(97.0, 0.0)	(98.0, 0.0)	(99.0, 0.0)	(100.0, 0.0)
SRR15702642_1	(0.0, 0.0)	(1.0, 0.0)	(2.0, 0.0)	(3.0, 0.0)	(4.0, 0.0)	(5.0, 0.0)	(6.0, 0.0)	(7.0, 0.0)	(8.0, 0.0)	(9.0, 0.0)	(10.0, 0.0)	(11.0, 0.0)	(12.0, 0.0)	(13.0, 0.0)	(14.0, 0.0)	(15.0, 0.0)	(16.0, 0.0)	(17.0, 0.0)	(18.0, 0.0)	(19.0, 0.0)	(20.0, 0.0)	(21.0, 0.0)	(22.0, 0.0)	(23.0, 0.0)	(24.0, 0.5)	(25.0, 1.0)	(26.0, 0.5)	(27.0, 0.0)	(28.0, 0.0)	(29.0, 0.0)	(30.0, 0.0)	(31.0, 0.0)	(32.0, 0.0)	(33.0, 0.0)	(34.0, 0.0)	(35.0, 0.0)	(36.0, 0.5)	(37.0, 0.5)	(38.0, 0.0)	(39.0, 1.5)	(40.0, 2.5)	(41.0, 40.0)	(42.0, 63.0)	(43.0, 152.5)	(44.0, 2267.5)	(45.0, 2988.5)	(46.0, 1626.0)	(47.0, 4109.5)	(48.0, 7096.0)	(49.0, 6519.0)	(50.0, 5578.5)	(51.0, 11101.0)	(52.0, 17434.5)	(53.0, 17021.0)	(54.0, 14686.5)	(55.0, 11008.5)	(56.0, 8726.0)	(57.0, 6929.0)	(58.0, 14399.5)	(59.0, 13924.5)	(60.0, 2374.0)	(61.0, 648.5)	(62.0, 252.5)	(63.0, 80.5)	(64.0, 76.0)	(65.0, 280.5)	(66.0, 245.5)	(67.0, 41.0)	(68.0, 70.5)	(69.0, 87.0)	(70.0, 226.5)	(71.0, 207.0)	(72.0, 15.5)	(73.0, 1.5)	(74.0, 1.5)	(75.0, 1.0)	(76.0, 0.0)	(77.0, 0.0)	(78.0, 0.0)	(79.0, 0.0)	(80.0, 0.0)	(81.0, 0.0)	(82.0, 0.0)	(83.0, 0.0)	(84.0, 0.0)	(85.0, 0.0)	(86.0, 0.0)	(87.0, 0.0)	(88.0, 0.0)	(89.0, 0.0)	(90.0, 0.0)	(91.0, 0.0)	(92.0, 0.0)	(93.0, 0.0)	(94.0, 0.5)	(95.0, 0.5)	(96.0, 0.0)	(97.0, 0.0)	(98.0, 0.0)	(99.0, 0.0)	(100.0, 0.0)
SRR15702642_2	(0.0, 0.0)	(1.0, 0.0)	(2.0, 0.0)	(3.0, 0.0)	(4.0, 0.0)	(5.0, 0.0)	(6.0, 0.0)	(7.0, 0.0)	(8.0, 0.0)	(9.0, 0.0)	(10.0, 0.0)	(11.0, 0.0)	(12.0, 0.0)	(13.0, 0.0)	(14.0, 0.0)	(15.0, 0.0)	(16.0, 0.0)	(17.0, 0.0)	(18.0, 0.0)	(19.0, 0.0)	(20.0, 0.0)	(21.0, 0.0)	(22.0, 0.0)	(23.0, 0.0)	(24.0, 0.0)	(25.0, 0.0)	(26.0, 0.0)	(27.0, 0.0)	(28.0, 0.0)	(29.0, 0.0)	(30.0, 0.0)	(31.0, 0.0)	(32.0, 0.0)	(33.0, 0.0)	(34.0, 0.0)	(35.0, 0.0)	(36.0, 0.0)	(37.0, 0.0)	(38.0, 1.0)	(39.0, 1.5)	(40.0, 0.5)	(41.0, 0.0)	(42.0, 0.0)	(43.0, 0.5)	(44.0, 5.0)	(45.0, 57.0)	(46.0, 102.0)	(47.0, 701.5)	(48.0, 1118.0)	(49.0, 3238.0)	(50.0, 3626.5)	(51.0, 1295.0)	(52.0, 3103.5)	(53.0, 5150.5)	(54.0, 13074.0)	(55.0, 25871.0)	(56.0, 23273.0)	(57.0, 24990.0)	(58.0, 24252.5)	(59.0, 10516.5)	(60.0, 4377.5)	(61.0, 2237.5)	(62.0, 1434.0)	(63.0, 467.0)	(64.0, 259.5)	(65.0, 292.5)	(66.0, 252.0)	(67.0, 95.0)	(68.0, 213.5)	(69.0, 211.0)	(70.0, 41.0)	(71.0, 12.0)	(72.0, 5.0)	(73.0, 3.5)	(74.0, 4.0)	(75.0, 2.5)	(76.0, 0.5)	(77.0, 0.5)	(78.0, 0.5)	(79.0, 0.5)	(80.0, 0.0)	(81.0, 0.5)	(82.0, 0.5)	(83.0, 0.0)	(84.0, 0.0)	(85.0, 0.0)	(86.0, 0.0)	(87.0, 0.0)	(88.0, 0.0)	(89.0, 0.0)	(90.0, 0.0)	(91.0, 0.0)	(92.0, 0.0)	(93.0, 0.0)	(94.0, 0.0)	(95.0, 0.0)	(96.0, 0.0)	(97.0, 0.0)	(98.0, 0.0)	(99.0, 0.0)	(100.0, 0.0)
