Sample	0	1	2	3	4	5	6	7	8	9	10	11	12	13	14	15	16	17	18	19	20	21	22	23	24	25	26	27	28	29	30	31	32	33	34	35	36	37	38	39	40	41	42	43	44	45	46	47	48	49	50	51	52	53	54	55	56	57	58	59	60	61	62	63	64	65	66	67	68	69	70	71	72	73	74	75	76	77	78	79	80	81	82	83	84	85	86	87	88	89	90	91	92	93	94	95	96	97	98	99	100
SRR15702528_1	(0.0, 0.0)	(1.0, 0.0)	(2.0, 0.0)	(3.0, 0.0)	(4.0, 0.0)	(5.0, 0.0)	(6.0, 0.0)	(7.0, 0.0)	(8.0, 0.0)	(9.0, 0.0)	(10.0, 0.0)	(11.0, 0.0)	(12.0, 0.0)	(13.0, 0.0)	(14.0, 0.0)	(15.0, 0.0)	(16.0, 0.0)	(17.0, 0.0)	(18.0, 0.0)	(19.0, 0.0)	(20.0, 0.0)	(21.0, 0.0)	(22.0, 0.0)	(23.0, 0.0)	(24.0, 0.0)	(25.0, 0.0)	(26.0, 0.0)	(27.0, 0.0)	(28.0, 0.0)	(29.0, 0.0)	(30.0, 0.0)	(31.0, 0.0)	(32.0, 0.0)	(33.0, 0.0)	(34.0, 0.0)	(35.0, 0.0)	(36.0, 0.0)	(37.0, 0.0)	(38.0, 0.0)	(39.0, 0.0004060155260337155)	(40.0, 0.0004060155260337155)	(41.0, 0.0020300776301685774)	(42.0, 0.003248124208269724)	(43.0, 0.006496248416539448)	(44.0, 0.11165426965927176)	(45.0, 0.17661675382466627)	(46.0, 0.11652645597167637)	(47.0, 0.1721505830382954)	(48.0, 0.5115795628024815)	(49.0, 1.151866047357651)	(50.0, 8.224250495338941)	(51.0, 9.410221846883426)	(52.0, 10.756569331211226)	(53.0, 12.812225939519928)	(54.0, 10.817877675642317)	(55.0, 10.549095397407998)	(56.0, 7.308685484132914)	(57.0, 8.10731802384123)	(58.0, 7.510881216097704)	(59.0, 3.8892227238769608)	(60.0, 3.866079838893039)	(61.0, 3.3593724624029626)	(62.0, 0.543654789359145)	(63.0, 0.15794003962711534)	(64.0, 0.051157956280248156)	(65.0, 0.15266183778867704)	(66.0, 0.1416994185857667)	(67.0, 0.025984993666157793)	(68.0, 0.03248124208269724)	(69.0, 0.024766947088056646)	(70.0, 0.002842108682236009)	(71.0, 0.001624062104134862)	(72.0, 0.0004060155260337155)	(73.0, 0.0)	(74.0, 0.0)	(75.0, 0.0)	(76.0, 0.0)	(77.0, 0.0)	(78.0, 0.0)	(79.0, 0.0)	(80.0, 0.0)	(81.0, 0.0)	(82.0, 0.0)	(83.0, 0.0)	(84.0, 0.0)	(85.0, 0.0)	(86.0, 0.0)	(87.0, 0.0)	(88.0, 0.0)	(89.0, 0.0)	(90.0, 0.0)	(91.0, 0.0)	(92.0, 0.0)	(93.0, 0.0)	(94.0, 0.0)	(95.0, 0.0)	(96.0, 0.0)	(97.0, 0.0)	(98.0, 0.0)	(99.0, 0.0)	(100.0, 0.0)
SRR15702528_2	(0.0, 0.0)	(1.0, 0.0)	(2.0, 0.0)	(3.0, 0.0)	(4.0, 0.0)	(5.0, 0.0)	(6.0, 0.0)	(7.0, 0.0)	(8.0, 0.0)	(9.0, 0.0)	(10.0, 0.0)	(11.0, 0.0)	(12.0, 0.0)	(13.0, 0.0)	(14.0, 0.0)	(15.0, 0.0)	(16.0, 0.0)	(17.0, 0.0)	(18.0, 0.0)	(19.0, 0.0)	(20.0, 0.0)	(21.0, 0.0)	(22.0, 0.0)	(23.0, 0.0)	(24.0, 0.0)	(25.0, 0.0)	(26.0, 0.0)	(27.0, 0.0)	(28.0, 0.0)	(29.0, 0.0)	(30.0, 0.0)	(31.0, 0.0)	(32.0, 0.0)	(33.0, 0.0)	(34.0, 0.0)	(35.0, 0.0)	(36.0, 0.0)	(37.0, 0.0)	(38.0, 0.0)	(39.0, 0.0)	(40.0, 0.0)	(41.0, 0.0)	(42.0, 0.0004060155260337155)	(43.0, 0.000812031052067431)	(44.0, 0.0004060155260337155)	(45.0, 0.008526326046708027)	(46.0, 0.012586481307045181)	(47.0, 0.02679702471822522)	(48.0, 0.05643615811868646)	(49.0, 0.2858349303277357)	(50.0, 0.3556696008055348)	(51.0, 0.1522558222626433)	(52.0, 0.20869198038132977)	(53.0, 1.393039269821678)	(54.0, 7.329392275960633)	(55.0, 21.76649235066749)	(56.0, 24.177818559781723)	(57.0, 11.971367785104102)	(58.0, 8.22384447981291)	(59.0, 12.36357878325267)	(60.0, 8.899860330659044)	(61.0, 1.5542274336570632)	(62.0, 0.38571474973202974)	(63.0, 0.2509175950888362)	(64.0, 0.18311300224120572)	(65.0, 0.17864683145483484)	(66.0, 0.14210543411180043)	(67.0, 0.031263195504596095)	(68.0, 0.01461655893721376)	(69.0, 0.008526326046708027)	(70.0, 0.004060155260337155)	(71.0, 0.002842108682236009)	(72.0, 0.0012180465781011466)	(73.0, 0.0020300776301685774)	(74.0, 0.001624062104134862)	(75.0, 0.0012180465781011466)	(76.0, 0.0012180465781011466)	(77.0, 0.0004060155260337155)	(78.0, 0.0)	(79.0, 0.0)	(80.0, 0.0)	(81.0, 0.0004060155260337155)	(82.0, 0.0004060155260337155)	(83.0, 0.0)	(84.0, 0.0)	(85.0, 0.0004060155260337155)	(86.0, 0.0004060155260337155)	(87.0, 0.0)	(88.0, 0.0)	(89.0, 0.0)	(90.0, 0.0)	(91.0, 0.0)	(92.0, 0.0)	(93.0, 0.0)	(94.0, 0.0)	(95.0, 0.0)	(96.0, 0.0)	(97.0, 0.0)	(98.0, 0.0)	(99.0, 0.0004060155260337155)	(100.0, 0.0004060155260337155)
SRR15702529_1	(0.0, 0.0)	(1.0, 0.0)	(2.0, 0.0)	(3.0, 0.0)	(4.0, 0.0)	(5.0, 0.0)	(6.0, 0.0)	(7.0, 0.0)	(8.0, 0.0)	(9.0, 0.0)	(10.0, 0.00033658814065345223)	(11.0, 0.00033658814065345223)	(12.0, 0.0)	(13.0, 0.0)	(14.0, 0.0)	(15.0, 0.0)	(16.0, 0.0)	(17.0, 0.0)	(18.0, 0.0)	(19.0, 0.0)	(20.0, 0.0)	(21.0, 0.0)	(22.0, 0.00033658814065345223)	(23.0, 0.00033658814065345223)	(24.0, 0.0)	(25.0, 0.0)	(26.0, 0.0)	(27.0, 0.0)	(28.0, 0.0)	(29.0, 0.0)	(30.0, 0.0)	(31.0, 0.0)	(32.0, 0.0)	(33.0, 0.0)	(34.0, 0.0)	(35.0, 0.0)	(36.0, 0.00033658814065345223)	(37.0, 0.0006731762813069045)	(38.0, 0.00033658814065345223)	(39.0, 0.0)	(40.0, 0.0010097644219603566)	(41.0, 0.004375645828494879)	(42.0, 0.004039057687841427)	(43.0, 0.008078115375682853)	(44.0, 0.03433199034665212)	(45.0, 0.04947845667605747)	(46.0, 0.04745892783213676)	(47.0, 0.09996667777407531)	(48.0, 0.3022561503068001)	(49.0, 0.6321125281471832)	(50.0, 4.978475188405212)	(51.0, 6.226544013948213)	(52.0, 8.999693704792005)	(53.0, 10.466881409900404)	(54.0, 9.803466184672448)	(55.0, 15.305672519934433)	(56.0, 17.031696505205336)	(57.0, 11.632822729123962)	(58.0, 4.824990996267237)	(59.0, 2.277691947801911)	(60.0, 2.0653048310495827)	(61.0, 1.644233067092114)	(62.0, 0.33221249482495735)	(63.0, 0.10400573546191674)	(64.0, 0.05721998391108688)	(65.0, 0.20397241323599205)	(66.0, 0.2016162962514179)	(67.0, 0.056546807629779976)	(68.0, 0.10265938289930293)	(69.0, 0.21104076418971457)	(70.0, 1.1339654458614805)	(71.0, 1.061262407480335)	(72.0, 0.07505915536571985)	(73.0, 0.012453761204177731)	(74.0, 0.0023561169845741654)	(75.0, 0.0006731762813069045)	(76.0, 0.00033658814065345223)	(77.0, 0.00033658814065345223)	(78.0, 0.0)	(79.0, 0.0)	(80.0, 0.0)	(81.0, 0.0)	(82.0, 0.0)	(83.0, 0.0)	(84.0, 0.0)	(85.0, 0.0)	(86.0, 0.0)	(87.0, 0.0)	(88.0, 0.0)	(89.0, 0.0)	(90.0, 0.0)	(91.0, 0.0)	(92.0, 0.0)	(93.0, 0.0)	(94.0, 0.0)	(95.0, 0.0)	(96.0, 0.0)	(97.0, 0.0)	(98.0, 0.0)	(99.0, 0.00033658814065345223)	(100.0, 0.0006731762813069045)
SRR15702529_2	(0.0, 0.0)	(1.0, 0.0)	(2.0, 0.0)	(3.0, 0.0)	(4.0, 0.0)	(5.0, 0.0)	(6.0, 0.0)	(7.0, 0.0)	(8.0, 0.0)	(9.0, 0.0)	(10.0, 0.0)	(11.0, 0.0)	(12.0, 0.0)	(13.0, 0.0)	(14.0, 0.0)	(15.0, 0.0)	(16.0, 0.0)	(17.0, 0.0)	(18.0, 0.0)	(19.0, 0.0)	(20.0, 0.0)	(21.0, 0.0)	(22.0, 0.0)	(23.0, 0.0)	(24.0, 0.0)	(25.0, 0.0)	(26.0, 0.0)	(27.0, 0.0)	(28.0, 0.0)	(29.0, 0.0)	(30.0, 0.0)	(31.0, 0.0)	(32.0, 0.0)	(33.0, 0.0)	(34.0, 0.0)	(35.0, 0.0)	(36.0, 0.0)	(37.0, 0.0)	(38.0, 0.0)	(39.0, 0.0)	(40.0, 0.0)	(41.0, 0.0)	(42.0, 0.00033658814065345223)	(43.0, 0.00033658814065345223)	(44.0, 0.00033658814065345223)	(45.0, 0.001682940703267261)	(46.0, 0.002692705125227618)	(47.0, 0.007404939094375948)	(48.0, 0.025580698689662368)	(49.0, 0.08212750631944235)	(50.0, 0.08414703516336305)	(51.0, 0.07034692139657152)	(52.0, 0.3719298954220647)	(53.0, 1.5486420351465338)	(54.0, 3.905095607861352)	(55.0, 14.000720298620998)	(56.0, 21.205052861167488)	(57.0, 18.95967337486831)	(58.0, 15.424824721725756)	(59.0, 11.943493582947099)	(60.0, 6.710221172067224)	(61.0, 1.5233979245975247)	(62.0, 0.5570533727814634)	(63.0, 0.2766754516171377)	(64.0, 0.22147499654997155)	(65.0, 0.2854267432741275)	(66.0, 0.2675875718194945)	(67.0, 0.21676276258082322)	(68.0, 1.0760722856690867)	(69.0, 1.034671944368712)	(70.0, 0.1218449069165497)	(71.0, 0.029619756377503793)	(72.0, 0.013126937485484637)	(73.0, 0.011443996782217376)	(74.0, 0.007741527235029401)	(75.0, 0.00302929326588107)	(76.0, 0.001682940703267261)	(77.0, 0.002692705125227618)	(78.0, 0.001346352562613809)	(79.0, 0.00033658814065345223)	(80.0, 0.0006731762813069045)	(81.0, 0.00033658814065345223)	(82.0, 0.0)	(83.0, 0.0)	(84.0, 0.0)	(85.0, 0.00033658814065345223)	(86.0, 0.00033658814065345223)	(87.0, 0.0)	(88.0, 0.0)	(89.0, 0.0)	(90.0, 0.00033658814065345223)	(91.0, 0.00033658814065345223)	(92.0, 0.00033658814065345223)	(93.0, 0.00033658814065345223)	(94.0, 0.0)	(95.0, 0.0)	(96.0, 0.0)	(97.0, 0.0)	(98.0, 0.0)	(99.0, 0.0)	(100.0, 0.00033658814065345223)
SRR15702530_1	(0.0, 0.0)	(1.0, 0.0)	(2.0, 0.0)	(3.0, 0.0)	(4.0, 0.0)	(5.0, 0.0)	(6.0, 0.0)	(7.0, 0.0)	(8.0, 0.0)	(9.0, 0.0)	(10.0, 0.0)	(11.0, 0.0)	(12.0, 0.0)	(13.0, 0.0)	(14.0, 0.0)	(15.0, 0.0)	(16.0, 0.0)	(17.0, 0.0)	(18.0, 0.0005138270869087135)	(19.0, 0.0007707406303630701)	(20.0, 0.00025691354345435676)	(21.0, 0.0)	(22.0, 0.0)	(23.0, 0.0)	(24.0, 0.0)	(25.0, 0.0)	(26.0, 0.0)	(27.0, 0.0)	(28.0, 0.00025691354345435676)	(29.0, 0.00025691354345435676)	(30.0, 0.00025691354345435676)	(31.0, 0.00025691354345435676)	(32.0, 0.0)	(33.0, 0.0)	(34.0, 0.0)	(35.0, 0.00025691354345435676)	(36.0, 0.0005138270869087135)	(37.0, 0.0005138270869087135)	(38.0, 0.0005138270869087135)	(39.0, 0.001027654173817427)	(40.0, 0.0043675302387240645)	(41.0, 0.042904561756877575)	(42.0, 0.049841227430145206)	(43.0, 0.07758789012321574)	(44.0, 0.8876362926348025)	(45.0, 1.361127953221182)	(46.0, 2.8859098336227893)	(47.0, 9.524041969396459)	(48.0, 13.64005384907871)	(49.0, 8.048844402881542)	(50.0, 2.673185419642582)	(51.0, 3.383294453750424)	(52.0, 9.081123020481147)	(53.0, 9.752695023070835)	(54.0, 7.216187608545972)	(55.0, 8.018528604753929)	(56.0, 7.671952234634001)	(57.0, 5.603027469196066)	(58.0, 4.69458117954146)	(59.0, 3.4701312314379966)	(60.0, 0.6790224953498649)	(61.0, 0.3293631627084853)	(62.0, 0.1860054054609543)	(63.0, 0.07604640886248959)	(64.0, 0.04213382112651451)	(65.0, 0.18728997317822604)	(66.0, 0.1929420711342219)	(67.0, 0.08709369123102693)	(68.0, 0.07116505153685682)	(69.0, 0.020039256389439826)	(70.0, 0.018754688672168042)	(71.0, 0.01413024488998962)	(72.0, 0.002569135434543567)	(73.0, 0.0005138270869087135)	(74.0, 0.0)	(75.0, 0.0)	(76.0, 0.0)	(77.0, 0.0)	(78.0, 0.0)	(79.0, 0.0)	(80.0, 0.0)	(81.0, 0.0)	(82.0, 0.0)	(83.0, 0.0)	(84.0, 0.0)	(85.0, 0.0)	(86.0, 0.0)	(87.0, 0.0)	(88.0, 0.0)	(89.0, 0.0)	(90.0, 0.0)	(91.0, 0.0)	(92.0, 0.0)	(93.0, 0.0)	(94.0, 0.0)	(95.0, 0.0)	(96.0, 0.0)	(97.0, 0.0)	(98.0, 0.0)	(99.0, 0.00025691354345435676)	(100.0, 0.00025691354345435676)
SRR15702530_2	(0.0, 0.0)	(1.0, 0.0)	(2.0, 0.0)	(3.0, 0.0)	(4.0, 0.0)	(5.0, 0.0)	(6.0, 0.0)	(7.0, 0.0)	(8.0, 0.0)	(9.0, 0.0)	(10.0, 0.0)	(11.0, 0.0)	(12.0, 0.0)	(13.0, 0.0)	(14.0, 0.0)	(15.0, 0.0)	(16.0, 0.0)	(17.0, 0.0)	(18.0, 0.0)	(19.0, 0.0)	(20.0, 0.0)	(21.0, 0.0)	(22.0, 0.0)	(23.0, 0.0)	(24.0, 0.0)	(25.0, 0.0)	(26.0, 0.0)	(27.0, 0.0)	(28.0, 0.0)	(29.0, 0.0)	(30.0, 0.0)	(31.0, 0.0)	(32.0, 0.0)	(33.0, 0.0)	(34.0, 0.0)	(35.0, 0.0)	(36.0, 0.0)	(37.0, 0.0)	(38.0, 0.0)	(39.0, 0.0005138270869087135)	(40.0, 0.0005138270869087135)	(41.0, 0.00025691354345435676)	(42.0, 0.0005138270869087135)	(43.0, 0.0007707406303630701)	(44.0, 0.006679752129813275)	(45.0, 0.17418738246205387)	(46.0, 0.2055308347634854)	(47.0, 0.13642109157426344)	(48.0, 0.610683492791006)	(49.0, 3.686709348570019)	(50.0, 4.059747813665745)	(51.0, 3.180846581508391)	(52.0, 5.23230122599143)	(53.0, 10.586379471580223)	(54.0, 11.211963949891581)	(55.0, 10.29426877267262)	(56.0, 12.312067742963139)	(57.0, 12.275329106249165)	(58.0, 11.151332353636354)	(59.0, 7.782425058319374)	(60.0, 4.373953077310423)	(61.0, 1.3349227717888374)	(62.0, 0.4051526580275206)	(63.0, 0.2132382410671161)	(64.0, 0.1603140511155186)	(65.0, 0.23713120060837126)	(66.0, 0.21169675980638997)	(67.0, 0.05549332538614106)	(68.0, 0.024920613715072603)	(69.0, 0.01567172615071576)	(70.0, 0.01567172615071576)	(71.0, 0.01335950425962655)	(72.0, 0.013616417803080906)	(73.0, 0.009505801107811199)	(74.0, 0.0015414812607261403)	(75.0, 0.0015414812607261403)	(76.0, 0.0007707406303630701)	(77.0, 0.00025691354345435676)	(78.0, 0.00025691354345435676)	(79.0, 0.00025691354345435676)	(80.0, 0.00025691354345435676)	(81.0, 0.00025691354345435676)	(82.0, 0.00025691354345435676)	(83.0, 0.0)	(84.0, 0.0)	(85.0, 0.0)	(86.0, 0.0)	(87.0, 0.0)	(88.0, 0.0)	(89.0, 0.0)	(90.0, 0.0)	(91.0, 0.0)	(92.0, 0.0)	(93.0, 0.0)	(94.0, 0.0)	(95.0, 0.0)	(96.0, 0.0)	(97.0, 0.0)	(98.0, 0.0)	(99.0, 0.00025691354345435676)	(100.0, 0.00025691354345435676)
SRR15702531_1	(0.0, 0.0)	(1.0, 0.0)	(2.0, 0.0)	(3.0, 0.0)	(4.0, 0.0)	(5.0, 0.0)	(6.0, 0.0)	(7.0, 0.0)	(8.0, 0.0)	(9.0, 0.0)	(10.0, 0.0)	(11.0, 0.0)	(12.0, 0.0)	(13.0, 0.0)	(14.0, 0.0)	(15.0, 0.0)	(16.0, 0.0)	(17.0, 0.0)	(18.0, 0.0)	(19.0, 0.0)	(20.0, 0.0)	(21.0, 0.0)	(22.0, 0.00037873766735470674)	(23.0, 0.00037873766735470674)	(24.0, 0.0)	(25.0, 0.0)	(26.0, 0.0)	(27.0, 0.0)	(28.0, 0.0)	(29.0, 0.0)	(30.0, 0.0)	(31.0, 0.0)	(32.0, 0.0)	(33.0, 0.0)	(34.0, 0.0)	(35.0, 0.0)	(36.0, 0.0)	(37.0, 0.0)	(38.0, 0.0)	(39.0, 0.00037873766735470674)	(40.0, 0.00037873766735470674)	(41.0, 0.001514950669418827)	(42.0, 0.0018936883367735337)	(43.0, 0.0022724260041282404)	(44.0, 0.026890374382184182)	(45.0, 0.07650500880565077)	(46.0, 0.28367451284867534)	(47.0, 0.4264586134413998)	(48.0, 0.7699736777321189)	(49.0, 1.1710568674607533)	(50.0, 7.027477417766584)	(51.0, 8.3443482871589)	(52.0, 8.039843202605715)	(53.0, 10.586854015566118)	(54.0, 8.159524305489803)	(55.0, 6.091995379400458)	(56.0, 16.779214876815573)	(57.0, 18.816823527183896)	(58.0, 6.405590167970156)	(59.0, 2.4678546404832695)	(60.0, 1.4577612816482663)	(61.0, 1.193402389834681)	(62.0, 0.4105516314125021)	(63.0, 0.21701668339424696)	(64.0, 0.09013956483042021)	(65.0, 0.28481072585073947)	(66.0, 0.27231238282803416)	(67.0, 0.13823924858446796)	(68.0, 0.14467778892949798)	(69.0, 0.07120268146268487)	(70.0, 0.11854488988202322)	(71.0, 0.10491033385725376)	(72.0, 0.009089704016512962)	(73.0, 0.0022724260041282404)	(74.0, 0.001514950669418827)	(75.0, 0.001514950669418827)	(76.0, 0.00037873766735470674)	(77.0, 0.0)	(78.0, 0.0)	(79.0, 0.0)	(80.0, 0.0)	(81.0, 0.0)	(82.0, 0.0)	(83.0, 0.0)	(84.0, 0.0)	(85.0, 0.0)	(86.0, 0.0)	(87.0, 0.0)	(88.0, 0.0)	(89.0, 0.0)	(90.0, 0.0)	(91.0, 0.0)	(92.0, 0.0)	(93.0, 0.0)	(94.0, 0.0)	(95.0, 0.0)	(96.0, 0.0)	(97.0, 0.0)	(98.0, 0.0)	(99.0, 0.0)	(100.0, 0.00037873766735470674)
SRR15702531_2	(0.0, 0.0)	(1.0, 0.0)	(2.0, 0.0)	(3.0, 0.0)	(4.0, 0.0)	(5.0, 0.0)	(6.0, 0.0)	(7.0, 0.0)	(8.0, 0.0)	(9.0, 0.0)	(10.0, 0.0)	(11.0, 0.0)	(12.0, 0.0)	(13.0, 0.0)	(14.0, 0.0)	(15.0, 0.0)	(16.0, 0.0)	(17.0, 0.0)	(18.0, 0.0)	(19.0, 0.0)	(20.0, 0.0)	(21.0, 0.0)	(22.0, 0.0)	(23.0, 0.0)	(24.0, 0.0)	(25.0, 0.0)	(26.0, 0.0)	(27.0, 0.0)	(28.0, 0.0)	(29.0, 0.0)	(30.0, 0.0)	(31.0, 0.0)	(32.0, 0.0)	(33.0, 0.0)	(34.0, 0.0)	(35.0, 0.0)	(36.0, 0.0)	(37.0, 0.00037873623293793274)	(38.0, 0.00037873623293793274)	(39.0, 0.0)	(40.0, 0.0)	(41.0, 0.0)	(42.0, 0.0)	(43.0, 0.00037873623293793274)	(44.0, 0.0007574724658758655)	(45.0, 0.0018936811646896633)	(46.0, 0.004923571028193125)	(47.0, 0.12005938584132468)	(48.0, 0.17081004105500766)	(49.0, 0.19618536866184916)	(50.0, 0.19883652229241466)	(51.0, 0.09468405823448317)	(52.0, 0.16285658016331106)	(53.0, 1.0419033768122528)	(54.0, 3.8619733672681)	(55.0, 8.74085351997455)	(56.0, 10.034995227923465)	(57.0, 8.959384326379736)	(58.0, 20.519929100577194)	(59.0, 26.008953324546653)	(60.0, 12.595630898816829)	(61.0, 3.4635428502173946)	(62.0, 1.5062339983941584)	(63.0, 0.6586223090790649)	(64.0, 0.36472299231922917)	(65.0, 0.40903513157296734)	(66.0, 0.35260343286521534)	(67.0, 0.12611916556833158)	(68.0, 0.16815888742444213)	(69.0, 0.14202608735172478)	(70.0, 0.03370752473147601)	(71.0, 0.017043130482206972)	(72.0, 0.009089669590510385)	(73.0, 0.007953460891696587)	(74.0, 0.004923571028193125)	(75.0, 0.0034086260964413945)	(76.0, 0.0041660985623172605)	(77.0, 0.003029889863503462)	(78.0, 0.0007574724658758655)	(79.0, 0.00037873623293793274)	(80.0, 0.0018936811646896633)	(81.0, 0.001514944931751731)	(82.0, 0.0011362086988137982)	(83.0, 0.0011362086988137982)	(84.0, 0.00037873623293793274)	(85.0, 0.00037873623293793274)	(86.0, 0.0)	(87.0, 0.0)	(88.0, 0.0007574724658758655)	(89.0, 0.0007574724658758655)	(90.0, 0.0)	(91.0, 0.0)	(92.0, 0.0)	(93.0, 0.0)	(94.0, 0.0)	(95.0, 0.0)	(96.0, 0.00037873623293793274)	(97.0, 0.00037873623293793274)	(98.0, 0.0)	(99.0, 0.0)	(100.0, 0.0)
SRR15702532_1	(0.0, 0.0)	(1.0, 0.0)	(2.0, 0.0)	(3.0, 0.0)	(4.0, 0.0)	(5.0, 0.0)	(6.0, 0.0)	(7.0, 0.0)	(8.0, 0.0)	(9.0, 0.0)	(10.0, 0.0)	(11.0, 0.0)	(12.0, 0.0)	(13.0, 0.0)	(14.0, 0.0)	(15.0, 0.0)	(16.0, 0.0)	(17.0, 0.0)	(18.0, 0.0)	(19.0, 0.0)	(20.0, 0.0)	(21.0, 0.0)	(22.0, 0.0)	(23.0, 0.0)	(24.0, 0.0)	(25.0, 0.0)	(26.0, 0.0)	(27.0, 0.0)	(28.0, 0.0)	(29.0, 0.0)	(30.0, 0.0004535229664030187)	(31.0, 0.0004535229664030187)	(32.0, 0.0)	(33.0, 0.0)	(34.0, 0.0)	(35.0, 0.0)	(36.0, 0.0)	(37.0, 0.0004535229664030187)	(38.0, 0.0009070459328060374)	(39.0, 0.0013605688992090559)	(40.0, 0.0018140918656120747)	(41.0, 0.0027211377984181118)	(42.0, 0.005895798563239242)	(43.0, 0.007256367462448299)	(44.0, 0.02947899281619621)	(45.0, 0.07211015165807996)	(46.0, 0.12381176982802408)	(47.0, 0.3700747405848632)	(48.0, 0.7165662869167695)	(49.0, 0.9972970031202381)	(50.0, 6.929830926638125)	(51.0, 8.684964806617806)	(52.0, 9.280893984471374)	(53.0, 10.151204556998767)	(54.0, 7.716693273347362)	(55.0, 9.795189028372398)	(56.0, 17.28466729555185)	(57.0, 15.154469922356867)	(58.0, 5.392841593498295)	(59.0, 2.7941549960089977)	(60.0, 1.9115993033887235)	(61.0, 1.5964008417386255)	(62.0, 0.3056744793556346)	(63.0, 0.09796096074305204)	(64.0, 0.0757383353893041)	(65.0, 0.22676148320150935)	(66.0, 0.19501487555329802)	(67.0, 0.025397286118569045)	(68.0, 0.026757855017778102)	(69.0, 0.02086205645453886)	(70.0, 0.0013605688992090559)	(71.0, 0.0009070459328060374)	(72.0, 0.0)	(73.0, 0.0)	(74.0, 0.0)	(75.0, 0.0)	(76.0, 0.0)	(77.0, 0.0)	(78.0, 0.0)	(79.0, 0.0)	(80.0, 0.0)	(81.0, 0.0)	(82.0, 0.0)	(83.0, 0.0)	(84.0, 0.0)	(85.0, 0.0)	(86.0, 0.0)	(87.0, 0.0)	(88.0, 0.0)	(89.0, 0.0)	(90.0, 0.0)	(91.0, 0.0)	(92.0, 0.0)	(93.0, 0.0)	(94.0, 0.0)	(95.0, 0.0)	(96.0, 0.0)	(97.0, 0.0)	(98.0, 0.0)	(99.0, 0.0)	(100.0, 0.0)
SRR15702532_2	(0.0, 0.0)	(1.0, 0.0)	(2.0, 0.0)	(3.0, 0.0)	(4.0, 0.0)	(5.0, 0.0)	(6.0, 0.0)	(7.0, 0.0)	(8.0, 0.0)	(9.0, 0.0)	(10.0, 0.0)	(11.0, 0.0)	(12.0, 0.0)	(13.0, 0.0)	(14.0, 0.0)	(15.0, 0.0)	(16.0, 0.0)	(17.0, 0.0)	(18.0, 0.0)	(19.0, 0.0)	(20.0, 0.0)	(21.0, 0.0)	(22.0, 0.0)	(23.0, 0.0)	(24.0, 0.0)	(25.0, 0.0)	(26.0, 0.0)	(27.0, 0.0)	(28.0, 0.0)	(29.0, 0.0004535229664030187)	(30.0, 0.0004535229664030187)	(31.0, 0.0004535229664030187)	(32.0, 0.0004535229664030187)	(33.0, 0.0)	(34.0, 0.0)	(35.0, 0.0)	(36.0, 0.0)	(37.0, 0.0004535229664030187)	(38.0, 0.0004535229664030187)	(39.0, 0.0004535229664030187)	(40.0, 0.0004535229664030187)	(41.0, 0.0)	(42.0, 0.0004535229664030187)	(43.0, 0.0009070459328060374)	(44.0, 0.0004535229664030187)	(45.0, 0.0009070459328060374)	(46.0, 0.007709890428851317)	(47.0, 0.19546839851970105)	(48.0, 0.24762353965604816)	(49.0, 0.31066323198606777)	(50.0, 0.3115702779188738)	(51.0, 0.09342573107902184)	(52.0, 0.18549089325883464)	(53.0, 1.4236085915390755)	(54.0, 4.565162179812786)	(55.0, 12.53310717654742)	(56.0, 17.186706334808793)	(57.0, 16.592137725854435)	(58.0, 17.572654379217763)	(59.0, 16.421613090486904)	(60.0, 8.907191060155286)	(61.0, 1.8403961976634495)	(62.0, 0.6127095276104783)	(63.0, 0.29932515782599234)	(64.0, 0.18911907699005878)	(65.0, 0.22948262099992742)	(66.0, 0.1845838473260286)	(67.0, 0.0390029751106596)	(68.0, 0.013605688992090558)	(69.0, 0.011338074160075465)	(70.0, 0.006802844496045279)	(71.0, 0.0013605688992090559)	(72.0, 0.0018140918656120747)	(73.0, 0.0018140918656120747)	(74.0, 0.0009070459328060374)	(75.0, 0.0009070459328060374)	(76.0, 0.0009070459328060374)	(77.0, 0.0009070459328060374)	(78.0, 0.0009070459328060374)	(79.0, 0.0)	(80.0, 0.0)	(81.0, 0.0004535229664030187)	(82.0, 0.0004535229664030187)	(83.0, 0.0004535229664030187)	(84.0, 0.0004535229664030187)	(85.0, 0.0)	(86.0, 0.0)	(87.0, 0.0)	(88.0, 0.0004535229664030187)	(89.0, 0.0004535229664030187)	(90.0, 0.0)	(91.0, 0.0)	(92.0, 0.0)	(93.0, 0.0)	(94.0, 0.0)	(95.0, 0.0)	(96.0, 0.0)	(97.0, 0.0)	(98.0, 0.0004535229664030187)	(99.0, 0.0004535229664030187)	(100.0, 0.0)
SRR15702534_1	(0.0, 0.0)	(1.0, 0.0)	(2.0, 0.0)	(3.0, 0.0)	(4.0, 0.0)	(5.0, 0.0)	(6.0, 0.0)	(7.0, 0.0)	(8.0, 0.0)	(9.0, 0.0)	(10.0, 0.0)	(11.0, 0.0)	(12.0, 0.0)	(13.0, 0.0)	(14.0, 0.0)	(15.0, 0.0)	(16.0, 0.0)	(17.0, 0.0)	(18.0, 0.00046513358636600426)	(19.0, 0.00046513358636600426)	(20.0, 0.0)	(21.0, 0.0)	(22.0, 0.0)	(23.0, 0.0)	(24.0, 0.0)	(25.0, 0.0)	(26.0, 0.0)	(27.0, 0.00046513358636600426)	(28.0, 0.00046513358636600426)	(29.0, 0.00046513358636600426)	(30.0, 0.00046513358636600426)	(31.0, 0.0)	(32.0, 0.0)	(33.0, 0.0)	(34.0, 0.0009302671727320085)	(35.0, 0.0009302671727320085)	(36.0, 0.0)	(37.0, 0.00046513358636600426)	(38.0, 0.00046513358636600426)	(39.0, 0.001395400759098013)	(40.0, 0.002790801518196026)	(41.0, 0.002790801518196026)	(42.0, 0.03767582049564635)	(43.0, 0.1944258391009898)	(44.0, 2.8256865371734765)	(45.0, 6.075574905112748)	(46.0, 4.0880590905708125)	(47.0, 1.0065490808960333)	(48.0, 2.677308923122721)	(49.0, 3.3750093026717276)	(50.0, 8.368218352310784)	(51.0, 10.190146610106423)	(52.0, 8.031461635781795)	(53.0, 8.03239190295453)	(54.0, 6.978864329835528)	(55.0, 6.292327156359306)	(56.0, 6.574663243283471)	(57.0, 6.869557937039518)	(58.0, 8.041694574681848)	(59.0, 6.501637270224009)	(60.0, 1.71355213217236)	(61.0, 0.9302671727320087)	(62.0, 0.16884349185085956)	(63.0, 0.04744362580933244)	(64.0, 0.018605343454640173)	(65.0, 0.053490362432090495)	(66.0, 0.05442062960482251)	(67.0, 0.014419141177346132)	(68.0, 0.01814020986827417)	(69.0, 0.053955496018456506)	(70.0, 0.3693160675746074)	(71.0, 0.35024559053360127)	(72.0, 0.026977748009228253)	(73.0, 0.005116469450026048)	(74.0, 0.00046513358636600426)	(75.0, 0.0)	(76.0, 0.0)	(77.0, 0.0)	(78.0, 0.0)	(79.0, 0.0)	(80.0, 0.0)	(81.0, 0.0)	(82.0, 0.0)	(83.0, 0.0)	(84.0, 0.0)	(85.0, 0.0)	(86.0, 0.0)	(87.0, 0.0)	(88.0, 0.0)	(89.0, 0.0)	(90.0, 0.0)	(91.0, 0.0)	(92.0, 0.00046513358636600426)	(93.0, 0.00046513358636600426)	(94.0, 0.0)	(95.0, 0.0)	(96.0, 0.0)	(97.0, 0.0)	(98.0, 0.0)	(99.0, 0.0)	(100.0, 0.0)
SRR15702534_2	(0.0, 0.0)	(1.0, 0.0)	(2.0, 0.0)	(3.0, 0.0)	(4.0, 0.0)	(5.0, 0.0)	(6.0, 0.0)	(7.0, 0.0)	(8.0, 0.0)	(9.0, 0.0)	(10.0, 0.0)	(11.0, 0.0)	(12.0, 0.0)	(13.0, 0.0)	(14.0, 0.0)	(15.0, 0.0)	(16.0, 0.0)	(17.0, 0.0)	(18.0, 0.0)	(19.0, 0.0)	(20.0, 0.0)	(21.0, 0.0)	(22.0, 0.0)	(23.0, 0.0)	(24.0, 0.0)	(25.0, 0.0)	(26.0, 0.0)	(27.0, 0.0)	(28.0, 0.0)	(29.0, 0.0)	(30.0, 0.0)	(31.0, 0.0)	(32.0, 0.0)	(33.0, 0.0)	(34.0, 0.0)	(35.0, 0.0)	(36.0, 0.0)	(37.0, 0.0)	(38.0, 0.0)	(39.0, 0.0009302671727320085)	(40.0, 0.0009302671727320085)	(41.0, 0.00046513358636600426)	(42.0, 0.001395400759098013)	(43.0, 0.0009302671727320085)	(44.0, 0.00046513358636600426)	(45.0, 0.002790801518196026)	(46.0, 0.050699560913894465)	(47.0, 1.1530661606013248)	(48.0, 3.126627967552281)	(49.0, 7.086310188286076)	(50.0, 5.9620823100394436)	(51.0, 1.2446974771154276)	(52.0, 0.7879362953040113)	(53.0, 1.3749348812979088)	(54.0, 5.211821835231079)	(55.0, 14.814969859343604)	(56.0, 14.94334672918062)	(57.0, 6.846766391307583)	(58.0, 6.345352385205031)	(59.0, 14.7931085807844)	(60.0, 12.290224752548932)	(61.0, 1.9582123986008781)	(62.0, 0.7283991962491627)	(63.0, 0.23954379697849223)	(64.0, 0.10000372106869093)	(65.0, 0.08186351120041677)	(66.0, 0.08000297685495275)	(67.0, 0.08046811044131874)	(68.0, 0.32884944556076506)	(69.0, 0.30838356776066084)	(70.0, 0.037210686909280345)	(71.0, 0.010232938900052096)	(72.0, 0.0032559351045620306)	(73.0, 0.001395400759098013)	(74.0, 0.00046513358636600426)	(75.0, 0.0009302671727320085)	(76.0, 0.0009302671727320085)	(77.0, 0.0)	(78.0, 0.0)	(79.0, 0.0)	(80.0, 0.0)	(81.0, 0.0)	(82.0, 0.0)	(83.0, 0.0)	(84.0, 0.0)	(85.0, 0.0)	(86.0, 0.0)	(87.0, 0.0)	(88.0, 0.0)	(89.0, 0.0)	(90.0, 0.0)	(91.0, 0.0)	(92.0, 0.0)	(93.0, 0.0)	(94.0, 0.0)	(95.0, 0.0)	(96.0, 0.0)	(97.0, 0.0)	(98.0, 0.0)	(99.0, 0.0)	(100.0, 0.0)
SRR15702535_1	(0.0, 0.0)	(1.0, 0.0)	(2.0, 0.0)	(3.0, 0.0)	(4.0, 0.0)	(5.0, 0.0)	(6.0, 0.0)	(7.0, 0.0)	(8.0, 0.0)	(9.0, 0.0)	(10.0, 0.0)	(11.0, 0.0)	(12.0, 0.0)	(13.0, 0.0)	(14.0, 0.0)	(15.0, 0.0)	(16.0, 0.0)	(17.0, 0.0)	(18.0, 0.0)	(19.0, 0.0)	(20.0, 0.0)	(21.0, 0.0)	(22.0, 0.0)	(23.0, 0.0)	(24.0, 0.0)	(25.0, 0.0)	(26.0, 0.0006751647401966079)	(27.0, 0.0006751647401966079)	(28.0, 0.0)	(29.0, 0.0)	(30.0, 0.0)	(31.0, 0.0)	(32.0, 0.0)	(33.0, 0.0)	(34.0, 0.0)	(35.0, 0.0)	(36.0, 0.0)	(37.0, 0.0)	(38.0, 0.0)	(39.0, 0.0013503294803932158)	(40.0, 0.0013503294803932158)	(41.0, 0.02093010694609485)	(42.0, 0.05671383817651506)	(43.0, 0.31057578049043966)	(44.0, 5.179863886788376)	(45.0, 7.136491303878147)	(46.0, 3.259695365669223)	(47.0, 5.184590039969753)	(48.0, 7.58142486766771)	(49.0, 4.4439343199740735)	(50.0, 4.514151452954521)	(51.0, 5.484363184617046)	(52.0, 4.7106243923517335)	(53.0, 4.117154585718915)	(54.0, 4.973263476288214)	(55.0, 9.95597925893918)	(56.0, 11.582451118072811)	(57.0, 6.751647401966079)	(58.0, 5.609268661553419)	(59.0, 4.826077562925354)	(60.0, 0.9965431565301934)	(61.0, 0.2950469914659177)	(62.0, 0.09924921680890136)	(63.0, 0.048611861294155775)	(64.0, 0.02363076590688128)	(65.0, 0.11545317057361996)	(66.0, 0.11680350005401317)	(67.0, 0.033758237009830404)	(68.0, 0.06886680350005402)	(69.0, 0.2315815058874365)	(70.0, 1.147104893594037)	(71.0, 1.0255752403586476)	(72.0, 0.07291779194123367)	(73.0, 0.014853624284325375)	(74.0, 0.0047261531813762555)	(75.0, 0.0013503294803932158)	(76.0, 0.0006751647401966079)	(77.0, 0.0)	(78.0, 0.0)	(79.0, 0.0)	(80.0, 0.0)	(81.0, 0.0)	(82.0, 0.0)	(83.0, 0.0)	(84.0, 0.0)	(85.0, 0.0)	(86.0, 0.0)	(87.0, 0.0)	(88.0, 0.0)	(89.0, 0.0)	(90.0, 0.0)	(91.0, 0.0)	(92.0, 0.0)	(93.0, 0.0)	(94.0, 0.0)	(95.0, 0.0)	(96.0, 0.0)	(97.0, 0.0)	(98.0, 0.0)	(99.0, 0.0)	(100.0, 0.0)
SRR15702535_2	(0.0, 0.0)	(1.0, 0.0)	(2.0, 0.0)	(3.0, 0.0)	(4.0, 0.0)	(5.0, 0.0)	(6.0, 0.0)	(7.0, 0.0)	(8.0, 0.0)	(9.0, 0.0)	(10.0, 0.0)	(11.0, 0.0)	(12.0, 0.0)	(13.0, 0.0)	(14.0, 0.0)	(15.0, 0.0)	(16.0, 0.0)	(17.0, 0.0)	(18.0, 0.0)	(19.0, 0.0)	(20.0, 0.0)	(21.0, 0.0)	(22.0, 0.0)	(23.0, 0.0)	(24.0, 0.0)	(25.0, 0.0)	(26.0, 0.0)	(27.0, 0.0)	(28.0, 0.0)	(29.0, 0.0)	(30.0, 0.0)	(31.0, 0.0)	(32.0, 0.0)	(33.0, 0.0)	(34.0, 0.0)	(35.0, 0.0)	(36.0, 0.0)	(37.0, 0.0)	(38.0, 0.0)	(39.0, 0.0)	(40.0, 0.0)	(41.0, 0.0)	(42.0, 0.0)	(43.0, 0.0)	(44.0, 0.0013503294803932158)	(45.0, 0.00675164740196608)	(46.0, 0.1883709625148536)	(47.0, 4.128632386302257)	(48.0, 5.78818731770552)	(49.0, 9.820271146159664)	(50.0, 9.808793345576321)	(51.0, 2.354299449065572)	(52.0, 0.9276763530301393)	(53.0, 1.4023171653883548)	(54.0, 3.6404882791401105)	(55.0, 8.838581613913794)	(56.0, 10.131522091390298)	(57.0, 12.859862806524792)	(58.0, 12.514853624284324)	(59.0, 7.8616182348493036)	(60.0, 5.023225667062763)	(61.0, 1.0890407259371286)	(62.0, 0.4624878470346765)	(63.0, 0.20660041050016204)	(64.0, 0.1431349249216809)	(65.0, 0.18769579777465703)	(66.0, 0.17216700875013505)	(67.0, 0.17959382089229772)	(68.0, 1.016122933995895)	(69.0, 1.0032948039321594)	(70.0, 0.14110943070109108)	(71.0, 0.040509884411796475)	(72.0, 0.029032083828454146)	(73.0, 0.014178459544128766)	(74.0, 0.0074268121421626875)	(75.0, 0.0047261531813762555)	(76.0, 0.0027006589607864316)	(77.0, 0.0006751647401966079)	(78.0, 0.0013503294803932158)	(79.0, 0.0013503294803932158)	(80.0, 0.0)	(81.0, 0.0)	(82.0, 0.0)	(83.0, 0.0)	(84.0, 0.0)	(85.0, 0.0)	(86.0, 0.0)	(87.0, 0.0)	(88.0, 0.0)	(89.0, 0.0)	(90.0, 0.0)	(91.0, 0.0)	(92.0, 0.0)	(93.0, 0.0)	(94.0, 0.0)	(95.0, 0.0)	(96.0, 0.0)	(97.0, 0.0)	(98.0, 0.0)	(99.0, 0.0)	(100.0, 0.0)
SRR15702536_1	(0.0, 0.0)	(1.0, 0.0)	(2.0, 0.0)	(3.0, 0.0)	(4.0, 0.0)	(5.0, 0.0)	(6.0, 0.0)	(7.0, 0.0)	(8.0, 0.0)	(9.0, 0.0)	(10.0, 0.0)	(11.0, 0.0)	(12.0, 0.0)	(13.0, 0.0)	(14.0, 0.0)	(15.0, 0.0)	(16.0, 0.0)	(17.0, 0.0)	(18.0, 0.0)	(19.0, 0.0)	(20.0, 0.0)	(21.0, 0.0)	(22.0, 0.0)	(23.0, 0.0)	(24.0, 0.0)	(25.0, 0.0)	(26.0, 0.0)	(27.0, 0.0)	(28.0, 0.0)	(29.0, 0.0)	(30.0, 0.0)	(31.0, 0.0)	(32.0, 0.00020908604308845176)	(33.0, 0.00020908604308845176)	(34.0, 0.0)	(35.0, 0.0004181720861769035)	(36.0, 0.0004181720861769035)	(37.0, 0.0)	(38.0, 0.0)	(39.0, 0.00020908604308845176)	(40.0, 0.0004181720861769035)	(41.0, 0.0004181720861769035)	(42.0, 0.0010454302154422588)	(43.0, 0.0020908604308845177)	(44.0, 0.011081560283687944)	(45.0, 0.02362672286899505)	(46.0, 0.023835808912083502)	(47.0, 0.03847183192827513)	(48.0, 0.21765857085507828)	(49.0, 1.3034423926134082)	(50.0, 11.6653285159909)	(51.0, 15.939256322761944)	(52.0, 13.566129733708015)	(53.0, 10.448447745216113)	(54.0, 8.274161983139301)	(55.0, 8.2959069316205)	(56.0, 5.630687140372006)	(57.0, 5.532416700120433)	(58.0, 8.2488625719256)	(59.0, 7.688930148534726)	(60.0, 2.1339321557607387)	(61.0, 0.6193128596279941)	(62.0, 0.20260437575270973)	(63.0, 0.09471597751906864)	(64.0, 0.01672688344707614)	(65.0, 0.007945269637361167)	(66.0, 0.0039726348186805835)	(67.0, 0.001881774387796066)	(68.0, 0.000836344172353807)	(69.0, 0.0006272581292653553)	(70.0, 0.001881774387796066)	(71.0, 0.001672688344707614)	(72.0, 0.00020908604308845176)	(73.0, 0.0)	(74.0, 0.0)	(75.0, 0.0)	(76.0, 0.0)	(77.0, 0.0)	(78.0, 0.0)	(79.0, 0.0)	(80.0, 0.0)	(81.0, 0.0)	(82.0, 0.0)	(83.0, 0.0)	(84.0, 0.0)	(85.0, 0.0)	(86.0, 0.0)	(87.0, 0.0)	(88.0, 0.0)	(89.0, 0.0)	(90.0, 0.0)	(91.0, 0.0)	(92.0, 0.0)	(93.0, 0.0)	(94.0, 0.0)	(95.0, 0.0)	(96.0, 0.0)	(97.0, 0.0)	(98.0, 0.0)	(99.0, 0.0)	(100.0, 0.0)
SRR15702536_2	(0.0, 0.0)	(1.0, 0.0)	(2.0, 0.0)	(3.0, 0.0)	(4.0, 0.0)	(5.0, 0.0)	(6.0, 0.0)	(7.0, 0.0)	(8.0, 0.0)	(9.0, 0.0)	(10.0, 0.0)	(11.0, 0.0)	(12.0, 0.0)	(13.0, 0.0)	(14.0, 0.0)	(15.0, 0.0)	(16.0, 0.0)	(17.0, 0.0)	(18.0, 0.0)	(19.0, 0.0)	(20.0, 0.0)	(21.0, 0.0)	(22.0, 0.0)	(23.0, 0.0)	(24.0, 0.0)	(25.0, 0.0)	(26.0, 0.0)	(27.0, 0.0)	(28.0, 0.0)	(29.0, 0.0)	(30.0, 0.0)	(31.0, 0.0)	(32.0, 0.0)	(33.0, 0.0)	(34.0, 0.0)	(35.0, 0.0)	(36.0, 0.0)	(37.0, 0.0)	(38.0, 0.0)	(39.0, 0.0)	(40.0, 0.0)	(41.0, 0.0)	(42.0, 0.0)	(43.0, 0.00020908604308845176)	(44.0, 0.0004181720861769035)	(45.0, 0.0004181720861769035)	(46.0, 0.00020908604308845176)	(47.0, 0.005436237120299746)	(48.0, 0.009408871938980328)	(49.0, 0.020908604308845176)	(50.0, 0.028435701860029437)	(51.0, 0.05227151077211294)	(52.0, 0.2699300816271912)	(53.0, 1.5309280074936438)	(54.0, 7.087598688612337)	(55.0, 17.809112806101968)	(56.0, 17.215308443730766)	(57.0, 8.787050046835274)	(58.0, 12.191389000401445)	(59.0, 19.4525291047772)	(60.0, 12.338167402649539)	(61.0, 2.0291800481734246)	(62.0, 0.6853840492439448)	(63.0, 0.23605814264686203)	(64.0, 0.12837883045630938)	(65.0, 0.048089789910343905)	(66.0, 0.02822661581694099)	(67.0, 0.018817743877960657)	(68.0, 0.011917904456041751)	(69.0, 0.004599892947945938)	(70.0, 0.0020908604308845177)	(71.0, 0.002299946473972969)	(72.0, 0.0014636023016191622)	(73.0, 0.000836344172353807)	(74.0, 0.000836344172353807)	(75.0, 0.0006272581292653553)	(76.0, 0.0006272581292653553)	(77.0, 0.0004181720861769035)	(78.0, 0.0)	(79.0, 0.0)	(80.0, 0.00020908604308845176)	(81.0, 0.00020908604308845176)	(82.0, 0.0)	(83.0, 0.0)	(84.0, 0.0)	(85.0, 0.0)	(86.0, 0.0)	(87.0, 0.0)	(88.0, 0.0)	(89.0, 0.0)	(90.0, 0.0)	(91.0, 0.0)	(92.0, 0.0)	(93.0, 0.0)	(94.0, 0.0)	(95.0, 0.0)	(96.0, 0.0)	(97.0, 0.0)	(98.0, 0.0)	(99.0, 0.0)	(100.0, 0.0)
SRR15702537_1	(0.0, 0.0)	(1.0, 0.0)	(2.0, 0.0)	(3.0, 0.0)	(4.0, 0.0)	(5.0, 0.0)	(6.0, 0.0)	(7.0, 0.0)	(8.0, 0.0)	(9.0, 0.0)	(10.0, 0.0)	(11.0, 0.0)	(12.0, 0.0)	(13.0, 0.0)	(14.0, 0.0)	(15.0, 0.0)	(16.0, 0.0)	(17.0, 0.0)	(18.0, 0.0)	(19.0, 0.0)	(20.0, 0.0)	(21.0, 0.0)	(22.0, 0.0)	(23.0, 0.0)	(24.0, 0.0)	(25.0, 0.0)	(26.0, 0.0)	(27.0, 0.0)	(28.0, 0.0)	(29.0, 0.0)	(30.0, 0.0)	(31.0, 0.0)	(32.0, 0.0)	(33.0, 0.0)	(34.0, 0.0)	(35.0, 0.0)	(36.0, 0.0)	(37.0, 0.0)	(38.0, 0.0)	(39.0, 0.0)	(40.0, 0.0029076952153875234)	(41.0, 0.06542314234621928)	(42.0, 0.11121934198857275)	(43.0, 0.3322041783580245)	(44.0, 5.611124841894073)	(45.0, 9.67608275300583)	(46.0, 6.063998371690679)	(47.0, 14.548653010191472)	(48.0, 15.779335010104239)	(49.0, 3.543026619949697)	(50.0, 1.7358940435863512)	(51.0, 2.220025296948374)	(52.0, 4.565808411962259)	(53.0, 4.715554715554716)	(54.0, 3.193376270299347)	(55.0, 3.1672070133608594)	(56.0, 2.853902853902854)	(57.0, 2.9498567960106423)	(58.0, 8.22441591672361)	(59.0, 7.8747655670732595)	(60.0, 1.5803323495631187)	(61.0, 0.7247430324353401)	(62.0, 0.12285012285012285)	(63.0, 0.03561926638849716)	(64.0, 0.010176933253856331)	(65.0, 0.005815390430775047)	(66.0, 0.004361542823081285)	(67.0, 0.0050884666269281655)	(68.0, 0.007269238038468808)	(69.0, 0.01744617129232514)	(70.0, 0.11994242763473534)	(71.0, 0.11630780861550093)	(72.0, 0.012357704665396974)	(73.0, 0.0021807714115406425)	(74.0, 0.0007269238038468809)	(75.0, 0.0)	(76.0, 0.0)	(77.0, 0.0)	(78.0, 0.0)	(79.0, 0.0)	(80.0, 0.0)	(81.0, 0.0)	(82.0, 0.0)	(83.0, 0.0)	(84.0, 0.0)	(85.0, 0.0)	(86.0, 0.0)	(87.0, 0.0)	(88.0, 0.0)	(89.0, 0.0)	(90.0, 0.0)	(91.0, 0.0)	(92.0, 0.0)	(93.0, 0.0)	(94.0, 0.0)	(95.0, 0.0)	(96.0, 0.0)	(97.0, 0.0)	(98.0, 0.0)	(99.0, 0.0)	(100.0, 0.0)
SRR15702537_2	(0.0, 0.0)	(1.0, 0.0)	(2.0, 0.0)	(3.0, 0.0)	(4.0, 0.0)	(5.0, 0.0)	(6.0, 0.0)	(7.0, 0.0)	(8.0, 0.0)	(9.0, 0.0)	(10.0, 0.0)	(11.0, 0.0)	(12.0, 0.0)	(13.0, 0.0)	(14.0, 0.0)	(15.0, 0.0)	(16.0, 0.0)	(17.0, 0.0)	(18.0, 0.0)	(19.0, 0.0)	(20.0, 0.0)	(21.0, 0.0)	(22.0, 0.0)	(23.0, 0.0)	(24.0, 0.0)	(25.0, 0.0)	(26.0, 0.0)	(27.0, 0.0)	(28.0, 0.0)	(29.0, 0.0)	(30.0, 0.0)	(31.0, 0.0)	(32.0, 0.0)	(33.0, 0.0)	(34.0, 0.0)	(35.0, 0.0)	(36.0, 0.0)	(37.0, 0.0)	(38.0, 0.0)	(39.0, 0.0)	(40.0, 0.0)	(41.0, 0.0)	(42.0, 0.0)	(43.0, 0.0007269238038468809)	(44.0, 0.04797697105389413)	(45.0, 1.3309974848436388)	(46.0, 1.926348080194234)	(47.0, 12.319904627596935)	(48.0, 15.569980954596337)	(49.0, 11.802334879257955)	(50.0, 9.519794135178751)	(51.0, 2.220752220752221)	(52.0, 1.115101115101115)	(53.0, 1.4611168457322303)	(54.0, 4.664670049285434)	(55.0, 10.349214195368042)	(56.0, 10.293967986275678)	(57.0, 5.363243824782287)	(58.0, 4.462585231816001)	(59.0, 4.483666022127561)	(60.0, 2.0462905078289695)	(61.0, 0.4288850442696597)	(62.0, 0.1591963130424669)	(63.0, 0.07705392320776937)	(64.0, 0.04725004725004725)	(65.0, 0.0189000189000189)	(66.0, 0.015265399880784496)	(67.0, 0.02980387595772211)	(68.0, 0.11121934198857275)	(69.0, 0.1054039515577977)	(70.0, 0.015992323684631375)	(71.0, 0.0050884666269281655)	(72.0, 0.0021807714115406425)	(73.0, 0.0014538476076937617)	(74.0, 0.0007269238038468809)	(75.0, 0.0)	(76.0, 0.0)	(77.0, 0.0014538476076937617)	(78.0, 0.0014538476076937617)	(79.0, 0.0)	(80.0, 0.0)	(81.0, 0.0)	(82.0, 0.0)	(83.0, 0.0)	(84.0, 0.0)	(85.0, 0.0)	(86.0, 0.0)	(87.0, 0.0)	(88.0, 0.0)	(89.0, 0.0)	(90.0, 0.0)	(91.0, 0.0)	(92.0, 0.0)	(93.0, 0.0)	(94.0, 0.0)	(95.0, 0.0)	(96.0, 0.0)	(97.0, 0.0)	(98.0, 0.0)	(99.0, 0.0)	(100.0, 0.0)
SRR15702538_1	(0.0, 0.0)	(1.0, 0.0)	(2.0, 0.0)	(3.0, 0.0)	(4.0, 0.0)	(5.0, 0.0)	(6.0, 0.0)	(7.0, 0.0)	(8.0, 0.0)	(9.0, 0.0)	(10.0, 0.0)	(11.0, 0.0)	(12.0, 0.0)	(13.0, 0.0)	(14.0, 0.0)	(15.0, 0.0)	(16.0, 0.0)	(17.0, 0.0)	(18.0, 0.0)	(19.0, 0.0)	(20.0, 0.0)	(21.0, 0.0)	(22.0, 0.0)	(23.0, 0.0)	(24.0, 0.0)	(25.0, 0.0)	(26.0, 0.0)	(27.0, 0.0)	(28.0, 0.0)	(29.0, 0.0)	(30.0, 0.0)	(31.0, 0.0)	(32.0, 0.0)	(33.0, 0.0)	(34.0, 0.0)	(35.0, 0.0)	(36.0, 0.0)	(37.0, 0.0)	(38.0, 0.0)	(39.0, 0.0)	(40.0, 0.00039663652229097253)	(41.0, 0.00039663652229097253)	(42.0, 0.0007932730445819451)	(43.0, 0.005552911312073616)	(44.0, 0.06227193399968269)	(45.0, 0.2943042995399016)	(46.0, 1.9502617801047122)	(47.0, 9.092495636998255)	(48.0, 9.209900047596383)	(49.0, 2.4900840869427254)	(50.0, 3.7002221164524824)	(51.0, 4.760828177058544)	(52.0, 7.370299857210852)	(53.0, 7.327859749325719)	(54.0, 5.901951451689672)	(55.0, 6.314056798349991)	(56.0, 4.541884816753926)	(57.0, 5.651673806124068)	(58.0, 13.225844835792481)	(59.0, 11.886799936538155)	(60.0, 3.626844359828653)	(61.0, 1.9835792479771537)	(62.0, 0.3653022370299857)	(63.0, 0.16143106457242581)	(64.0, 0.02340155481516738)	(65.0, 0.01427891480247501)	(66.0, 0.005949547834364588)	(67.0, 0.002379819133745835)	(68.0, 0.0011899095668729176)	(69.0, 0.002379819133745835)	(70.0, 0.01229573219102015)	(71.0, 0.011899095668729176)	(72.0, 0.0011899095668729176)	(73.0, 0.0)	(74.0, 0.0)	(75.0, 0.0)	(76.0, 0.0)	(77.0, 0.0)	(78.0, 0.0)	(79.0, 0.0)	(80.0, 0.0)	(81.0, 0.0)	(82.0, 0.0)	(83.0, 0.0)	(84.0, 0.0)	(85.0, 0.0)	(86.0, 0.0)	(87.0, 0.0)	(88.0, 0.0)	(89.0, 0.0)	(90.0, 0.0)	(91.0, 0.0)	(92.0, 0.0)	(93.0, 0.0)	(94.0, 0.0)	(95.0, 0.0)	(96.0, 0.0)	(97.0, 0.0)	(98.0, 0.0)	(99.0, 0.0)	(100.0, 0.0)
SRR15702538_2	(0.0, 0.0)	(1.0, 0.0)	(2.0, 0.0)	(3.0, 0.0)	(4.0, 0.0)	(5.0, 0.0)	(6.0, 0.0)	(7.0, 0.0)	(8.0, 0.0)	(9.0, 0.0)	(10.0, 0.0)	(11.0, 0.0)	(12.0, 0.0)	(13.0, 0.0)	(14.0, 0.0)	(15.0, 0.0)	(16.0, 0.0)	(17.0, 0.0)	(18.0, 0.0)	(19.0, 0.0)	(20.0, 0.0)	(21.0, 0.0)	(22.0, 0.0)	(23.0, 0.0)	(24.0, 0.0)	(25.0, 0.0)	(26.0, 0.0)	(27.0, 0.0)	(28.0, 0.0)	(29.0, 0.0)	(30.0, 0.0)	(31.0, 0.0)	(32.0, 0.0)	(33.0, 0.0)	(34.0, 0.0)	(35.0, 0.0)	(36.0, 0.0)	(37.0, 0.0)	(38.0, 0.00039663652229097253)	(39.0, 0.00039663652229097253)	(40.0, 0.0)	(41.0, 0.0)	(42.0, 0.0)	(43.0, 0.0)	(44.0, 0.00039663652229097253)	(45.0, 0.0007932730445819451)	(46.0, 0.003966365222909726)	(47.0, 0.022211645248294463)	(48.0, 0.36371569094082185)	(49.0, 8.465016658733935)	(50.0, 10.267729652546405)	(51.0, 2.6685705219736633)	(52.0, 1.0046803109630333)	(53.0, 1.7567031572267175)	(54.0, 6.14627954942091)	(55.0, 20.26495319689037)	(56.0, 19.24520069808028)	(57.0, 5.629462160875773)	(58.0, 8.184594637474218)	(59.0, 9.879819133745835)	(60.0, 4.134142471838807)	(61.0, 1.0177693161986356)	(62.0, 0.4489925432333809)	(63.0, 0.22092654291607172)	(64.0, 0.15706806282722513)	(65.0, 0.045613200063461846)	(66.0, 0.02181500872600349)	(67.0, 0.011502459146438205)	(68.0, 0.015865460891638903)	(69.0, 0.013485641757893067)	(70.0, 0.0031730921783277802)	(71.0, 0.0015865460891638901)	(72.0, 0.0011899095668729176)	(73.0, 0.0007932730445819451)	(74.0, 0.00039663652229097253)	(75.0, 0.0)	(76.0, 0.00039663652229097253)	(77.0, 0.00039663652229097253)	(78.0, 0.0)	(79.0, 0.0)	(80.0, 0.0)	(81.0, 0.0)	(82.0, 0.0)	(83.0, 0.0)	(84.0, 0.0)	(85.0, 0.0)	(86.0, 0.0)	(87.0, 0.0)	(88.0, 0.0)	(89.0, 0.0)	(90.0, 0.0)	(91.0, 0.0)	(92.0, 0.0)	(93.0, 0.0)	(94.0, 0.0)	(95.0, 0.0)	(96.0, 0.0)	(97.0, 0.0)	(98.0, 0.0)	(99.0, 0.0)	(100.0, 0.0)
SRR15702540_1	(0.0, 0.0)	(1.0, 0.0)	(2.0, 0.0)	(3.0, 0.0)	(4.0, 0.0)	(5.0, 0.0)	(6.0, 0.0)	(7.0, 0.0)	(8.0, 0.0)	(9.0, 0.0)	(10.0, 0.0)	(11.0, 0.0)	(12.0, 0.0)	(13.0, 0.0)	(14.0, 0.0)	(15.0, 0.0)	(16.0, 0.0)	(17.0, 0.0)	(18.0, 0.0)	(19.0, 0.0)	(20.0, 0.0)	(21.0, 0.0)	(22.0, 0.0)	(23.0, 0.0)	(24.0, 0.0)	(25.0, 0.0)	(26.0, 0.0)	(27.0, 0.0)	(28.0, 0.0)	(29.0, 0.0)	(30.0, 0.0)	(31.0, 0.0)	(32.0, 0.0)	(33.0, 0.0)	(34.0, 0.0)	(35.0, 0.0)	(36.0, 0.0)	(37.0, 0.0)	(38.0, 0.0009700010993345793)	(39.0, 0.0016166684988909654)	(40.0, 0.012933347991127723)	(41.0, 0.14582349859996507)	(42.0, 0.21437024295294202)	(43.0, 0.5079572423515413)	(44.0, 7.104611385226237)	(45.0, 8.567373043022782)	(46.0, 3.422487212152174)	(47.0, 3.8570477046540654)	(48.0, 3.5295106667787555)	(49.0, 2.095202374562691)	(50.0, 7.8460155588176335)	(51.0, 9.323973900503754)	(52.0, 7.942045667651756)	(53.0, 7.77132547416887)	(54.0, 5.436532828070539)	(55.0, 7.481295145467831)	(56.0, 8.700586527331398)	(57.0, 5.731736495968029)	(58.0, 4.608475222938586)	(59.0, 3.896494416027005)	(60.0, 0.8183575941386066)	(61.0, 0.35372706755734323)	(62.0, 0.12286680591571336)	(63.0, 0.03071670147892834)	(64.0, 0.017783353487800618)	(65.0, 0.04462005056939065)	(66.0, 0.03912337767316137)	(67.0, 0.010346678392902178)	(68.0, 0.010346678392902178)	(69.0, 0.02910003298003738)	(70.0, 0.16037351508998376)	(71.0, 0.14905683559774702)	(72.0, 0.010670012092680372)	(73.0, 0.0019400021986691585)	(74.0, 0.0016166684988909654)	(75.0, 0.00032333369977819305)	(76.0, 0.0)	(77.0, 0.0)	(78.0, 0.0)	(79.0, 0.0)	(80.0, 0.0)	(81.0, 0.0)	(82.0, 0.0)	(83.0, 0.0)	(84.0, 0.0)	(85.0, 0.0)	(86.0, 0.0)	(87.0, 0.0)	(88.0, 0.0)	(89.0, 0.0)	(90.0, 0.0)	(91.0, 0.0)	(92.0, 0.0)	(93.0, 0.0)	(94.0, 0.0)	(95.0, 0.00032333369977819305)	(96.0, 0.00032333369977819305)	(97.0, 0.0)	(98.0, 0.0)	(99.0, 0.0)	(100.0, 0.0)
SRR15702540_2	(0.0, 0.0)	(1.0, 0.0)	(2.0, 0.0)	(3.0, 0.0)	(4.0, 0.0)	(5.0, 0.0)	(6.0, 0.0)	(7.0, 0.0)	(8.0, 0.0)	(9.0, 0.0)	(10.0, 0.0)	(11.0, 0.0)	(12.0, 0.0)	(13.0, 0.0)	(14.0, 0.0)	(15.0, 0.0)	(16.0, 0.0)	(17.0, 0.0)	(18.0, 0.0)	(19.0, 0.0)	(20.0, 0.0)	(21.0, 0.0)	(22.0, 0.0)	(23.0, 0.0)	(24.0, 0.0)	(25.0, 0.0)	(26.0, 0.0)	(27.0, 0.0)	(28.0, 0.0)	(29.0, 0.0)	(30.0, 0.0)	(31.0, 0.0)	(32.0, 0.0)	(33.0, 0.0)	(34.0, 0.0)	(35.0, 0.0)	(36.0, 0.0)	(37.0, 0.0012933347991127722)	(38.0, 0.003880004397338317)	(39.0, 0.0032333369977819307)	(40.0, 0.0009700010993345793)	(41.0, 0.0006466673995563861)	(42.0, 0.00032333369977819305)	(43.0, 0.0)	(44.0, 0.0012933347991127722)	(45.0, 0.003880004397338317)	(46.0, 0.036536708074935816)	(47.0, 0.4342371588021133)	(48.0, 1.9099321645897867)	(49.0, 10.513195248287948)	(50.0, 11.135289286661191)	(51.0, 2.7774364810946786)	(52.0, 1.3592948738675237)	(53.0, 1.4562949838009815)	(54.0, 3.090746836179748)	(55.0, 8.779156616377499)	(56.0, 10.321135030619702)	(57.0, 8.242422674745697)	(58.0, 11.328319505428773)	(59.0, 15.438860830708942)	(60.0, 9.885281203318696)	(61.0, 1.7954720348683062)	(62.0, 0.5648639735125033)	(63.0, 0.26125362942078)	(64.0, 0.10605345352724733)	(65.0, 0.08115675864432646)	(66.0, 0.06951674545231151)	(67.0, 0.051086724564954514)	(68.0, 0.15358350739464172)	(69.0, 0.14873350189796883)	(70.0, 0.02522002858269906)	(71.0, 0.005173339196451089)	(72.0, 0.003880004397338317)	(73.0, 0.003880004397338317)	(74.0, 0.0019400021986691585)	(75.0, 0.0012933347991127722)	(76.0, 0.0009700010993345793)	(77.0, 0.0006466673995563861)	(78.0, 0.00032333369977819305)	(79.0, 0.0)	(80.0, 0.0)	(81.0, 0.0)	(82.0, 0.0)	(83.0, 0.00032333369977819305)	(84.0, 0.00032333369977819305)	(85.0, 0.0)	(86.0, 0.0)	(87.0, 0.0)	(88.0, 0.0)	(89.0, 0.0)	(90.0, 0.0)	(91.0, 0.00032333369977819305)	(92.0, 0.00032333369977819305)	(93.0, 0.0)	(94.0, 0.0)	(95.0, 0.0)	(96.0, 0.0)	(97.0, 0.0)	(98.0, 0.0)	(99.0, 0.0)	(100.0, 0.0)
SRR15702542_1	(0.0, 0.0)	(1.0, 0.0)	(2.0, 0.0)	(3.0, 0.0)	(4.0, 0.0)	(5.0, 0.0)	(6.0, 0.0)	(7.0, 0.0)	(8.0, 0.0)	(9.0, 0.0)	(10.0, 0.0)	(11.0, 0.0)	(12.0, 0.0)	(13.0, 0.0)	(14.0, 0.0)	(15.0, 0.0002836074872376631)	(16.0, 0.0002836074872376631)	(17.0, 0.0)	(18.0, 0.0)	(19.0, 0.0)	(20.0, 0.0)	(21.0, 0.0)	(22.0, 0.0)	(23.0, 0.0)	(24.0, 0.0)	(25.0, 0.0)	(26.0, 0.0)	(27.0, 0.0)	(28.0, 0.0)	(29.0, 0.0)	(30.0, 0.0)	(31.0, 0.0)	(32.0, 0.0)	(33.0, 0.0)	(34.0, 0.0)	(35.0, 0.0002836074872376631)	(36.0, 0.0005672149744753262)	(37.0, 0.0002836074872376631)	(38.0, 0.0002836074872376631)	(39.0, 0.0005672149744753262)	(40.0, 0.005672149744753261)	(41.0, 0.08820192853091322)	(42.0, 0.1375496313102666)	(43.0, 0.5360181508791831)	(44.0, 3.456891661939875)	(45.0, 5.0323312535450935)	(46.0, 6.806863301191152)	(47.0, 7.26942711287578)	(48.0, 4.563811684628474)	(49.0, 4.544242768009076)	(50.0, 4.188598979013046)	(51.0, 2.9239931934203063)	(52.0, 3.5836642087351107)	(53.0, 5.754395916052184)	(54.0, 10.691151446398186)	(55.0, 12.637833238797505)	(56.0, 10.131026659103801)	(57.0, 6.68094157685763)	(58.0, 4.997447532614861)	(59.0, 3.66505955757232)	(60.0, 0.9307997731140102)	(61.0, 0.4795802609188883)	(62.0, 0.17158252977878616)	(63.0, 0.0652297220646625)	(64.0, 0.019568916619398753)	(65.0, 0.03204764605785593)	(66.0, 0.03970504821327283)	(67.0, 0.019001701644923426)	(68.0, 0.009926262053318207)	(69.0, 0.039988655700510495)	(70.0, 0.2504254112308565)	(71.0, 0.2274532047646058)	(72.0, 0.012478729438457174)	(73.0, 0.0022688598979013048)	(74.0, 0.0011344299489506524)	(75.0, 0.0002836074872376631)	(76.0, 0.0002836074872376631)	(77.0, 0.0)	(78.0, 0.0)	(79.0, 0.0)	(80.0, 0.0)	(81.0, 0.0)	(82.0, 0.0)	(83.0, 0.0)	(84.0, 0.0)	(85.0, 0.0)	(86.0, 0.0)	(87.0, 0.0)	(88.0, 0.0)	(89.0, 0.0)	(90.0, 0.0)	(91.0, 0.0)	(92.0, 0.0)	(93.0, 0.0)	(94.0, 0.0)	(95.0, 0.0)	(96.0, 0.0)	(97.0, 0.0)	(98.0, 0.0)	(99.0, 0.0002836074872376631)	(100.0, 0.0002836074872376631)
SRR15702542_2	(0.0, 0.0)	(1.0, 0.0)	(2.0, 0.0)	(3.0, 0.0)	(4.0, 0.0)	(5.0, 0.0)	(6.0, 0.0)	(7.0, 0.0)	(8.0, 0.0)	(9.0, 0.0)	(10.0, 0.0)	(11.0, 0.0)	(12.0, 0.0)	(13.0, 0.0)	(14.0, 0.0)	(15.0, 0.0)	(16.0, 0.0)	(17.0, 0.0)	(18.0, 0.0)	(19.0, 0.0)	(20.0, 0.0)	(21.0, 0.0)	(22.0, 0.0)	(23.0, 0.0)	(24.0, 0.0)	(25.0, 0.0)	(26.0, 0.0)	(27.0, 0.0)	(28.0, 0.0)	(29.0, 0.0)	(30.0, 0.0)	(31.0, 0.0)	(32.0, 0.0)	(33.0, 0.0)	(34.0, 0.0)	(35.0, 0.0)	(36.0, 0.0)	(37.0, 0.0022688598979013048)	(38.0, 0.005672149744753261)	(39.0, 0.004821327283040272)	(40.0, 0.0017016449234259785)	(41.0, 0.0002836074872376631)	(42.0, 0.0002836074872376631)	(43.0, 0.0025524673851389677)	(44.0, 0.028927963698241632)	(45.0, 0.5743051616562678)	(46.0, 0.6999432785025524)	(47.0, 0.5218377765173)	(48.0, 1.7719795802609188)	(49.0, 10.529495178672716)	(50.0, 11.54254112308565)	(51.0, 3.460294951786727)	(52.0, 2.0995462280204196)	(53.0, 2.550482132728304)	(54.0, 9.317073170731707)	(55.0, 13.211003970504823)	(56.0, 9.885706182643222)	(57.0, 12.227453204764606)	(58.0, 10.646057855927396)	(59.0, 4.72575155984118)	(60.0, 2.336074872376631)	(61.0, 1.520136131593874)	(62.0, 1.1829268292682926)	(63.0, 0.29580260918888257)	(64.0, 0.14492342597844582)	(65.0, 0.07090187180941576)	(66.0, 0.06494611457742484)	(67.0, 0.0683494044242768)	(68.0, 0.23652864435621102)	(69.0, 0.2203630175836642)	(70.0, 0.028077141236528644)	(71.0, 0.008791832104367556)	(72.0, 0.00368689733408962)	(73.0, 0.0025524673851389677)	(74.0, 0.0014180374361883153)	(75.0, 0.0014180374361883153)	(76.0, 0.0014180374361883153)	(77.0, 0.0008508224617129892)	(78.0, 0.0002836074872376631)	(79.0, 0.0)	(80.0, 0.0)	(81.0, 0.0)	(82.0, 0.0002836074872376631)	(83.0, 0.0002836074872376631)	(84.0, 0.0)	(85.0, 0.0)	(86.0, 0.0)	(87.0, 0.0)	(88.0, 0.0)	(89.0, 0.0)	(90.0, 0.0)	(91.0, 0.0)	(92.0, 0.0)	(93.0, 0.0)	(94.0, 0.0)	(95.0, 0.0)	(96.0, 0.0)	(97.0, 0.0)	(98.0, 0.0)	(99.0, 0.0)	(100.0, 0.0)
SRR15702544_1	(0.0, 0.0)	(1.0, 0.0)	(2.0, 0.0)	(3.0, 0.0)	(4.0, 0.0)	(5.0, 0.0)	(6.0, 0.0)	(7.0, 0.0)	(8.0, 0.0)	(9.0, 0.0)	(10.0, 0.0)	(11.0, 0.0)	(12.0, 0.0)	(13.0, 0.0)	(14.0, 0.0)	(15.0, 0.0)	(16.0, 0.0)	(17.0, 0.0)	(18.0, 0.0)	(19.0, 0.0)	(20.0, 0.0)	(21.0, 0.0)	(22.0, 0.0)	(23.0, 0.0)	(24.0, 0.0)	(25.0, 0.0)	(26.0, 0.0)	(27.0, 0.00019617921363524008)	(28.0, 0.00019617921363524008)	(29.0, 0.0)	(30.0, 0.00019617921363524008)	(31.0, 0.00019617921363524008)	(32.0, 0.0)	(33.0, 0.00019617921363524008)	(34.0, 0.00019617921363524008)	(35.0, 0.00019617921363524008)	(36.0, 0.0009808960681762003)	(37.0, 0.0009808960681762003)	(38.0, 0.00039235842727048016)	(39.0, 0.00019617921363524008)	(40.0, 0.0005885376409057202)	(41.0, 0.0017656129227171604)	(42.0, 0.0033350466317990813)	(43.0, 0.020402638218064966)	(44.0, 0.033939003958896534)	(45.0, 0.04570975677701094)	(46.0, 0.08926154220403423)	(47.0, 0.5212481706288329)	(48.0, 0.5294876976015129)	(49.0, 0.17106827428992932)	(50.0, 0.3933393233386563)	(51.0, 2.179551063487517)	(52.0, 12.431092051210623)	(53.0, 15.491683963134001)	(54.0, 13.309386390655591)	(55.0, 12.783233739685878)	(56.0, 8.560083807760064)	(57.0, 12.549584296246309)	(58.0, 13.256221823760441)	(59.0, 5.837116322502933)	(60.0, 1.2784999352608595)	(61.0, 0.3472372081343749)	(62.0, 0.09083097591311615)	(63.0, 0.036881692163425135)	(64.0, 0.015498157877183965)	(65.0, 0.008435706186315322)	(66.0, 0.0031388674181638413)	(67.0, 0.0023541505636228807)	(68.0, 0.0019617921363524007)	(69.0, 0.0007847168545409603)	(70.0, 0.0009808960681762003)	(71.0, 0.0009808960681762003)	(72.0, 0.00039235842727048016)	(73.0, 0.0)	(74.0, 0.0)	(75.0, 0.0)	(76.0, 0.0)	(77.0, 0.0)	(78.0, 0.0)	(79.0, 0.0)	(80.0, 0.0)	(81.0, 0.0)	(82.0, 0.0)	(83.0, 0.0)	(84.0, 0.0)	(85.0, 0.0)	(86.0, 0.0)	(87.0, 0.0)	(88.0, 0.0)	(89.0, 0.0)	(90.0, 0.0)	(91.0, 0.0)	(92.0, 0.0)	(93.0, 0.0)	(94.0, 0.0)	(95.0, 0.0)	(96.0, 0.0)	(97.0, 0.0)	(98.0, 0.0)	(99.0, 0.0)	(100.0, 0.0)
SRR15702544_2	(0.0, 0.0)	(1.0, 0.0)	(2.0, 0.0)	(3.0, 0.0)	(4.0, 0.0)	(5.0, 0.0)	(6.0, 0.0)	(7.0, 0.0)	(8.0, 0.0)	(9.0, 0.0)	(10.0, 0.0)	(11.0, 0.0)	(12.0, 0.0)	(13.0, 0.0)	(14.0, 0.0)	(15.0, 0.0)	(16.0, 0.0)	(17.0, 0.0)	(18.0, 0.0)	(19.0, 0.0)	(20.0, 0.0)	(21.0, 0.0)	(22.0, 0.0)	(23.0, 0.0)	(24.0, 0.0)	(25.0, 0.0)	(26.0, 0.0)	(27.0, 0.0)	(28.0, 0.0)	(29.0, 0.0)	(30.0, 0.0)	(31.0, 0.0)	(32.0, 0.00019617921363524008)	(33.0, 0.0007847168545409603)	(34.0, 0.0005885376409057202)	(35.0, 0.00019617921363524008)	(36.0, 0.00019617921363524008)	(37.0, 0.0021579713499876407)	(38.0, 0.016871412372630644)	(39.0, 0.018048487654442086)	(40.0, 0.0051006595545162415)	(41.0, 0.0019617921363524007)	(42.0, 0.0005885376409057202)	(43.0, 0.0007847168545409603)	(44.0, 0.0007847168545409603)	(45.0, 0.0013732544954466804)	(46.0, 0.0033350466317990813)	(47.0, 0.003531225845434321)	(48.0, 0.022168251140782125)	(49.0, 0.3770564486069314)	(50.0, 0.4539587003519455)	(51.0, 0.16812558608540074)	(52.0, 0.3333084839662729)	(53.0, 2.6721570689256047)	(54.0, 10.725117609438573)	(55.0, 28.801070353789594)	(56.0, 25.42992674668163)	(57.0, 6.306180822304793)	(58.0, 2.8400864757973703)	(59.0, 10.047122247115185)	(60.0, 9.523323746709094)	(61.0, 1.4301464674009001)	(62.0, 0.5628381639195037)	(63.0, 0.12437762144474221)	(64.0, 0.052968387681514816)	(65.0, 0.02609183541348693)	(66.0, 0.016086695518089684)	(67.0, 0.010005139895397244)	(68.0, 0.005885376409057202)	(69.0, 0.003531225845434321)	(70.0, 0.002942688204528601)	(71.0, 0.002746508990893361)	(72.0, 0.0021579713499876407)	(73.0, 0.0011770752818114404)	(74.0, 0.0007847168545409603)	(75.0, 0.0007847168545409603)	(76.0, 0.00039235842727048016)	(77.0, 0.00019617921363524008)	(78.0, 0.0)	(79.0, 0.0)	(80.0, 0.00019617921363524008)	(81.0, 0.00019617921363524008)	(82.0, 0.0)	(83.0, 0.0)	(84.0, 0.0)	(85.0, 0.0)	(86.0, 0.0)	(87.0, 0.0)	(88.0, 0.0)	(89.0, 0.00019617921363524008)	(90.0, 0.00019617921363524008)	(91.0, 0.0)	(92.0, 0.0)	(93.0, 0.0)	(94.0, 0.0)	(95.0, 0.0)	(96.0, 0.0)	(97.0, 0.0)	(98.0, 0.0)	(99.0, 0.0)	(100.0, 0.0)
SRR15702546_1	(0.0, 0.0)	(1.0, 0.0)	(2.0, 0.0)	(3.0, 0.0)	(4.0, 0.0)	(5.0, 0.0)	(6.0, 0.0)	(7.0, 0.0)	(8.0, 0.0)	(9.0, 0.0)	(10.0, 0.0)	(11.0, 0.0)	(12.0, 0.0)	(13.0, 0.0)	(14.0, 0.0)	(15.0, 0.0)	(16.0, 0.0)	(17.0, 0.0)	(18.0, 0.0)	(19.0, 0.0)	(20.0, 0.0)	(21.0, 0.0)	(22.0, 0.0)	(23.0, 0.0)	(24.0, 0.0)	(25.0, 0.0)	(26.0, 0.0)	(27.0, 0.0)	(28.0, 0.0)	(29.0, 0.0)	(30.0, 0.0)	(31.0, 0.0)	(32.0, 0.0)	(33.0, 0.0)	(34.0, 0.0)	(35.0, 0.0007022176031908768)	(36.0, 0.0007022176031908768)	(37.0, 0.0003511088015954384)	(38.0, 0.0003511088015954384)	(39.0, 0.0003511088015954384)	(40.0, 0.0003511088015954384)	(41.0, 0.0)	(42.0, 0.0010533264047863152)	(43.0, 0.010182155246267715)	(44.0, 0.07267952193025574)	(45.0, 0.20645197533811777)	(46.0, 1.2036009718691627)	(47.0, 21.065123660519923)	(48.0, 22.601926885103154)	(49.0, 7.026389337527913)	(50.0, 5.886339058747525)	(51.0, 2.9029675715910845)	(52.0, 2.9781048551325084)	(53.0, 2.997064730418662)	(54.0, 4.874794601351066)	(55.0, 5.891605690771456)	(56.0, 3.5676165330112495)	(57.0, 4.351291378172268)	(58.0, 6.817479600578627)	(59.0, 4.632178419448619)	(60.0, 1.4177773408423804)	(61.0, 0.5979382891170315)	(62.0, 0.5417608808617614)	(63.0, 0.3044113309832451)	(64.0, 0.02808870412763507)	(65.0, 0.007724393635099644)	(66.0, 0.003862196817549822)	(67.0, 0.0021066528095726304)	(68.0, 0.0003511088015954384)	(69.0, 0.001755544007977192)	(70.0, 0.0031599792143589454)	(71.0, 0.0014044352063817536)	(72.0, 0.0)	(73.0, 0.0)	(74.0, 0.0)	(75.0, 0.0)	(76.0, 0.0)	(77.0, 0.0)	(78.0, 0.0)	(79.0, 0.0)	(80.0, 0.0)	(81.0, 0.0)	(82.0, 0.0)	(83.0, 0.0)	(84.0, 0.0)	(85.0, 0.0)	(86.0, 0.0)	(87.0, 0.0)	(88.0, 0.0)	(89.0, 0.0)	(90.0, 0.0)	(91.0, 0.0)	(92.0, 0.0)	(93.0, 0.0)	(94.0, 0.0)	(95.0, 0.0)	(96.0, 0.0)	(97.0, 0.0)	(98.0, 0.0)	(99.0, 0.0)	(100.0, 0.0)
SRR15702546_2	(0.0, 0.0)	(1.0, 0.0)	(2.0, 0.0)	(3.0, 0.0)	(4.0, 0.0)	(5.0, 0.0)	(6.0, 0.0)	(7.0, 0.0)	(8.0, 0.0)	(9.0, 0.0)	(10.0, 0.0)	(11.0, 0.0)	(12.0, 0.0)	(13.0, 0.0)	(14.0, 0.0)	(15.0, 0.0)	(16.0, 0.0)	(17.0, 0.0)	(18.0, 0.0)	(19.0, 0.0)	(20.0, 0.0)	(21.0, 0.0)	(22.0, 0.0)	(23.0, 0.0)	(24.0, 0.0)	(25.0, 0.0)	(26.0, 0.0)	(27.0, 0.0)	(28.0, 0.0)	(29.0, 0.0)	(30.0, 0.0)	(31.0, 0.0)	(32.0, 0.0)	(33.0, 0.0)	(34.0, 0.0)	(35.0, 0.001053330103121017)	(36.0, 0.001053330103121017)	(37.0, 0.0)	(38.0, 0.001053330103121017)	(39.0, 0.0014044401374946895)	(40.0, 0.0003511100343736724)	(41.0, 0.0003511100343736724)	(42.0, 0.0007022200687473448)	(43.0, 0.0017555501718683618)	(44.0, 0.0024577702406157064)	(45.0, 0.0024577702406157064)	(46.0, 0.008075530790594464)	(47.0, 0.03791988371235661)	(48.0, 0.9715214651119514)	(49.0, 19.98904536692754)	(50.0, 22.090790032688346)	(51.0, 3.9559567572881664)	(52.0, 1.8282299489837122)	(53.0, 5.562987384616465)	(54.0, 8.28830347142491)	(55.0, 9.60285944011994)	(56.0, 10.469750114988537)	(57.0, 6.892289974755189)	(58.0, 3.7273841249109054)	(59.0, 1.9030163863053042)	(60.0, 0.9135883094402955)	(61.0, 1.5283819796285958)	(62.0, 1.3640624835417172)	(63.0, 0.449069733963927)	(64.0, 0.30441239980197393)	(65.0, 0.05758204563728227)	(66.0, 0.017906611753057293)	(67.0, 0.006319980618726102)	(68.0, 0.004915540481231413)	(69.0, 0.004564430446857741)	(70.0, 0.0035111003437367236)	(71.0, 0.0017555501718683618)	(72.0, 0.0014044401374946895)	(73.0, 0.0007022200687473448)	(74.0, 0.0)	(75.0, 0.0)	(76.0, 0.0)	(77.0, 0.0)	(78.0, 0.0)	(79.0, 0.0)	(80.0, 0.0003511100343736724)	(81.0, 0.0003511100343736724)	(82.0, 0.0)	(83.0, 0.0)	(84.0, 0.0)	(85.0, 0.0)	(86.0, 0.0)	(87.0, 0.0)	(88.0, 0.0)	(89.0, 0.0)	(90.0, 0.0)	(91.0, 0.0)	(92.0, 0.0)	(93.0, 0.0)	(94.0, 0.0)	(95.0, 0.0)	(96.0, 0.0)	(97.0, 0.0)	(98.0, 0.0)	(99.0, 0.0)	(100.0, 0.0003511100343736724)
SRR15702548_1	(0.0, 0.0)	(1.0, 0.0)	(2.0, 0.0)	(3.0, 0.0)	(4.0, 0.0)	(5.0, 0.0)	(6.0, 0.0)	(7.0, 0.0)	(8.0, 0.0)	(9.0, 0.0)	(10.0, 0.0)	(11.0, 0.0)	(12.0, 0.0)	(13.0, 0.0)	(14.0, 0.0)	(15.0, 0.0)	(16.0, 0.0)	(17.0, 0.0)	(18.0, 0.0)	(19.0, 0.0)	(20.0, 0.0)	(21.0, 0.0)	(22.0, 0.0)	(23.0, 0.0)	(24.0, 0.0)	(25.0, 0.0)	(26.0, 0.0)	(27.0, 0.0)	(28.0, 0.0)	(29.0, 0.0)	(30.0, 0.000600067207527243)	(31.0, 0.000600067207527243)	(32.0, 0.0)	(33.0, 0.0)	(34.0, 0.0)	(35.0, 0.002400268830108972)	(36.0, 0.004200470452690701)	(37.0, 0.003000336037636215)	(38.0, 0.004200470452690701)	(39.0, 0.010201142527963131)	(40.0, 0.010801209735490374)	(41.0, 0.013201478565599348)	(42.0, 0.043804906149488745)	(43.0, 0.2436272862560607)	(44.0, 1.0009121021554415)	(45.0, 11.601699390331717)	(46.0, 21.986462483798185)	(47.0, 12.511401276943019)	(48.0, 3.1857568047621334)	(49.0, 2.6240938985166338)	(50.0, 5.950266429840142)	(51.0, 8.394340166098603)	(52.0, 10.522178483990206)	(53.0, 9.203830829052855)	(54.0, 3.737818635687197)	(55.0, 2.809514665642552)	(56.0, 1.7263933560558782)	(57.0, 0.9979117661178052)	(58.0, 0.8262925447650137)	(59.0, 1.0843214440017281)	(60.0, 0.8778983246123566)	(61.0, 0.40924583553357974)	(62.0, 0.0684076616581057)	(63.0, 0.03660409965916182)	(64.0, 0.001200134415054486)	(65.0, 0.001200134415054486)	(66.0, 0.0)	(67.0, 0.001200134415054486)	(68.0, 0.004200470452690701)	(69.0, 0.005400604867745187)	(70.0, 0.04620517497959772)	(71.0, 0.04560510777207047)	(72.0, 0.0018002016225817292)	(73.0, 0.0)	(74.0, 0.0)	(75.0, 0.0)	(76.0, 0.0)	(77.0, 0.0)	(78.0, 0.0)	(79.0, 0.000600067207527243)	(80.0, 0.000600067207527243)	(81.0, 0.0)	(82.0, 0.0)	(83.0, 0.0)	(84.0, 0.0)	(85.0, 0.0)	(86.0, 0.0)	(87.0, 0.0)	(88.0, 0.0)	(89.0, 0.0)	(90.0, 0.0)	(91.0, 0.0)	(92.0, 0.0)	(93.0, 0.0)	(94.0, 0.0)	(95.0, 0.0)	(96.0, 0.0)	(97.0, 0.0)	(98.0, 0.0)	(99.0, 0.0)	(100.0, 0.0)
SRR15702548_2	(0.0, 0.0)	(1.0, 0.0)	(2.0, 0.0)	(3.0, 0.0)	(4.0, 0.0)	(5.0, 0.0)	(6.0, 0.0)	(7.0, 0.0)	(8.0, 0.0)	(9.0, 0.0)	(10.0, 0.0)	(11.0, 0.0)	(12.0, 0.0)	(13.0, 0.0)	(14.0, 0.0)	(15.0, 0.0)	(16.0, 0.0)	(17.0, 0.0)	(18.0, 0.0)	(19.0, 0.0)	(20.0, 0.0)	(21.0, 0.0)	(22.0, 0.0)	(23.0, 0.0)	(24.0, 0.0)	(25.0, 0.0)	(26.0, 0.0)	(27.0, 0.0)	(28.0, 0.0)	(29.0, 0.0)	(30.0, 0.0)	(31.0, 0.0)	(32.0, 0.0)	(33.0, 0.0)	(34.0, 0.0)	(35.0, 0.0)	(36.0, 0.0)	(37.0, 0.000600070808355386)	(38.0, 0.000600070808355386)	(39.0, 0.0)	(40.0, 0.000600070808355386)	(41.0, 0.0030003540417769294)	(42.0, 0.006600778891909245)	(43.0, 0.014401699400529261)	(44.0, 0.031203682034480068)	(45.0, 0.08941055044495251)	(46.0, 0.3186375992367099)	(47.0, 1.388563850534363)	(48.0, 11.997815742257586)	(49.0, 23.14533114907559)	(50.0, 13.509994179313159)	(51.0, 1.5925879253751944)	(52.0, 0.6162727201809813)	(53.0, 0.8142960869382588)	(54.0, 1.74140548584733)	(55.0, 3.2595846309864562)	(56.0, 4.714156270439912)	(57.0, 4.7837644842091365)	(58.0, 5.211614970566527)	(59.0, 13.777025689031305)	(60.0, 11.375542313993051)	(61.0, 0.9325100361842698)	(62.0, 0.391846237856067)	(63.0, 0.1410166399635157)	(64.0, 0.031203682034480068)	(65.0, 0.005400637275198473)	(66.0, 0.004200495658487702)	(67.0, 0.012001416167107717)	(68.0, 0.045005310626653944)	(69.0, 0.039004602543100085)	(70.0, 0.002400283233421544)	(71.0, 0.000600070808355386)	(72.0, 0.0)	(73.0, 0.000600070808355386)	(74.0, 0.000600070808355386)	(75.0, 0.0)	(76.0, 0.0)	(77.0, 0.0)	(78.0, 0.0)	(79.0, 0.0)	(80.0, 0.0)	(81.0, 0.0)	(82.0, 0.0)	(83.0, 0.0)	(84.0, 0.0)	(85.0, 0.0)	(86.0, 0.0)	(87.0, 0.0)	(88.0, 0.0)	(89.0, 0.0)	(90.0, 0.0)	(91.0, 0.0)	(92.0, 0.0)	(93.0, 0.0)	(94.0, 0.0)	(95.0, 0.0)	(96.0, 0.0)	(97.0, 0.0)	(98.0, 0.0)	(99.0, 0.0)	(100.0, 0.000600070808355386)
SRR15702552_1	(0.0, 0.0)	(1.0, 0.0)	(2.0, 0.0)	(3.0, 0.0)	(4.0, 0.0)	(5.0, 0.0)	(6.0, 0.0)	(7.0, 0.0)	(8.0, 0.0)	(9.0, 0.0)	(10.0, 0.0)	(11.0, 0.0)	(12.0, 0.0)	(13.0, 0.0)	(14.0, 0.0)	(15.0, 0.0)	(16.0, 0.0)	(17.0, 0.0)	(18.0, 0.0)	(19.0, 0.0)	(20.0, 0.0)	(21.0, 0.0)	(22.0, 0.0)	(23.0, 0.0)	(24.0, 0.0)	(25.0, 0.0)	(26.0, 0.0)	(27.0, 0.0)	(28.0, 0.0)	(29.0, 0.0)	(30.0, 0.0)	(31.0, 0.0013948946854512483)	(32.0, 0.0013948946854512483)	(33.0, 0.0)	(34.0, 0.005579578741804993)	(35.0, 0.012554052169061237)	(36.0, 0.01952852559631748)	(37.0, 0.025108104338122474)	(38.0, 0.036267261821732455)	(39.0, 0.044636629934439946)	(40.0, 0.040451945878086204)	(41.0, 0.05021620867624495)	(42.0, 0.08229878644162365)	(43.0, 0.31524619891198213)	(44.0, 1.516250523085507)	(45.0, 1.7171153577904867)	(46.0, 0.7086065002092342)	(47.0, 3.5346631329334635)	(48.0, 3.707630073929418)	(49.0, 0.5719068210350118)	(50.0, 1.0852280652810713)	(51.0, 2.20114381364207)	(52.0, 7.978797600781141)	(53.0, 13.70902496861487)	(54.0, 10.373831775700934)	(55.0, 6.219835402427116)	(56.0, 15.219695912958572)	(57.0, 15.638164318593947)	(58.0, 7.671920769981866)	(59.0, 5.208536755474961)	(60.0, 1.2540103222206724)	(61.0, 0.6388617659366718)	(62.0, 0.19528525596317478)	(63.0, 0.00976426279815874)	(64.0, 0.004184684056353746)	(65.0, 0.00976426279815874)	(66.0, 0.00976426279815874)	(67.0, 0.004184684056353746)	(68.0, 0.004184684056353746)	(69.0, 0.00976426279815874)	(70.0, 0.08229878644162365)	(71.0, 0.07811410238526992)	(72.0, 0.0027897893709024966)	(73.0, 0.0)	(74.0, 0.0)	(75.0, 0.0)	(76.0, 0.0)	(77.0, 0.0)	(78.0, 0.0)	(79.0, 0.0)	(80.0, 0.0)	(81.0, 0.0)	(82.0, 0.0)	(83.0, 0.0)	(84.0, 0.0)	(85.0, 0.0)	(86.0, 0.0)	(87.0, 0.0)	(88.0, 0.0)	(89.0, 0.0)	(90.0, 0.0)	(91.0, 0.0)	(92.0, 0.0)	(93.0, 0.0)	(94.0, 0.0)	(95.0, 0.0)	(96.0, 0.0)	(97.0, 0.0)	(98.0, 0.0)	(99.0, 0.0)	(100.0, 0.0)
SRR15702552_2	(0.0, 0.0)	(1.0, 0.0)	(2.0, 0.0)	(3.0, 0.0)	(4.0, 0.0)	(5.0, 0.0)	(6.0, 0.0)	(7.0, 0.0)	(8.0, 0.0)	(9.0, 0.0)	(10.0, 0.0)	(11.0, 0.0)	(12.0, 0.0)	(13.0, 0.0)	(14.0, 0.0)	(15.0, 0.0)	(16.0, 0.0)	(17.0, 0.0)	(18.0, 0.0)	(19.0, 0.0)	(20.0, 0.0)	(21.0, 0.0)	(22.0, 0.0)	(23.0, 0.0)	(24.0, 0.0)	(25.0, 0.0)	(26.0, 0.0)	(27.0, 0.0)	(28.0, 0.0)	(29.0, 0.0)	(30.0, 0.0)	(31.0, 0.0)	(32.0, 0.0)	(33.0, 0.0)	(34.0, 0.0)	(35.0, 0.0)	(36.0, 0.0)	(37.0, 0.0)	(38.0, 0.0)	(39.0, 0.0)	(40.0, 0.0)	(41.0, 0.0)	(42.0, 0.0)	(43.0, 0.00976426279815874)	(44.0, 0.030687683079927468)	(45.0, 0.048821313990793695)	(46.0, 0.07253452364346491)	(47.0, 0.15762309945599107)	(48.0, 0.6193332403403543)	(49.0, 5.3731343283582085)	(50.0, 5.403822011438137)	(51.0, 0.6653647649602454)	(52.0, 0.4840284558515832)	(53.0, 1.9835402427116753)	(54.0, 6.445808341470219)	(55.0, 17.71934718928721)	(56.0, 18.061096387222765)	(57.0, 13.93360301297252)	(58.0, 15.193192913934997)	(59.0, 8.953828985911564)	(60.0, 2.887431998884084)	(61.0, 0.9429488073650439)	(62.0, 0.6918677639838192)	(63.0, 0.11856604826335612)	(64.0, 0.02371320965267122)	(65.0, 0.00976426279815874)	(66.0, 0.004184684056353746)	(67.0, 0.00976426279815874)	(68.0, 0.07950899707072116)	(69.0, 0.07392941832891617)	(70.0, 0.0027897893709024966)	(71.0, 0.0)	(72.0, 0.0)	(73.0, 0.0)	(74.0, 0.0)	(75.0, 0.0)	(76.0, 0.0)	(77.0, 0.0)	(78.0, 0.0)	(79.0, 0.0)	(80.0, 0.0)	(81.0, 0.0)	(82.0, 0.0)	(83.0, 0.0)	(84.0, 0.0)	(85.0, 0.0)	(86.0, 0.0)	(87.0, 0.0)	(88.0, 0.0)	(89.0, 0.0)	(90.0, 0.0)	(91.0, 0.0)	(92.0, 0.0)	(93.0, 0.0)	(94.0, 0.0)	(95.0, 0.0)	(96.0, 0.0)	(97.0, 0.0)	(98.0, 0.0)	(99.0, 0.0)	(100.0, 0.0)
SRR15702554_1	(0.0, 0.0)	(1.0, 0.0)	(2.0, 0.0)	(3.0, 0.0)	(4.0, 0.0)	(5.0, 0.0)	(6.0, 0.0)	(7.0, 0.0)	(8.0, 0.0)	(9.0, 0.0)	(10.0, 0.0)	(11.0, 0.0)	(12.0, 0.0)	(13.0, 0.0)	(14.0, 0.0)	(15.0, 0.0)	(16.0, 0.0)	(17.0, 0.0)	(18.0, 0.0)	(19.0, 0.0)	(20.0, 0.0)	(21.0, 0.0)	(22.0, 0.0)	(23.0, 0.0)	(24.0, 0.0)	(25.0, 0.0)	(26.0, 0.0)	(27.0, 0.0)	(28.0, 0.0)	(29.0, 0.0)	(30.0, 0.0)	(31.0, 0.0)	(32.0, 0.0006199704894047043)	(33.0, 0.0006199704894047043)	(34.0, 0.0012399409788094087)	(35.0, 0.003719822936428226)	(36.0, 0.007439645872856452)	(37.0, 0.009299557341070564)	(38.0, 0.012399409788094087)	(39.0, 0.02045902615035524)	(40.0, 0.03967811132190108)	(41.0, 0.0998152487941574)	(42.0, 0.2262892286327171)	(43.0, 1.2070825428709595)	(44.0, 18.302148817716276)	(45.0, 21.0727969348659)	(46.0, 7.78062964202904)	(47.0, 11.255564235142407)	(48.0, 8.142072437351983)	(49.0, 1.3025579982392839)	(50.0, 0.7272253840717182)	(51.0, 0.7018065940061253)	(52.0, 2.3806866793140644)	(53.0, 2.9386601197782984)	(54.0, 3.921313345484755)	(55.0, 4.806011233865267)	(56.0, 3.660925739934779)	(57.0, 2.825825490706642)	(58.0, 1.977085890711602)	(59.0, 2.812186139939739)	(60.0, 2.6875720715693934)	(61.0, 0.9051569145308684)	(62.0, 0.10663492417760914)	(63.0, 0.01549926223511761)	(64.0, 0.003719822936428226)	(65.0, 0.0006199704894047043)	(66.0, 0.0)	(67.0, 0.0)	(68.0, 0.0)	(69.0, 0.001859911468214113)	(70.0, 0.02045902615035524)	(71.0, 0.02045902615035524)	(72.0, 0.001859911468214113)	(73.0, 0.0)	(74.0, 0.0)	(75.0, 0.0)	(76.0, 0.0)	(77.0, 0.0)	(78.0, 0.0)	(79.0, 0.0)	(80.0, 0.0)	(81.0, 0.0)	(82.0, 0.0)	(83.0, 0.0)	(84.0, 0.0)	(85.0, 0.0)	(86.0, 0.0)	(87.0, 0.0)	(88.0, 0.0)	(89.0, 0.0)	(90.0, 0.0)	(91.0, 0.0)	(92.0, 0.0)	(93.0, 0.0)	(94.0, 0.0)	(95.0, 0.0)	(96.0, 0.0)	(97.0, 0.0)	(98.0, 0.0)	(99.0, 0.0)	(100.0, 0.0)
SRR15702554_2	(0.0, 0.0)	(1.0, 0.0)	(2.0, 0.0)	(3.0, 0.0)	(4.0, 0.0)	(5.0, 0.0)	(6.0, 0.0)	(7.0, 0.0)	(8.0, 0.0)	(9.0, 0.0)	(10.0, 0.0)	(11.0, 0.0)	(12.0, 0.0)	(13.0, 0.0)	(14.0, 0.0)	(15.0, 0.0)	(16.0, 0.0)	(17.0, 0.0)	(18.0, 0.0)	(19.0, 0.0)	(20.0, 0.0)	(21.0, 0.0)	(22.0, 0.0)	(23.0, 0.0)	(24.0, 0.0)	(25.0, 0.0)	(26.0, 0.0)	(27.0, 0.0)	(28.0, 0.0)	(29.0, 0.0)	(30.0, 0.0)	(31.0, 0.0)	(32.0, 0.0)	(33.0, 0.0)	(34.0, 0.0)	(35.0, 0.0012399640410428096)	(36.0, 0.0012399640410428096)	(37.0, 0.0018599460615642148)	(38.0, 0.0018599460615642148)	(39.0, 0.0)	(40.0, 0.0)	(41.0, 0.0030999101026070244)	(42.0, 0.009299730307821073)	(43.0, 0.01921944263616355)	(44.0, 0.05517839982640503)	(45.0, 0.1624352893766081)	(46.0, 0.655320995691125)	(47.0, 7.496822592144828)	(48.0, 9.65559998760036)	(49.0, 24.46697045785672)	(50.0, 23.52087789454106)	(51.0, 2.108558851793298)	(52.0, 0.8351157816423325)	(53.0, 1.399299420316811)	(54.0, 2.5580458166713163)	(55.0, 6.429213552806969)	(56.0, 6.979137605009454)	(57.0, 3.375182119718528)	(58.0, 2.0967791934033913)	(59.0, 2.209615921138287)	(60.0, 1.5834340804116682)	(61.0, 2.1798567841532597)	(62.0, 2.0081217644688305)	(63.0, 0.11965652996063114)	(64.0, 0.013639604451470909)	(65.0, 0.0024799280820856193)	(66.0, 0.0018599460615642148)	(67.0, 0.0006199820205214048)	(68.0, 0.022319352738770573)	(69.0, 0.022319352738770573)	(70.0, 0.0006199820205214048)	(71.0, 0.0)	(72.0, 0.0)	(73.0, 0.0)	(74.0, 0.0)	(75.0, 0.0)	(76.0, 0.0)	(77.0, 0.0)	(78.0, 0.0)	(79.0, 0.0)	(80.0, 0.0)	(81.0, 0.0)	(82.0, 0.0)	(83.0, 0.0)	(84.0, 0.0)	(85.0, 0.0)	(86.0, 0.0006199820205214048)	(87.0, 0.0006199820205214048)	(88.0, 0.0)	(89.0, 0.0)	(90.0, 0.0)	(91.0, 0.0)	(92.0, 0.0)	(93.0, 0.0)	(94.0, 0.0)	(95.0, 0.0)	(96.0, 0.0)	(97.0, 0.0)	(98.0, 0.0)	(99.0, 0.0)	(100.0, 0.0018599460615642148)
SRR15702556_1	(0.0, 0.0)	(1.0, 0.0)	(2.0, 0.0)	(3.0, 0.0)	(4.0, 0.0)	(5.0, 0.0)	(6.0, 0.0)	(7.0, 0.0)	(8.0, 0.0)	(9.0, 0.0)	(10.0, 0.0)	(11.0, 0.0)	(12.0, 0.0)	(13.0, 0.0)	(14.0, 0.0)	(15.0, 0.0)	(16.0, 0.0)	(17.0, 0.0)	(18.0, 0.0)	(19.0, 0.0)	(20.0, 0.0)	(21.0, 0.0)	(22.0, 0.0)	(23.0, 0.0)	(24.0, 0.0)	(25.0, 0.0)	(26.0, 0.0)	(27.0, 0.0)	(28.0, 0.0)	(29.0, 0.0)	(30.0, 0.0)	(31.0, 0.0)	(32.0, 0.0)	(33.0, 0.0)	(34.0, 0.0)	(35.0, 0.0)	(36.0, 0.0010277914816642)	(37.0, 0.0030833744449926003)	(38.0, 0.0041111659266568)	(39.0, 0.005138957408321)	(40.0, 0.0082223318533136)	(41.0, 0.026722578523269196)	(42.0, 0.08941785890478539)	(43.0, 1.0031244861042592)	(44.0, 5.286959381680645)	(45.0, 9.32617990462095)	(46.0, 6.936564709751686)	(47.0, 21.541481664199967)	(48.0, 24.97533300444006)	(49.0, 7.308625226114127)	(50.0, 3.337238940963657)	(51.0, 2.2118072685413583)	(52.0, 3.171764512415721)	(53.0, 3.3300444005920085)	(54.0, 4.589088965630653)	(55.0, 4.595255714520638)	(56.0, 1.1747656635421806)	(57.0, 0.2949761552376254)	(58.0, 0.2949761552376254)	(59.0, 0.298059529682618)	(60.0, 0.1058625226114126)	(61.0, 0.040083867784903804)	(62.0, 0.023639204078276597)	(63.0, 0.0143890807432988)	(64.0, 0.0)	(65.0, 0.0)	(66.0, 0.0)	(67.0, 0.0)	(68.0, 0.0)	(69.0, 0.0)	(70.0, 0.0010277914816642)	(71.0, 0.0010277914816642)	(72.0, 0.0)	(73.0, 0.0)	(74.0, 0.0)	(75.0, 0.0)	(76.0, 0.0)	(77.0, 0.0)	(78.0, 0.0)	(79.0, 0.0)	(80.0, 0.0)	(81.0, 0.0)	(82.0, 0.0)	(83.0, 0.0)	(84.0, 0.0)	(85.0, 0.0)	(86.0, 0.0)	(87.0, 0.0)	(88.0, 0.0)	(89.0, 0.0)	(90.0, 0.0)	(91.0, 0.0)	(92.0, 0.0)	(93.0, 0.0)	(94.0, 0.0)	(95.0, 0.0)	(96.0, 0.0)	(97.0, 0.0)	(98.0, 0.0)	(99.0, 0.0)	(100.0, 0.0)
SRR15702556_2	(0.0, 0.0)	(1.0, 0.0)	(2.0, 0.0)	(3.0, 0.0)	(4.0, 0.0)	(5.0, 0.0)	(6.0, 0.0)	(7.0, 0.0)	(8.0, 0.0)	(9.0, 0.0)	(10.0, 0.0)	(11.0, 0.0)	(12.0, 0.0)	(13.0, 0.0)	(14.0, 0.0)	(15.0, 0.0)	(16.0, 0.0)	(17.0, 0.0)	(18.0, 0.0)	(19.0, 0.0)	(20.0, 0.0)	(21.0, 0.0)	(22.0, 0.0)	(23.0, 0.0)	(24.0, 0.0)	(25.0, 0.0)	(26.0, 0.0)	(27.0, 0.0)	(28.0, 0.0)	(29.0, 0.0)	(30.0, 0.0)	(31.0, 0.0)	(32.0, 0.0)	(33.0, 0.0)	(34.0, 0.0)	(35.0, 0.0)	(36.0, 0.0)	(37.0, 0.0)	(38.0, 0.0)	(39.0, 0.0010277914816642)	(40.0, 0.0020555829633284)	(41.0, 0.0020555829633284)	(42.0, 0.0092501233349778)	(43.0, 0.0226114125966124)	(44.0, 0.04213945074823219)	(45.0, 0.1017513566847558)	(46.0, 0.3175875678342378)	(47.0, 1.2611001480019735)	(48.0, 8.494696595954613)	(49.0, 32.207901660911034)	(50.0, 29.48322644301924)	(51.0, 5.33218220687387)	(52.0, 0.9465959546127282)	(53.0, 0.7420654497615524)	(54.0, 0.9692073672093406)	(55.0, 1.8592747903305378)	(56.0, 1.8150797566189771)	(57.0, 1.0144301924025654)	(58.0, 1.3330455517184674)	(59.0, 3.2200707120539387)	(60.0, 2.9590116757112317)	(61.0, 3.9703584936688046)	(62.0, 3.6013813517513564)	(63.0, 0.262086827824371)	(64.0, 0.023639204078276597)	(65.0, 0.0)	(66.0, 0.0010277914816642)	(67.0, 0.0010277914816642)	(68.0, 0.0010277914816642)	(69.0, 0.0010277914816642)	(70.0, 0.0)	(71.0, 0.0)	(72.0, 0.0)	(73.0, 0.0)	(74.0, 0.0)	(75.0, 0.0)	(76.0, 0.0)	(77.0, 0.0)	(78.0, 0.0)	(79.0, 0.0)	(80.0, 0.0)	(81.0, 0.0)	(82.0, 0.0)	(83.0, 0.0)	(84.0, 0.0)	(85.0, 0.0)	(86.0, 0.0)	(87.0, 0.0)	(88.0, 0.0)	(89.0, 0.0)	(90.0, 0.0)	(91.0, 0.0)	(92.0, 0.0)	(93.0, 0.0)	(94.0, 0.0)	(95.0, 0.0)	(96.0, 0.0010277914816642)	(97.0, 0.0010277914816642)	(98.0, 0.0)	(99.0, 0.0)	(100.0, 0.0)
SRR15702558_1	(0.0, 0.0)	(1.0, 0.0)	(2.0, 0.0)	(3.0, 0.0)	(4.0, 0.0)	(5.0, 0.0)	(6.0, 0.0)	(7.0, 0.0)	(8.0, 0.0)	(9.0, 0.0)	(10.0, 0.0)	(11.0, 0.0)	(12.0, 0.0)	(13.0, 0.0)	(14.0, 0.0)	(15.0, 0.0)	(16.0, 0.0)	(17.0, 0.0)	(18.0, 0.0)	(19.0, 0.0)	(20.0, 0.0)	(21.0, 0.0)	(22.0, 0.0)	(23.0, 0.0)	(24.0, 0.0)	(25.0, 0.0)	(26.0, 0.0)	(27.0, 0.0014385591391662112)	(28.0, 0.0014385591391662112)	(29.0, 0.0)	(30.0, 0.0)	(31.0, 0.0)	(32.0, 0.0)	(33.0, 0.0)	(34.0, 0.0)	(35.0, 0.0)	(36.0, 0.0)	(37.0, 0.0014385591391662112)	(38.0, 0.0014385591391662112)	(39.0, 0.0)	(40.0, 0.0028771182783324223)	(41.0, 0.005754236556664845)	(42.0, 0.021578387087493166)	(43.0, 0.07048939781914434)	(44.0, 0.9897286877463533)	(45.0, 1.2213367091521132)	(46.0, 0.48623298903817935)	(47.0, 0.42149782777569983)	(48.0, 0.6991397416347787)	(49.0, 2.307448859222603)	(50.0, 8.378168426504013)	(51.0, 10.79063210288575)	(52.0, 18.245245562045056)	(53.0, 19.55721149696464)	(54.0, 8.570935351152285)	(55.0, 4.748683718387663)	(56.0, 4.417815116379434)	(57.0, 4.015018557412895)	(58.0, 6.569899588572087)	(59.0, 6.1872428575538745)	(60.0, 1.3910866875737262)	(61.0, 0.5466524728831602)	(62.0, 0.10357625801996719)	(63.0, 0.005754236556664845)	(64.0, 0.007192795695831056)	(65.0, 0.05178812900998359)	(66.0, 0.04603389245331876)	(67.0, 0.004315677417498633)	(68.0, 0.005754236556664845)	(69.0, 0.005754236556664845)	(70.0, 0.056103806427482236)	(71.0, 0.05754236556664845)	(72.0, 0.005754236556664845)	(73.0, 0.0)	(74.0, 0.0)	(75.0, 0.0)	(76.0, 0.0)	(77.0, 0.0)	(78.0, 0.0)	(79.0, 0.0)	(80.0, 0.0)	(81.0, 0.0)	(82.0, 0.0)	(83.0, 0.0)	(84.0, 0.0)	(85.0, 0.0)	(86.0, 0.0)	(87.0, 0.0)	(88.0, 0.0)	(89.0, 0.0)	(90.0, 0.0)	(91.0, 0.0)	(92.0, 0.0)	(93.0, 0.0)	(94.0, 0.0)	(95.0, 0.0)	(96.0, 0.0)	(97.0, 0.0)	(98.0, 0.0)	(99.0, 0.0)	(100.0, 0.0)
SRR15702558_2	(0.0, 0.0)	(1.0, 0.0)	(2.0, 0.0)	(3.0, 0.0)	(4.0, 0.0)	(5.0, 0.0)	(6.0, 0.0)	(7.0, 0.0)	(8.0, 0.0)	(9.0, 0.0)	(10.0, 0.0)	(11.0, 0.0)	(12.0, 0.0)	(13.0, 0.0)	(14.0, 0.0)	(15.0, 0.0)	(16.0, 0.0)	(17.0, 0.0)	(18.0, 0.0)	(19.0, 0.0)	(20.0, 0.0)	(21.0, 0.0)	(22.0, 0.0)	(23.0, 0.0)	(24.0, 0.0)	(25.0, 0.0)	(26.0, 0.0)	(27.0, 0.0)	(28.0, 0.0)	(29.0, 0.0)	(30.0, 0.0)	(31.0, 0.0)	(32.0, 0.0)	(33.0, 0.0)	(34.0, 0.0)	(35.0, 0.0)	(36.0, 0.0)	(37.0, 0.0)	(38.0, 0.0)	(39.0, 0.0)	(40.0, 0.0)	(41.0, 0.0014385591391662112)	(42.0, 0.0014385591391662112)	(43.0, 0.0014385591391662112)	(44.0, 0.0014385591391662112)	(45.0, 0.0014385591391662112)	(46.0, 0.027332623644158012)	(47.0, 0.10645337629829964)	(48.0, 0.36539402134821763)	(49.0, 1.9319849239002214)	(50.0, 1.9564404292660473)	(51.0, 1.19975832206462)	(52.0, 1.2170210317346146)	(53.0, 1.3321057628679114)	(54.0, 3.774779181172138)	(55.0, 10.186437264435941)	(56.0, 13.047731392237536)	(57.0, 9.554909802341975)	(58.0, 15.500474724515925)	(59.0, 23.3650775383376)	(60.0, 13.231866962050809)	(61.0, 2.0283683862243573)	(62.0, 0.7451736340880973)	(63.0, 0.21146819345743303)	(64.0, 0.054665247288316024)	(65.0, 0.008631354834997267)	(66.0, 0.014385591391662112)	(67.0, 0.024455505365825587)	(68.0, 0.058980924705814654)	(69.0, 0.044595333314152545)	(70.0, 0.0014385591391662112)	(71.0, 0.0)	(72.0, 0.0)	(73.0, 0.0)	(74.0, 0.0)	(75.0, 0.0)	(76.0, 0.0)	(77.0, 0.0)	(78.0, 0.0)	(79.0, 0.0)	(80.0, 0.0)	(81.0, 0.0)	(82.0, 0.0)	(83.0, 0.0)	(84.0, 0.0)	(85.0, 0.0)	(86.0, 0.0)	(87.0, 0.0)	(88.0, 0.0)	(89.0, 0.0)	(90.0, 0.0)	(91.0, 0.0)	(92.0, 0.0)	(93.0, 0.0)	(94.0, 0.0)	(95.0, 0.0)	(96.0, 0.0)	(97.0, 0.0)	(98.0, 0.0)	(99.0, 0.0014385591391662112)	(100.0, 0.0014385591391662112)
SRR15702559_1	(0.0, 0.0)	(1.0, 0.0)	(2.0, 0.0)	(3.0, 0.0)	(4.0, 0.0)	(5.0, 0.0)	(6.0, 0.0)	(7.0, 0.0)	(8.0, 0.0)	(9.0, 0.0)	(10.0, 0.0)	(11.0, 0.0)	(12.0, 0.0)	(13.0, 0.0)	(14.0, 0.0)	(15.0, 0.0)	(16.0, 0.0)	(17.0, 0.0)	(18.0, 0.0)	(19.0, 0.0)	(20.0, 0.0)	(21.0, 0.0)	(22.0, 0.0)	(23.0, 0.0)	(24.0, 0.0)	(25.0, 0.0)	(26.0, 0.0)	(27.0, 0.0)	(28.0, 0.0)	(29.0, 0.0)	(30.0, 0.0007855829811302967)	(31.0, 0.0007855829811302967)	(32.0, 0.0)	(33.0, 0.0)	(34.0, 0.0)	(35.0, 0.0)	(36.0, 0.0)	(37.0, 0.0015711659622605935)	(38.0, 0.0023567489433908907)	(39.0, 0.0015711659622605935)	(40.0, 0.0007855829811302967)	(41.0, 0.003142331924521187)	(42.0, 0.018853991547127125)	(43.0, 0.05970430656590255)	(44.0, 0.6347510487532798)	(45.0, 1.7290681414677833)	(46.0, 2.809244740521941)	(47.0, 2.017377095542602)	(48.0, 0.5962574826778952)	(49.0, 0.9301302496582713)	(50.0, 3.99704620799095)	(51.0, 6.849498012475058)	(52.0, 9.268308011375241)	(53.0, 7.857400977265229)	(54.0, 8.172419752698477)	(55.0, 10.85597121623957)	(56.0, 18.887771615315728)	(57.0, 16.533379420868226)	(58.0, 4.839976746743758)	(59.0, 3.0472763838044212)	(60.0, 0.7565164108284758)	(61.0, 0.10919603437711126)	(62.0, 0.013354910679215046)	(63.0, 0.003142331924521187)	(64.0, 0.0007855829811302967)	(65.0, 0.0)	(66.0, 0.0)	(67.0, 0.0)	(68.0, 0.0)	(69.0, 0.0)	(70.0, 0.0007855829811302967)	(71.0, 0.0007855829811302967)	(72.0, 0.0)	(73.0, 0.0)	(74.0, 0.0)	(75.0, 0.0)	(76.0, 0.0)	(77.0, 0.0)	(78.0, 0.0)	(79.0, 0.0)	(80.0, 0.0)	(81.0, 0.0)	(82.0, 0.0)	(83.0, 0.0)	(84.0, 0.0)	(85.0, 0.0)	(86.0, 0.0)	(87.0, 0.0)	(88.0, 0.0)	(89.0, 0.0)	(90.0, 0.0)	(91.0, 0.0)	(92.0, 0.0)	(93.0, 0.0)	(94.0, 0.0)	(95.0, 0.0)	(96.0, 0.0)	(97.0, 0.0)	(98.0, 0.0)	(99.0, 0.0)	(100.0, 0.0)
SRR15702559_2	(0.0, 0.0)	(1.0, 0.0)	(2.0, 0.0)	(3.0, 0.0)	(4.0, 0.0)	(5.0, 0.0)	(6.0, 0.0)	(7.0, 0.0)	(8.0, 0.0)	(9.0, 0.0)	(10.0, 0.0)	(11.0, 0.0)	(12.0, 0.0)	(13.0, 0.0)	(14.0, 0.0)	(15.0, 0.0)	(16.0, 0.0)	(17.0, 0.0)	(18.0, 0.0)	(19.0, 0.0)	(20.0, 0.0)	(21.0, 0.0)	(22.0, 0.0)	(23.0, 0.0)	(24.0, 0.0)	(25.0, 0.0)	(26.0, 0.0)	(27.0, 0.0)	(28.0, 0.0)	(29.0, 0.0)	(30.0, 0.0)	(31.0, 0.0)	(32.0, 0.0)	(33.0, 0.0)	(34.0, 0.0)	(35.0, 0.0)	(36.0, 0.0007855829811302967)	(37.0, 0.0007855829811302967)	(38.0, 0.007070246830172672)	(39.0, 0.007070246830172672)	(40.0, 0.0)	(41.0, 0.0)	(42.0, 0.0007855829811302967)	(43.0, 0.003927914905651484)	(44.0, 0.007855829811302967)	(45.0, 0.012569327698084748)	(46.0, 0.018853991547127125)	(47.0, 0.06441780445268434)	(48.0, 0.19168224739579243)	(49.0, 1.8908982355806243)	(50.0, 3.4078589721432273)	(51.0, 2.0574418275802473)	(52.0, 1.1768033057331846)	(53.0, 4.096815246594498)	(54.0, 9.749870378808113)	(55.0, 12.667525570726035)	(56.0, 22.70177698870332)	(57.0, 26.712963690354613)	(58.0, 11.642339780350998)	(59.0, 1.7039294860716137)	(60.0, 0.5640485804515531)	(61.0, 0.6551762062626676)	(62.0, 0.5067010228290415)	(63.0, 0.1233365280374566)	(64.0, 0.021996323471648312)	(65.0, 0.0015711659622605935)	(66.0, 0.0)	(67.0, 0.0)	(68.0, 0.0)	(69.0, 0.0)	(70.0, 0.0)	(71.0, 0.0)	(72.0, 0.0)	(73.0, 0.0)	(74.0, 0.0)	(75.0, 0.0)	(76.0, 0.0)	(77.0, 0.0)	(78.0, 0.0)	(79.0, 0.0)	(80.0, 0.0)	(81.0, 0.0)	(82.0, 0.0)	(83.0, 0.0)	(84.0, 0.0)	(85.0, 0.0)	(86.0, 0.0)	(87.0, 0.0)	(88.0, 0.0)	(89.0, 0.0)	(90.0, 0.0)	(91.0, 0.0)	(92.0, 0.0)	(93.0, 0.0)	(94.0, 0.0)	(95.0, 0.0)	(96.0, 0.0)	(97.0, 0.0)	(98.0, 0.0)	(99.0, 0.0015711659622605935)	(100.0, 0.0015711659622605935)
SRR15702560_1	(0.0, 0.0)	(1.0, 0.0)	(2.0, 0.0)	(3.0, 0.0)	(4.0, 0.0)	(5.0, 0.0)	(6.0, 0.0)	(7.0, 0.0)	(8.0, 0.0)	(9.0, 0.0)	(10.0, 0.0)	(11.0, 0.0)	(12.0, 0.0)	(13.0, 0.0)	(14.0, 0.0)	(15.0, 0.0)	(16.0, 0.0)	(17.0, 0.0)	(18.0, 0.0)	(19.0, 0.0)	(20.0, 0.0)	(21.0, 0.0)	(22.0, 0.0)	(23.0, 0.0)	(24.0, 0.0)	(25.0, 0.0)	(26.0, 0.0)	(27.0, 0.0)	(28.0, 0.0)	(29.0, 0.0)	(30.0, 0.0)	(31.0, 0.0)	(32.0, 0.0)	(33.0, 0.0)	(34.0, 0.0)	(35.0, 0.0)	(36.0, 0.0)	(37.0, 0.0007016854484471701)	(38.0, 0.0014033708968943402)	(39.0, 0.0014033708968943402)	(40.0, 0.004911798139130191)	(41.0, 0.01263033807204906)	(42.0, 0.040697756009935866)	(43.0, 0.2596236159254529)	(44.0, 3.3105519457737485)	(45.0, 6.334114543132604)	(46.0, 4.050128408437066)	(47.0, 2.2706541111750425)	(48.0, 1.6875535035154443)	(49.0, 0.35084272422358503)	(50.0, 0.36698148953786996)	(51.0, 1.1619911026285137)	(52.0, 6.383232524523906)	(53.0, 9.671330535947344)	(54.0, 14.79012588236945)	(55.0, 16.62994512819793)	(56.0, 7.98167197608656)	(57.0, 3.2228412647178524)	(58.0, 7.0905314565586535)	(59.0, 8.513549546009514)	(60.0, 3.7441935529141)	(61.0, 1.2391765019577026)	(62.0, 0.2841826066211039)	(63.0, 0.0729752866385057)	(64.0, 0.00631516903602453)	(65.0, 0.0007016854484471701)	(66.0, 0.0007016854484471701)	(67.0, 0.0042101126906830206)	(68.0, 0.010525281726707553)	(69.0, 0.03929438511304153)	(70.0, 0.22804777074533028)	(71.0, 0.2112073199825982)	(72.0, 0.016840450762732082)	(73.0, 0.0014033708968943402)	(74.0, 0.0)	(75.0, 0.0)	(76.0, 0.0)	(77.0, 0.0)	(78.0, 0.0007016854484471701)	(79.0, 0.0007016854484471701)	(80.0, 0.0)	(81.0, 0.0)	(82.0, 0.0)	(83.0, 0.0)	(84.0, 0.0)	(85.0, 0.0)	(86.0, 0.0)	(87.0, 0.0)	(88.0, 0.0)	(89.0, 0.0)	(90.0, 0.0007016854484471701)	(91.0, 0.0007016854484471701)	(92.0, 0.0)	(93.0, 0.0)	(94.0, 0.0)	(95.0, 0.0)	(96.0, 0.0)	(97.0, 0.0)	(98.0, 0.0)	(99.0, 0.0)	(100.0, 0.0)
SRR15702560_2	(0.0, 0.0)	(1.0, 0.0)	(2.0, 0.0)	(3.0, 0.0)	(4.0, 0.0)	(5.0, 0.0)	(6.0, 0.0)	(7.0, 0.0)	(8.0, 0.0)	(9.0, 0.0)	(10.0, 0.0)	(11.0, 0.0)	(12.0, 0.0)	(13.0, 0.0)	(14.0, 0.0)	(15.0, 0.0)	(16.0, 0.0)	(17.0, 0.0)	(18.0, 0.0)	(19.0, 0.0)	(20.0, 0.0)	(21.0, 0.0)	(22.0, 0.0)	(23.0, 0.0)	(24.0, 0.0)	(25.0, 0.0)	(26.0, 0.0)	(27.0, 0.0)	(28.0, 0.0)	(29.0, 0.0)	(30.0, 0.0)	(31.0, 0.0)	(32.0, 0.0)	(33.0, 0.0)	(34.0, 0.0)	(35.0, 0.0)	(36.0, 0.0)	(37.0, 0.0)	(38.0, 0.007016854484471702)	(39.0, 0.009121910829813212)	(40.0, 0.0021050563453415103)	(41.0, 0.0007016854484471701)	(42.0, 0.0007016854484471701)	(43.0, 0.0028067417937886804)	(44.0, 0.011226967175154721)	(45.0, 0.041399441458383035)	(46.0, 0.1241983243751491)	(47.0, 0.9949899658980872)	(48.0, 3.5189525239625583)	(49.0, 7.036501677028221)	(50.0, 5.393154356764949)	(51.0, 1.229352905679442)	(52.0, 0.6245000491179814)	(53.0, 2.0678670165738104)	(54.0, 7.264549447773552)	(55.0, 18.69079529028727)	(56.0, 18.372230096692256)	(57.0, 11.452208204106263)	(58.0, 7.59504329399217)	(59.0, 3.5077255567874035)	(60.0, 2.7583254978458256)	(61.0, 4.305541911671836)	(62.0, 3.9785564926954544)	(63.0, 0.3978556492695454)	(64.0, 0.10595450271552269)	(65.0, 0.025962361592545294)	(66.0, 0.01263033807204906)	(67.0, 0.03648764331925285)	(68.0, 0.21682080357017558)	(69.0, 0.19787529646210197)	(70.0, 0.011928652623601892)	(71.0, 0.0007016854484471701)	(72.0, 0.0007016854484471701)	(73.0, 0.0007016854484471701)	(74.0, 0.0)	(75.0, 0.0)	(76.0, 0.0)	(77.0, 0.0)	(78.0, 0.0)	(79.0, 0.0)	(80.0, 0.0)	(81.0, 0.0)	(82.0, 0.0007016854484471701)	(83.0, 0.0007016854484471701)	(84.0, 0.0)	(85.0, 0.0007016854484471701)	(86.0, 0.0007016854484471701)	(87.0, 0.0)	(88.0, 0.0)	(89.0, 0.0)	(90.0, 0.0)	(91.0, 0.0)	(92.0, 0.0)	(93.0, 0.0)	(94.0, 0.0)	(95.0, 0.0)	(96.0, 0.0)	(97.0, 0.0)	(98.0, 0.0)	(99.0, 0.0)	(100.0, 0.0)
SRR15702561_1	(0.0, 0.0)	(1.0, 0.0)	(2.0, 0.0)	(3.0, 0.0)	(4.0, 0.0)	(5.0, 0.0)	(6.0, 0.0)	(7.0, 0.0)	(8.0, 0.0)	(9.0, 0.0)	(10.0, 0.0)	(11.0, 0.0)	(12.0, 0.0)	(13.0, 0.0)	(14.0, 0.0)	(15.0, 0.0)	(16.0, 0.0)	(17.0, 0.0)	(18.0, 0.0)	(19.0, 0.0)	(20.0, 0.0)	(21.0, 0.0)	(22.0, 0.0)	(23.0, 0.0)	(24.0, 0.0)	(25.0, 0.0)	(26.0, 0.0)	(27.0, 0.0)	(28.0, 0.0)	(29.0, 0.0)	(30.0, 0.0)	(31.0, 0.0)	(32.0, 0.0)	(33.0, 0.0)	(34.0, 0.0)	(35.0, 0.0)	(36.0, 0.0)	(37.0, 0.002244769686630152)	(38.0, 0.004489539373260304)	(39.0, 0.004489539373260304)	(40.0, 0.004489539373260304)	(41.0, 0.008979078746520607)	(42.0, 0.01346861811978091)	(43.0, 0.017958157493041214)	(44.0, 0.0606087815390141)	(45.0, 0.29855436832181015)	(46.0, 0.325491604561372)	(47.0, 0.16611295681063123)	(48.0, 0.3883451557870162)	(49.0, 3.178593876268295)	(50.0, 6.747777678010236)	(51.0, 7.481817365538296)	(52.0, 17.082697315255455)	(53.0, 15.785220436383227)	(54.0, 10.101463589835683)	(55.0, 10.114932207955464)	(56.0, 6.467181467181467)	(57.0, 5.3919367872856245)	(58.0, 3.970997575648738)	(59.0, 7.189997306276376)	(60.0, 4.812786208135045)	(61.0, 0.35691838017419414)	(62.0, 0.020202927179671367)	(63.0, 0.002244769686630152)	(64.0, 0.0)	(65.0, 0.0)	(66.0, 0.0)	(67.0, 0.0)	(68.0, 0.0)	(69.0, 0.0)	(70.0, 0.0)	(71.0, 0.0)	(72.0, 0.0)	(73.0, 0.0)	(74.0, 0.0)	(75.0, 0.0)	(76.0, 0.0)	(77.0, 0.0)	(78.0, 0.0)	(79.0, 0.0)	(80.0, 0.0)	(81.0, 0.0)	(82.0, 0.0)	(83.0, 0.0)	(84.0, 0.0)	(85.0, 0.0)	(86.0, 0.0)	(87.0, 0.0)	(88.0, 0.0)	(89.0, 0.0)	(90.0, 0.0)	(91.0, 0.0)	(92.0, 0.0)	(93.0, 0.0)	(94.0, 0.0)	(95.0, 0.0)	(96.0, 0.0)	(97.0, 0.0)	(98.0, 0.0)	(99.0, 0.0)	(100.0, 0.0)
SRR15702561_2	(0.0, 0.0)	(1.0, 0.0)	(2.0, 0.0)	(3.0, 0.0)	(4.0, 0.0)	(5.0, 0.0)	(6.0, 0.0)	(7.0, 0.0)	(8.0, 0.0)	(9.0, 0.0)	(10.0, 0.0)	(11.0, 0.0)	(12.0, 0.0)	(13.0, 0.0)	(14.0, 0.0)	(15.0, 0.0)	(16.0, 0.0)	(17.0, 0.0)	(18.0, 0.0)	(19.0, 0.0)	(20.0, 0.0)	(21.0, 0.0)	(22.0, 0.0)	(23.0, 0.0)	(24.0, 0.0)	(25.0, 0.0)	(26.0, 0.0)	(27.0, 0.0)	(28.0, 0.0)	(29.0, 0.0)	(30.0, 0.0)	(31.0, 0.0)	(32.0, 0.0)	(33.0, 0.0)	(34.0, 0.0)	(35.0, 0.0)	(36.0, 0.0)	(37.0, 0.0)	(38.0, 0.0)	(39.0, 0.0)	(40.0, 0.0)	(41.0, 0.0)	(42.0, 0.0)	(43.0, 0.006734460233012323)	(44.0, 0.011224100388353874)	(45.0, 0.011224100388353874)	(46.0, 0.02020338069903697)	(47.0, 0.022448200776707748)	(48.0, 0.053875681864098586)	(49.0, 0.37039531281567784)	(50.0, 0.39508833367005636)	(51.0, 0.1436684849709296)	(52.0, 0.32325409118459153)	(53.0, 1.0101690349518486)	(54.0, 8.815408445013134)	(55.0, 22.823085729678766)	(56.0, 25.65604866769928)	(57.0, 23.31919096684401)	(58.0, 13.551978808898465)	(59.0, 1.3872988080005386)	(60.0, 0.6509978225245246)	(61.0, 0.8507868094372236)	(62.0, 0.5118189777089366)	(63.0, 0.047141221631086264)	(64.0, 0.00448964015534155)	(65.0, 0.002244820077670775)	(66.0, 0.0)	(67.0, 0.0)	(68.0, 0.0)	(69.0, 0.0)	(70.0, 0.0)	(71.0, 0.0)	(72.0, 0.0)	(73.0, 0.0)	(74.0, 0.002244820077670775)	(75.0, 0.002244820077670775)	(76.0, 0.0)	(77.0, 0.0)	(78.0, 0.0)	(79.0, 0.0)	(80.0, 0.002244820077670775)	(81.0, 0.002244820077670775)	(82.0, 0.0)	(83.0, 0.0)	(84.0, 0.0)	(85.0, 0.0)	(86.0, 0.0)	(87.0, 0.0)	(88.0, 0.0)	(89.0, 0.0)	(90.0, 0.0)	(91.0, 0.0)	(92.0, 0.0)	(93.0, 0.0)	(94.0, 0.0)	(95.0, 0.0)	(96.0, 0.0)	(97.0, 0.0)	(98.0, 0.0)	(99.0, 0.0)	(100.0, 0.002244820077670775)
SRR15702562_1	(0.0, 0.0)	(1.0, 0.0)	(2.0, 0.0)	(3.0, 0.0)	(4.0, 0.0)	(5.0, 0.0)	(6.0, 0.0)	(7.0, 0.0)	(8.0, 0.0)	(9.0, 0.0)	(10.0, 0.0)	(11.0, 0.0)	(12.0, 0.0)	(13.0, 0.0)	(14.0, 0.0)	(15.0, 0.0)	(16.0, 0.0)	(17.0, 0.0)	(18.0, 0.0)	(19.0, 0.0)	(20.0, 0.0)	(21.0, 0.0)	(22.0, 0.0)	(23.0, 0.0)	(24.0, 0.0)	(25.0, 0.0)	(26.0, 0.0)	(27.0, 0.0)	(28.0, 0.0)	(29.0, 0.0)	(30.0, 0.0)	(31.0, 0.0)	(32.0, 0.0)	(33.0, 0.0)	(34.0, 0.0)	(35.0, 0.0008256002113536541)	(36.0, 0.0016512004227073082)	(37.0, 0.0008256002113536541)	(38.0, 0.0008256002113536541)	(39.0, 0.004128001056768271)	(40.0, 0.01816320464978039)	(41.0, 0.050361612892572905)	(42.0, 0.18245764670915757)	(43.0, 1.5356163931177966)	(44.0, 25.098246425151082)	(45.0, 26.705690036656648)	(46.0, 3.288365641821604)	(47.0, 0.43756811201743673)	(48.0, 1.2450051187213105)	(49.0, 2.1358277467719033)	(50.0, 1.5191043888907236)	(51.0, 1.358112347676761)	(52.0, 1.5265347907929063)	(53.0, 1.7337604438426735)	(54.0, 6.286945609458076)	(55.0, 9.031240711997622)	(56.0, 5.262375747168192)	(57.0, 2.4652422311020112)	(58.0, 3.1992008189954095)	(59.0, 3.993428222317625)	(60.0, 2.0565701264819523)	(61.0, 0.48875532512136327)	(62.0, 0.3104256794689739)	(63.0, 0.05696641458340213)	(64.0, 0.004128001056768271)	(65.0, 0.0016512004227073082)	(66.0, 0.0)	(67.0, 0.0)	(68.0, 0.0)	(69.0, 0.0)	(70.0, 0.0)	(71.0, 0.0)	(72.0, 0.0)	(73.0, 0.0)	(74.0, 0.0)	(75.0, 0.0)	(76.0, 0.0)	(77.0, 0.0)	(78.0, 0.0)	(79.0, 0.0)	(80.0, 0.0)	(81.0, 0.0)	(82.0, 0.0)	(83.0, 0.0)	(84.0, 0.0)	(85.0, 0.0)	(86.0, 0.0)	(87.0, 0.0)	(88.0, 0.0)	(89.0, 0.0)	(90.0, 0.0)	(91.0, 0.0)	(92.0, 0.0)	(93.0, 0.0)	(94.0, 0.0)	(95.0, 0.0)	(96.0, 0.0)	(97.0, 0.0)	(98.0, 0.0)	(99.0, 0.0)	(100.0, 0.0)
SRR15702562_2	(0.0, 0.0)	(1.0, 0.0)	(2.0, 0.0)	(3.0, 0.0)	(4.0, 0.0)	(5.0, 0.0)	(6.0, 0.0)	(7.0, 0.0)	(8.0, 0.0)	(9.0, 0.0)	(10.0, 0.0)	(11.0, 0.0)	(12.0, 0.0)	(13.0, 0.0)	(14.0, 0.0)	(15.0, 0.0)	(16.0, 0.0)	(17.0, 0.0)	(18.0, 0.0)	(19.0, 0.0)	(20.0, 0.0)	(21.0, 0.0)	(22.0, 0.0)	(23.0, 0.0)	(24.0, 0.0)	(25.0, 0.0)	(26.0, 0.0)	(27.0, 0.0)	(28.0, 0.0)	(29.0, 0.0)	(30.0, 0.0)	(31.0, 0.0)	(32.0, 0.0)	(33.0, 0.0)	(34.0, 0.0)	(35.0, 0.0008256002113536541)	(36.0, 0.0008256002113536541)	(37.0, 0.0)	(38.0, 0.004953601268121925)	(39.0, 0.004953601268121925)	(40.0, 0.0008256002113536541)	(41.0, 0.0016512004227073082)	(42.0, 0.004128001056768271)	(43.0, 0.018988804861134044)	(44.0, 0.04458241141309732)	(45.0, 0.10072322578514581)	(46.0, 0.24355206234932797)	(47.0, 0.6513985667580331)	(48.0, 2.461114230045243)	(49.0, 26.58680360622172)	(50.0, 26.735411644265383)	(51.0, 2.5263366467421817)	(52.0, 0.8082626069152273)	(53.0, 1.6718404279911496)	(54.0, 5.411809385423203)	(55.0, 9.02381031009544)	(56.0, 8.105742875070177)	(57.0, 5.164129322017106)	(58.0, 3.9034377992800766)	(59.0, 2.317459793269707)	(60.0, 0.5828737492156798)	(61.0, 1.7783428552557707)	(62.0, 1.6602820250321983)	(63.0, 0.14860803804365774)	(64.0, 0.031372808031438854)	(65.0, 0.0033024008454146164)	(66.0, 0.0)	(67.0, 0.0)	(68.0, 0.0)	(69.0, 0.0)	(70.0, 0.0)	(71.0, 0.0)	(72.0, 0.0)	(73.0, 0.0)	(74.0, 0.0)	(75.0, 0.0)	(76.0, 0.0)	(77.0, 0.0)	(78.0, 0.0)	(79.0, 0.0)	(80.0, 0.0)	(81.0, 0.0)	(82.0, 0.0)	(83.0, 0.0)	(84.0, 0.0)	(85.0, 0.0)	(86.0, 0.0)	(87.0, 0.0)	(88.0, 0.0)	(89.0, 0.0)	(90.0, 0.0)	(91.0, 0.0008256002113536541)	(92.0, 0.0008256002113536541)	(93.0, 0.0)	(94.0, 0.0)	(95.0, 0.0)	(96.0, 0.0)	(97.0, 0.0)	(98.0, 0.0)	(99.0, 0.0)	(100.0, 0.0)
SRR15702563_1	(0.0, 0.0)	(1.0, 0.0)	(2.0, 0.0)	(3.0, 0.0)	(4.0, 0.0)	(5.0, 0.0)	(6.0, 0.0)	(7.0, 0.0)	(8.0, 0.0)	(9.0, 0.0)	(10.0, 0.0)	(11.0, 0.0)	(12.0, 0.0)	(13.0, 0.0)	(14.0, 0.0)	(15.0, 0.0)	(16.0, 0.0)	(17.0, 0.0)	(18.0, 0.0)	(19.0, 0.0)	(20.0, 0.0)	(21.0, 0.0)	(22.0, 0.0)	(23.0, 0.0)	(24.0, 0.0)	(25.0, 0.001176664391782176)	(26.0, 0.001176664391782176)	(27.0, 0.0)	(28.0, 0.0)	(29.0, 0.0)	(30.0, 0.0)	(31.0, 0.0)	(32.0, 0.0)	(33.0, 0.0)	(34.0, 0.0)	(35.0, 0.0)	(36.0, 0.0)	(37.0, 0.0)	(38.0, 0.002353328783564352)	(39.0, 0.004706657567128704)	(40.0, 0.00823665074247523)	(41.0, 0.02353328783564352)	(42.0, 0.06942319911514838)	(43.0, 0.09413315134257408)	(44.0, 0.16708634363306898)	(45.0, 1.0295813428094038)	(46.0, 13.93641305626809)	(47.0, 14.80596804179512)	(48.0, 2.1038759325065306)	(49.0, 0.7742451697926718)	(50.0, 0.883674958228414)	(51.0, 1.9132563010378179)	(52.0, 4.003012260842962)	(53.0, 4.144211987856823)	(54.0, 5.9339185277575135)	(55.0, 7.910714705951569)	(56.0, 13.750500082366507)	(57.0, 12.086696632386511)	(58.0, 5.12672675499494)	(59.0, 4.2301084884569224)	(60.0, 1.239027604546631)	(61.0, 0.5118490104252466)	(62.0, 0.39065257807168235)	(63.0, 0.09413315134257408)	(64.0, 0.03176993857811875)	(65.0, 0.20238627538653425)	(66.0, 0.23533287835643518)	(67.0, 0.09530981573435625)	(68.0, 0.08236650742475231)	(69.0, 0.31534605699762314)	(70.0, 1.8826630268514815)	(71.0, 1.759113265714353)	(72.0, 0.1517897065399007)	(73.0, 0.003529993175346528)	(74.0, 0.0)	(75.0, 0.0)	(76.0, 0.0)	(77.0, 0.0)	(78.0, 0.0)	(79.0, 0.0)	(80.0, 0.0)	(81.0, 0.0)	(82.0, 0.0)	(83.0, 0.0)	(84.0, 0.0)	(85.0, 0.0)	(86.0, 0.0)	(87.0, 0.0)	(88.0, 0.0)	(89.0, 0.0)	(90.0, 0.0)	(91.0, 0.0)	(92.0, 0.0)	(93.0, 0.0)	(94.0, 0.0)	(95.0, 0.0)	(96.0, 0.0)	(97.0, 0.0)	(98.0, 0.0)	(99.0, 0.0)	(100.0, 0.0)
SRR15702563_2	(0.0, 0.0)	(1.0, 0.0)	(2.0, 0.0)	(3.0, 0.0)	(4.0, 0.0)	(5.0, 0.0)	(6.0, 0.0)	(7.0, 0.0)	(8.0, 0.0)	(9.0, 0.0)	(10.0, 0.0)	(11.0, 0.0)	(12.0, 0.0)	(13.0, 0.0)	(14.0, 0.0)	(15.0, 0.0)	(16.0, 0.0)	(17.0, 0.0)	(18.0, 0.0)	(19.0, 0.0)	(20.0, 0.0)	(21.0, 0.0)	(22.0, 0.0)	(23.0, 0.0)	(24.0, 0.0)	(25.0, 0.0)	(26.0, 0.0)	(27.0, 0.0)	(28.0, 0.0)	(29.0, 0.0)	(30.0, 0.0)	(31.0, 0.0)	(32.0, 0.0)	(33.0, 0.0)	(34.0, 0.0)	(35.0, 0.0)	(36.0, 0.0011766782373360005)	(37.0, 0.004706712949344002)	(38.0, 0.03530034712008001)	(39.0, 0.04000706006942401)	(40.0, 0.008236747661352004)	(41.0, 0.0)	(42.0, 0.0011766782373360005)	(43.0, 0.003530034712008001)	(44.0, 0.008236747661352004)	(45.0, 0.027063599458728015)	(46.0, 0.06471730305348003)	(47.0, 0.18709183973642407)	(48.0, 0.8625051479672883)	(49.0, 13.823615932223335)	(50.0, 14.846149320468319)	(51.0, 2.247455433311761)	(52.0, 0.9072189209860564)	(53.0, 1.9850561863858327)	(54.0, 6.388186150497146)	(55.0, 19.439901159028064)	(56.0, 19.062187444843207)	(57.0, 7.251867976701772)	(58.0, 4.371359651703242)	(59.0, 2.0580102371006648)	(60.0, 0.7789609931164323)	(61.0, 0.5542154497852562)	(62.0, 0.5177384244278402)	(63.0, 0.2612225686885921)	(64.0, 0.08001412013884802)	(65.0, 0.07060069424016002)	(66.0, 0.09060422427487204)	(67.0, 0.2824027769606401)	(68.0, 1.8756251103135848)	(69.0, 1.7544272518679764)	(70.0, 0.10001765017356003)	(71.0, 0.008236747661352004)	(72.0, 0.0)	(73.0, 0.0)	(74.0, 0.0)	(75.0, 0.0)	(76.0, 0.0)	(77.0, 0.0)	(78.0, 0.0)	(79.0, 0.0)	(80.0, 0.0)	(81.0, 0.0)	(82.0, 0.0)	(83.0, 0.0)	(84.0, 0.0)	(85.0, 0.0)	(86.0, 0.0)	(87.0, 0.0)	(88.0, 0.0)	(89.0, 0.0)	(90.0, 0.0)	(91.0, 0.0)	(92.0, 0.0)	(93.0, 0.0)	(94.0, 0.0)	(95.0, 0.0)	(96.0, 0.0)	(97.0, 0.0)	(98.0, 0.0)	(99.0, 0.0)	(100.0, 0.0011766782373360005)
SRR15702564_1	(0.0, 0.0)	(1.0, 0.0)	(2.0, 0.0)	(3.0, 0.0)	(4.0, 0.0)	(5.0, 0.0)	(6.0, 0.0)	(7.0, 0.0)	(8.0, 0.0)	(9.0, 0.0)	(10.0, 0.0)	(11.0, 0.0)	(12.0, 0.0)	(13.0, 0.0)	(14.0, 0.0)	(15.0, 0.0)	(16.0, 0.0)	(17.0, 0.0)	(18.0, 0.0)	(19.0, 0.0)	(20.0, 0.0)	(21.0, 0.0)	(22.0, 0.0)	(23.0, 0.0)	(24.0, 0.0)	(25.0, 0.0)	(26.0, 0.0)	(27.0, 0.0)	(28.0, 0.0)	(29.0, 0.0)	(30.0, 0.0)	(31.0, 0.0)	(32.0, 0.0)	(33.0, 0.0)	(34.0, 0.0)	(35.0, 0.0)	(36.0, 0.0)	(37.0, 0.0)	(38.0, 0.0)	(39.0, 0.0)	(40.0, 0.002042275094455223)	(41.0, 0.03369753905851118)	(42.0, 0.05820484019197386)	(43.0, 0.1674665577453283)	(44.0, 1.7798427448177268)	(45.0, 2.505871540896559)	(46.0, 1.9942816297355255)	(47.0, 2.0341059940774024)	(48.0, 1.3999795772490555)	(49.0, 1.058919636475033)	(50.0, 3.012355764321454)	(51.0, 3.746553660778107)	(52.0, 7.583988563259471)	(53.0, 10.750536097212295)	(54.0, 17.182681507199018)	(55.0, 19.135096497498214)	(56.0, 9.851935055651996)	(57.0, 4.495047482895946)	(58.0, 1.7573777187787194)	(59.0, 4.216276932502808)	(60.0, 4.759522107627897)	(61.0, 1.4500153170632084)	(62.0, 0.562646788522414)	(63.0, 0.402328193607679)	(64.0, 0.05207801490860819)	(65.0, 0.0010211375472276114)	(66.0, 0.0)	(67.0, 0.0)	(68.0, 0.0030634126416828346)	(69.0, 0.0030634126416828346)	(70.0, 0.0)	(71.0, 0.0)	(72.0, 0.0)	(73.0, 0.0)	(74.0, 0.0)	(75.0, 0.0)	(76.0, 0.0)	(77.0, 0.0)	(78.0, 0.0)	(79.0, 0.0)	(80.0, 0.0)	(81.0, 0.0)	(82.0, 0.0)	(83.0, 0.0)	(84.0, 0.0)	(85.0, 0.0)	(86.0, 0.0)	(87.0, 0.0)	(88.0, 0.0)	(89.0, 0.0)	(90.0, 0.0)	(91.0, 0.0)	(92.0, 0.0)	(93.0, 0.0)	(94.0, 0.0)	(95.0, 0.0)	(96.0, 0.0)	(97.0, 0.0)	(98.0, 0.0)	(99.0, 0.0)	(100.0, 0.0)
SRR15702564_2	(0.0, 0.0)	(1.0, 0.0)	(2.0, 0.0)	(3.0, 0.0)	(4.0, 0.0)	(5.0, 0.0)	(6.0, 0.0)	(7.0, 0.0)	(8.0, 0.0)	(9.0, 0.0)	(10.0, 0.0)	(11.0, 0.0)	(12.0, 0.0)	(13.0, 0.0)	(14.0, 0.0)	(15.0, 0.0)	(16.0, 0.0)	(17.0, 0.0)	(18.0, 0.0)	(19.0, 0.0)	(20.0, 0.0)	(21.0, 0.0)	(22.0, 0.0)	(23.0, 0.0)	(24.0, 0.0)	(25.0, 0.0)	(26.0, 0.0)	(27.0, 0.0)	(28.0, 0.0)	(29.0, 0.0)	(30.0, 0.0)	(31.0, 0.0)	(32.0, 0.0)	(33.0, 0.0)	(34.0, 0.0)	(35.0, 0.0)	(36.0, 0.0)	(37.0, 0.0)	(38.0, 0.0)	(39.0, 0.0)	(40.0, 0.0)	(41.0, 0.0)	(42.0, 0.0)	(43.0, 0.005105687736138058)	(44.0, 0.006126825283365669)	(45.0, 0.006126825283365669)	(46.0, 0.03471867660573879)	(47.0, 0.25222097416522005)	(48.0, 0.5554988256918206)	(49.0, 2.529357704482794)	(50.0, 2.576330031655264)	(51.0, 0.8199734504237721)	(52.0, 2.1515368120085774)	(53.0, 3.3483100173593385)	(54.0, 8.303890534054938)	(55.0, 11.892167875012765)	(56.0, 11.240682119881548)	(57.0, 10.704584907587051)	(58.0, 9.437353211477587)	(59.0, 6.691514346982538)	(60.0, 3.430001021137547)	(61.0, 12.293474931073217)	(62.0, 11.78699070764832)	(63.0, 1.4112120902685592)	(64.0, 0.47074440927192895)	(65.0, 0.043908914530787296)	(66.0, 0.004084550188910446)	(67.0, 0.0010211375472276114)	(68.0, 0.0010211375472276114)	(69.0, 0.0)	(70.0, 0.0)	(71.0, 0.0)	(72.0, 0.0)	(73.0, 0.0)	(74.0, 0.0)	(75.0, 0.0)	(76.0, 0.0)	(77.0, 0.0)	(78.0, 0.0)	(79.0, 0.0)	(80.0, 0.0)	(81.0, 0.0)	(82.0, 0.0)	(83.0, 0.0)	(84.0, 0.0)	(85.0, 0.0)	(86.0, 0.0)	(87.0, 0.0)	(88.0, 0.0)	(89.0, 0.0)	(90.0, 0.0)	(91.0, 0.0)	(92.0, 0.0)	(93.0, 0.0)	(94.0, 0.0)	(95.0, 0.0)	(96.0, 0.0010211375472276114)	(97.0, 0.0010211375472276114)	(98.0, 0.0)	(99.0, 0.0)	(100.0, 0.0)
SRR15702566_1	(0.0, 0.0)	(1.0, 0.0)	(2.0, 0.0)	(3.0, 0.0)	(4.0, 0.0)	(5.0, 0.0)	(6.0, 0.0)	(7.0, 0.0)	(8.0, 0.0)	(9.0, 0.0)	(10.0, 0.0)	(11.0, 0.0)	(12.0, 0.0)	(13.0, 0.0)	(14.0, 0.0)	(15.0, 0.0)	(16.0, 0.0)	(17.0, 0.0)	(18.0, 0.0)	(19.0, 0.0)	(20.0, 0.0003126387334379631)	(21.0, 0.0003126387334379631)	(22.0, 0.0)	(23.0, 0.0)	(24.0, 0.0)	(25.0, 0.0)	(26.0, 0.0)	(27.0, 0.0)	(28.0, 0.0)	(29.0, 0.0)	(30.0, 0.0)	(31.0, 0.0)	(32.0, 0.0)	(33.0, 0.0)	(34.0, 0.0)	(35.0, 0.0003126387334379631)	(36.0, 0.0009379162003138893)	(37.0, 0.0015631936671898156)	(38.0, 0.002813748600941668)	(39.0, 0.00906652326970093)	(40.0, 0.027199569809102788)	(41.0, 0.2579269550863196)	(42.0, 0.39673855273277514)	(43.0, 1.0242044907427672)	(44.0, 9.148434617861675)	(45.0, 14.40014006215258)	(46.0, 9.83842830255926)	(47.0, 9.027443428021185)	(48.0, 11.09554864971331)	(49.0, 6.959650845062497)	(50.0, 2.430453513746725)	(51.0, 1.744836771317272)	(52.0, 2.5811453832638236)	(53.0, 4.5910998005364885)	(54.0, 6.385333491736958)	(55.0, 5.735670203652871)	(56.0, 6.329996435918439)	(57.0, 5.2642109936284225)	(58.0, 1.3865527827973663)	(59.0, 0.8200513978077772)	(60.0, 0.30732387496951774)	(61.0, 0.1313082680439445)	(62.0, 0.04814636494944632)	(63.0, 0.012818188070956487)	(64.0, 0.0018758324006277786)	(65.0, 0.0015631936671898156)	(66.0, 0.0009379162003138893)	(67.0, 0.0)	(68.0, 0.0018758324006277786)	(69.0, 0.004689581001569446)	(70.0, 0.015631936671898154)	(71.0, 0.01313082680439445)	(72.0, 0.0003126387334379631)	(73.0, 0.0)	(74.0, 0.0)	(75.0, 0.0)	(76.0, 0.0)	(77.0, 0.0)	(78.0, 0.0)	(79.0, 0.0)	(80.0, 0.0)	(81.0, 0.0)	(82.0, 0.0)	(83.0, 0.0)	(84.0, 0.0)	(85.0, 0.0)	(86.0, 0.0)	(87.0, 0.0)	(88.0, 0.0)	(89.0, 0.0)	(90.0, 0.0)	(91.0, 0.0)	(92.0, 0.0)	(93.0, 0.0)	(94.0, 0.0)	(95.0, 0.0)	(96.0, 0.0)	(97.0, 0.0)	(98.0, 0.0)	(99.0, 0.0)	(100.0, 0.0)
SRR15702566_2	(0.0, 0.0)	(1.0, 0.0)	(2.0, 0.0)	(3.0, 0.0)	(4.0, 0.0)	(5.0, 0.0)	(6.0, 0.0)	(7.0, 0.0)	(8.0, 0.0)	(9.0, 0.0)	(10.0, 0.0)	(11.0, 0.0)	(12.0, 0.0)	(13.0, 0.0)	(14.0, 0.0)	(15.0, 0.0)	(16.0, 0.0)	(17.0, 0.0)	(18.0, 0.0)	(19.0, 0.0)	(20.0, 0.0)	(21.0, 0.0)	(22.0, 0.0)	(23.0, 0.0)	(24.0, 0.0)	(25.0, 0.0)	(26.0, 0.0)	(27.0, 0.0)	(28.0, 0.0)	(29.0, 0.0)	(30.0, 0.0)	(31.0, 0.0)	(32.0, 0.0)	(33.0, 0.0)	(34.0, 0.0)	(35.0, 0.0)	(36.0, 0.0)	(37.0, 0.0)	(38.0, 0.0)	(39.0, 0.0)	(40.0, 0.0006252852864119255)	(41.0, 0.0028137837888536645)	(42.0, 0.00812870872335503)	(43.0, 0.0184459159491518)	(44.0, 0.03345276282303801)	(45.0, 0.09066636652972919)	(46.0, 0.32108399457252373)	(47.0, 1.4456595821843716)	(48.0, 8.895621127139258)	(49.0, 24.63498971405704)	(50.0, 21.451037035647513)	(51.0, 5.273343462954974)	(52.0, 1.3377978702783144)	(53.0, 1.509751324041594)	(54.0, 3.329644150143503)	(55.0, 11.418959900454583)	(56.0, 10.62390965878182)	(57.0, 2.781894239246656)	(58.0, 2.1584848086939665)	(59.0, 2.542722617194095)	(60.0, 1.702339192256467)	(61.0, 0.23635783826370782)	(62.0, 0.10661114133323328)	(63.0, 0.02063441445159354)	(64.0, 0.009691921939384843)	(65.0, 0.00343906907526559)	(66.0, 0.0021884985024417393)	(67.0, 0.00343906907526559)	(68.0, 0.01719534537632795)	(69.0, 0.015006846873886209)	(70.0, 0.0006252852864119255)	(71.0, 0.00031264264320596274)	(72.0, 0.0)	(73.0, 0.0)	(74.0, 0.0)	(75.0, 0.0)	(76.0, 0.0)	(77.0, 0.0)	(78.0, 0.0)	(79.0, 0.0)	(80.0, 0.0)	(81.0, 0.0)	(82.0, 0.0)	(83.0, 0.0)	(84.0, 0.0)	(85.0, 0.0)	(86.0, 0.0)	(87.0, 0.0)	(88.0, 0.0)	(89.0, 0.00031264264320596274)	(90.0, 0.00031264264320596274)	(91.0, 0.0)	(92.0, 0.0)	(93.0, 0.0)	(94.0, 0.0)	(95.0, 0.0)	(96.0, 0.0)	(97.0, 0.00031264264320596274)	(98.0, 0.00031264264320596274)	(99.0, 0.00031264264320596274)	(100.0, 0.0015632132160298135)
SRR15702567_1	(0.0, 0.0)	(1.0, 0.0)	(2.0, 0.0)	(3.0, 0.0)	(4.0, 0.0)	(5.0, 0.0)	(6.0, 0.0)	(7.0, 0.0)	(8.0, 0.0)	(9.0, 0.0)	(10.0, 0.0)	(11.0, 0.0)	(12.0, 0.0)	(13.0, 0.0)	(14.0, 0.0)	(15.0, 0.0)	(16.0, 0.0)	(17.0, 0.0)	(18.0, 0.0)	(19.0, 0.0)	(20.0, 0.0)	(21.0, 0.0)	(22.0, 0.0)	(23.0, 0.0)	(24.0, 0.0)	(25.0, 0.0)	(26.0, 0.0)	(27.0, 0.0)	(28.0, 0.0)	(29.0, 0.0)	(30.0, 0.0)	(31.0, 0.0)	(32.0, 0.0)	(33.0, 0.0)	(34.0, 0.0)	(35.0, 0.0)	(36.0, 0.0)	(37.0, 0.0)	(38.0, 0.0)	(39.0, 0.0)	(40.0, 0.0016298855820321412)	(41.0, 0.030967826058610686)	(42.0, 0.05541610978909281)	(43.0, 0.1972161554258891)	(44.0, 2.07810411709098)	(45.0, 4.5327118036313845)	(46.0, 2.906085992763308)	(47.0, 0.5623105258010888)	(48.0, 0.9697819213091241)	(49.0, 3.548260912083972)	(50.0, 15.89138442481338)	(51.0, 14.911823190012061)	(52.0, 3.4651367474003325)	(53.0, 3.641164390259804)	(54.0, 3.4667666329823645)	(55.0, 3.1114515760993577)	(56.0, 4.053525442513935)	(57.0, 9.570688137692734)	(58.0, 14.815659940672166)	(59.0, 8.876356879747043)	(60.0, 2.1954558789972944)	(61.0, 0.9958600906216383)	(62.0, 0.08475405026567134)	(63.0, 0.004889656746096424)	(64.0, 0.0)	(65.0, 0.0016298855820321412)	(66.0, 0.0016298855820321412)	(67.0, 0.0)	(68.0, 0.0)	(69.0, 0.0016298855820321412)	(70.0, 0.009779313492192849)	(71.0, 0.01303908465625713)	(72.0, 0.004889656746096424)	(73.0, 0.0)	(74.0, 0.0)	(75.0, 0.0)	(76.0, 0.0)	(77.0, 0.0)	(78.0, 0.0)	(79.0, 0.0)	(80.0, 0.0)	(81.0, 0.0)	(82.0, 0.0)	(83.0, 0.0)	(84.0, 0.0)	(85.0, 0.0)	(86.0, 0.0)	(87.0, 0.0)	(88.0, 0.0)	(89.0, 0.0)	(90.0, 0.0)	(91.0, 0.0)	(92.0, 0.0)	(93.0, 0.0)	(94.0, 0.0)	(95.0, 0.0)	(96.0, 0.0)	(97.0, 0.0)	(98.0, 0.0)	(99.0, 0.0)	(100.0, 0.0)
SRR15702567_2	(0.0, 0.0)	(1.0, 0.0)	(2.0, 0.0)	(3.0, 0.0)	(4.0, 0.0)	(5.0, 0.0)	(6.0, 0.0)	(7.0, 0.0)	(8.0, 0.0)	(9.0, 0.0)	(10.0, 0.0)	(11.0, 0.0)	(12.0, 0.0)	(13.0, 0.0)	(14.0, 0.0)	(15.0, 0.0)	(16.0, 0.0)	(17.0, 0.0)	(18.0, 0.0)	(19.0, 0.0)	(20.0, 0.0)	(21.0, 0.0)	(22.0, 0.0)	(23.0, 0.0)	(24.0, 0.0)	(25.0, 0.0)	(26.0, 0.0)	(27.0, 0.0)	(28.0, 0.0)	(29.0, 0.0)	(30.0, 0.0)	(31.0, 0.0)	(32.0, 0.0)	(33.0, 0.0)	(34.0, 0.0)	(35.0, 0.0)	(36.0, 0.0)	(37.0, 0.001629938714304342)	(38.0, 0.003259877428608684)	(39.0, 0.003259877428608684)	(40.0, 0.001629938714304342)	(41.0, 0.0)	(42.0, 0.004889816142913027)	(43.0, 0.029338896857478158)	(44.0, 0.14343460685878212)	(45.0, 1.7896727083061676)	(46.0, 1.8565001955926457)	(47.0, 0.3292476202894771)	(48.0, 0.9258051897248664)	(49.0, 3.1408919024644675)	(50.0, 2.640500717173034)	(51.0, 0.44986308514799844)	(52.0, 0.4417133915764767)	(53.0, 1.6755769983048636)	(54.0, 3.377233016038597)	(55.0, 12.938453514147868)	(56.0, 14.183726691876386)	(57.0, 4.948493936627982)	(58.0, 4.5654583387664625)	(59.0, 17.199113313339417)	(60.0, 20.447581170947974)	(61.0, 7.360803233798409)	(62.0, 1.367518581301343)	(63.0, 0.10920589385839093)	(64.0, 0.019559264571652107)	(65.0, 0.003259877428608684)	(66.0, 0.001629938714304342)	(67.0, 0.003259877428608684)	(68.0, 0.013039509714434737)	(69.0, 0.013039509714434737)	(70.0, 0.001629938714304342)	(71.0, 0.0)	(72.0, 0.0)	(73.0, 0.0)	(74.0, 0.0)	(75.0, 0.0)	(76.0, 0.0)	(77.0, 0.0)	(78.0, 0.001629938714304342)	(79.0, 0.001629938714304342)	(80.0, 0.0)	(81.0, 0.0)	(82.0, 0.0)	(83.0, 0.0)	(84.0, 0.0)	(85.0, 0.0)	(86.0, 0.0)	(87.0, 0.0)	(88.0, 0.001629938714304342)	(89.0, 0.001629938714304342)	(90.0, 0.0)	(91.0, 0.0)	(92.0, 0.0)	(93.0, 0.0)	(94.0, 0.0)	(95.0, 0.0)	(96.0, 0.0)	(97.0, 0.0)	(98.0, 0.0)	(99.0, 0.0)	(100.0, 0.003259877428608684)
SRR15702568_1	(0.0, 0.0)	(1.0, 0.0)	(2.0, 0.0)	(3.0, 0.0)	(4.0, 0.0)	(5.0, 0.0)	(6.0, 0.0)	(7.0, 0.0)	(8.0, 0.0)	(9.0, 0.0)	(10.0, 0.0)	(11.0, 0.0)	(12.0, 0.0)	(13.0, 0.0)	(14.0, 0.0)	(15.0, 0.0)	(16.0, 0.0)	(17.0, 0.0)	(18.0, 0.0)	(19.0, 0.0)	(20.0, 0.0)	(21.0, 0.0)	(22.0, 0.0)	(23.0, 0.0)	(24.0, 0.0)	(25.0, 0.0)	(26.0, 0.0)	(27.0, 0.0)	(28.0, 0.0)	(29.0, 0.0)	(30.0, 0.0)	(31.0, 0.0)	(32.0, 0.0)	(33.0, 0.0)	(34.0, 0.00029961469550158495)	(35.0, 0.0008988440865047548)	(36.0, 0.0011984587820063398)	(37.0, 0.0014980734775079249)	(38.0, 0.0017976881730095097)	(39.0, 0.0050934498235269444)	(40.0, 0.010486514342555474)	(41.0, 0.03625337815569178)	(42.0, 0.24148944457427746)	(43.0, 2.1719069276909897)	(44.0, 8.13034437713101)	(45.0, 8.104577513317873)	(46.0, 6.995403910571006)	(47.0, 10.964100167185)	(48.0, 10.452957496659296)	(49.0, 5.958737064135522)	(50.0, 4.717732995367957)	(51.0, 4.286587448541176)	(52.0, 3.6909534338840246)	(53.0, 4.263816731683055)	(54.0, 4.477142394880184)	(55.0, 4.796831274980375)	(56.0, 4.611969007855897)	(57.0, 3.7946201185275736)	(58.0, 5.400255271720567)	(59.0, 5.1746454060078735)	(60.0, 1.1517188895080925)	(61.0, 0.41346827979218725)	(62.0, 0.11115705203108801)	(63.0, 0.02576686381313631)	(64.0, 0.0038949910415206042)	(65.0, 0.0008988440865047548)	(66.0, 0.0008988440865047548)	(67.0, 0.0)	(68.0, 0.0)	(69.0, 0.0)	(70.0, 0.00029961469550158495)	(71.0, 0.00029961469550158495)	(72.0, 0.0)	(73.0, 0.0)	(74.0, 0.0)	(75.0, 0.0)	(76.0, 0.0)	(77.0, 0.0)	(78.0, 0.0)	(79.0, 0.0)	(80.0, 0.0)	(81.0, 0.0)	(82.0, 0.0)	(83.0, 0.0)	(84.0, 0.0)	(85.0, 0.0)	(86.0, 0.0)	(87.0, 0.0)	(88.0, 0.0)	(89.0, 0.0)	(90.0, 0.0)	(91.0, 0.0)	(92.0, 0.0)	(93.0, 0.0)	(94.0, 0.0)	(95.0, 0.0)	(96.0, 0.0)	(97.0, 0.0)	(98.0, 0.0)	(99.0, 0.0)	(100.0, 0.0)
SRR15702568_2	(0.0, 0.0)	(1.0, 0.0)	(2.0, 0.0)	(3.0, 0.0)	(4.0, 0.0)	(5.0, 0.0)	(6.0, 0.0)	(7.0, 0.0)	(8.0, 0.0)	(9.0, 0.0)	(10.0, 0.0)	(11.0, 0.0)	(12.0, 0.0)	(13.0, 0.0)	(14.0, 0.0)	(15.0, 0.0)	(16.0, 0.0)	(17.0, 0.0)	(18.0, 0.0)	(19.0, 0.0)	(20.0, 0.0)	(21.0, 0.0)	(22.0, 0.0)	(23.0, 0.0)	(24.0, 0.0)	(25.0, 0.0)	(26.0, 0.0)	(27.0, 0.0)	(28.0, 0.0)	(29.0, 0.0)	(30.0, 0.0)	(31.0, 0.0)	(32.0, 0.0)	(33.0, 0.0)	(34.0, 0.00029961469550158495)	(35.0, 0.00029961469550158495)	(36.0, 0.0)	(37.0, 0.0)	(38.0, 0.0)	(39.0, 0.0)	(40.0, 0.0005992293910031699)	(41.0, 0.004793835128025359)	(42.0, 0.012883431906568155)	(43.0, 0.02067341398960936)	(44.0, 0.053930645190285294)	(45.0, 0.1549007975743194)	(46.0, 0.6789269000065915)	(47.0, 8.657666241213798)	(48.0, 10.67676967419898)	(49.0, 15.268364882760771)	(50.0, 14.042041934072783)	(51.0, 2.2749743829435345)	(52.0, 1.6002420886739654)	(53.0, 1.4866881190788646)	(54.0, 2.8466392219605585)	(55.0, 9.524451555299883)	(56.0, 9.801894763334353)	(57.0, 4.289583595496192)	(58.0, 6.241573336689018)	(59.0, 7.570364511238548)	(60.0, 3.6930507367525367)	(61.0, 0.6660434681000234)	(62.0, 0.3289769356607403)	(63.0, 0.07460405917989466)	(64.0, 0.018875725816599853)	(65.0, 0.004793835128025359)	(66.0, 0.0014980734775079249)	(67.0, 0.0)	(68.0, 0.0)	(69.0, 0.0)	(70.0, 0.00029961469550158495)	(71.0, 0.00029961469550158495)	(72.0, 0.00029961469550158495)	(73.0, 0.00029961469550158495)	(74.0, 0.0)	(75.0, 0.0)	(76.0, 0.00029961469550158495)	(77.0, 0.00029961469550158495)	(78.0, 0.0)	(79.0, 0.0)	(80.0, 0.0)	(81.0, 0.0)	(82.0, 0.0)	(83.0, 0.00029961469550158495)	(84.0, 0.00029961469550158495)	(85.0, 0.0)	(86.0, 0.0)	(87.0, 0.0)	(88.0, 0.0)	(89.0, 0.0)	(90.0, 0.0)	(91.0, 0.0)	(92.0, 0.0)	(93.0, 0.0)	(94.0, 0.0)	(95.0, 0.0005992293910031699)	(96.0, 0.0005992293910031699)	(97.0, 0.0)	(98.0, 0.0)	(99.0, 0.0)	(100.0, 0.0)
SRR15702628_1	(0.0, 0.0)	(1.0, 0.0)	(2.0, 0.0)	(3.0, 0.0)	(4.0, 0.0)	(5.0, 0.0)	(6.0, 0.0)	(7.0, 0.0)	(8.0, 0.0)	(9.0, 0.0)	(10.0, 0.0)	(11.0, 0.0)	(12.0, 0.0)	(13.0, 0.0)	(14.0, 0.0)	(15.0, 0.0)	(16.0, 0.0)	(17.0, 0.0)	(18.0, 0.0)	(19.0, 0.0)	(20.0, 0.0)	(21.0, 0.0)	(22.0, 0.0)	(23.0, 0.0)	(24.0, 0.0)	(25.0, 0.0)	(26.0, 0.0)	(27.0, 0.0)	(28.0, 0.0)	(29.0, 0.0)	(30.0, 0.0)	(31.0, 0.0)	(32.0, 0.0005199450937980949)	(33.0, 0.0005199450937980949)	(34.0, 0.0)	(35.0, 0.0020797803751923796)	(36.0, 0.0020797803751923796)	(37.0, 0.0)	(38.0, 0.0025997254689904747)	(39.0, 0.012998627344952373)	(40.0, 0.021837693939519988)	(41.0, 0.14870429682625516)	(42.0, 0.2251362256145751)	(43.0, 0.49810739985857494)	(44.0, 5.794788070379768)	(45.0, 11.24173287300861)	(46.0, 7.724304313464499)	(47.0, 4.524562206231022)	(48.0, 7.5267251778212225)	(49.0, 6.208144419949253)	(50.0, 4.829769976290503)	(51.0, 5.0569859822802705)	(52.0, 9.20302816022628)	(53.0, 11.013996921925044)	(54.0, 5.516617445197787)	(55.0, 4.103406680254565)	(56.0, 4.512603469073666)	(57.0, 4.043612994467784)	(58.0, 3.61621812736575)	(59.0, 2.865937357015099)	(60.0, 0.9561790274946965)	(61.0, 0.2688116134936151)	(62.0, 0.0608335759743771)	(63.0, 0.004159560750384759)	(64.0, 0.0005199450937980949)	(65.0, 0.0005199450937980949)	(66.0, 0.0005199450937980949)	(67.0, 0.0)	(68.0, 0.0)	(69.0, 0.0020797803751923796)	(70.0, 0.005199450937980949)	(71.0, 0.0036396156565866645)	(72.0, 0.0005199450937980949)	(73.0, 0.0)	(74.0, 0.0)	(75.0, 0.0)	(76.0, 0.0)	(77.0, 0.0)	(78.0, 0.0)	(79.0, 0.0)	(80.0, 0.0)	(81.0, 0.0)	(82.0, 0.0)	(83.0, 0.0)	(84.0, 0.0)	(85.0, 0.0)	(86.0, 0.0)	(87.0, 0.0)	(88.0, 0.0)	(89.0, 0.0)	(90.0, 0.0)	(91.0, 0.0)	(92.0, 0.0)	(93.0, 0.0)	(94.0, 0.0)	(95.0, 0.0)	(96.0, 0.0)	(97.0, 0.0)	(98.0, 0.0)	(99.0, 0.0)	(100.0, 0.0)
SRR15702628_2	(0.0, 0.0)	(1.0, 0.0)	(2.0, 0.0)	(3.0, 0.0)	(4.0, 0.0)	(5.0, 0.0)	(6.0, 0.0)	(7.0, 0.0)	(8.0, 0.0)	(9.0, 0.0)	(10.0, 0.0)	(11.0, 0.0)	(12.0, 0.0)	(13.0, 0.0)	(14.0, 0.0)	(15.0, 0.0)	(16.0, 0.0)	(17.0, 0.0)	(18.0, 0.0)	(19.0, 0.0)	(20.0, 0.0)	(21.0, 0.0)	(22.0, 0.0)	(23.0, 0.0)	(24.0, 0.0)	(25.0, 0.0)	(26.0, 0.0)	(27.0, 0.0)	(28.0, 0.0)	(29.0, 0.0)	(30.0, 0.0)	(31.0, 0.0)	(32.0, 0.0)	(33.0, 0.0)	(34.0, 0.0005199559077390237)	(35.0, 0.0005199559077390237)	(36.0, 0.0)	(37.0, 0.0)	(38.0, 0.0)	(39.0, 0.0005199559077390237)	(40.0, 0.0010399118154780474)	(41.0, 0.0036396913541731665)	(42.0, 0.006239470892868285)	(43.0, 0.015598677232170712)	(44.0, 0.04991576714294628)	(45.0, 0.13882822736631933)	(46.0, 0.3925667103429629)	(47.0, 1.2312555895260082)	(48.0, 7.192030115846176)	(49.0, 18.303487864229112)	(50.0, 13.614005532330859)	(51.0, 2.101141823173395)	(52.0, 1.1475426883800255)	(53.0, 1.7995673966847612)	(54.0, 4.776314968490672)	(55.0, 9.692498076163142)	(56.0, 8.619829038497535)	(57.0, 4.477860277448473)	(58.0, 5.492294253447308)	(59.0, 11.447869220690086)	(60.0, 8.466442045714523)	(61.0, 0.7393773008048917)	(62.0, 0.22462095214325822)	(63.0, 0.03743682535720971)	(64.0, 0.00831929452382438)	(65.0, 0.0025997795386951184)	(66.0, 0.0010399118154780474)	(67.0, 0.0010399118154780474)	(68.0, 0.004679603169651214)	(69.0, 0.00415964726191219)	(70.0, 0.0)	(71.0, 0.0)	(72.0, 0.0)	(73.0, 0.0)	(74.0, 0.0005199559077390237)	(75.0, 0.0005199559077390237)	(76.0, 0.0)	(77.0, 0.0)	(78.0, 0.0)	(79.0, 0.0)	(80.0, 0.0)	(81.0, 0.0)	(82.0, 0.0)	(83.0, 0.0)	(84.0, 0.0)	(85.0, 0.0)	(86.0, 0.0)	(87.0, 0.0)	(88.0, 0.0)	(89.0, 0.0)	(90.0, 0.0)	(91.0, 0.0)	(92.0, 0.0)	(93.0, 0.0)	(94.0, 0.0)	(95.0, 0.0)	(96.0, 0.0)	(97.0, 0.0)	(98.0, 0.0)	(99.0, 0.0010399118154780474)	(100.0, 0.0031197354464341425)
SRR15702629_1	(0.0, 0.0)	(1.0, 0.0)	(2.0, 0.0)	(3.0, 0.0)	(4.0, 0.0)	(5.0, 0.0)	(6.0, 0.0)	(7.0, 0.0)	(8.0, 0.0)	(9.0, 0.0)	(10.0, 0.0)	(11.0, 0.0)	(12.0, 0.0)	(13.0, 0.0)	(14.0, 0.0)	(15.0, 0.0)	(16.0, 0.0)	(17.0, 0.0)	(18.0, 0.0)	(19.0, 0.0)	(20.0, 0.0)	(21.0, 0.0)	(22.0, 0.0)	(23.0, 0.0)	(24.0, 0.0)	(25.0, 0.0)	(26.0, 0.0)	(27.0, 0.0)	(28.0, 0.0)	(29.0, 0.0)	(30.0, 0.0005114304710274639)	(31.0, 0.0010228609420549278)	(32.0, 0.0005114304710274639)	(33.0, 0.0005114304710274639)	(34.0, 0.0005114304710274639)	(35.0, 0.0)	(36.0, 0.0005114304710274639)	(37.0, 0.002557152355137319)	(38.0, 0.0030685828261647827)	(39.0, 0.0030685828261647827)	(40.0, 0.01585434460185138)	(41.0, 0.12785761775686594)	(42.0, 0.25520380504270446)	(43.0, 0.49813327878074976)	(44.0, 4.55735692732573)	(45.0, 6.981025929524881)	(46.0, 4.012172045210454)	(47.0, 4.019843502275865)	(48.0, 4.5200225029407255)	(49.0, 3.3703268040709866)	(50.0, 5.954584974172762)	(51.0, 6.912494246407201)	(52.0, 12.720810105866107)	(53.0, 12.834859100905232)	(54.0, 4.2719787244924055)	(55.0, 2.878842121413594)	(56.0, 3.8838029969825607)	(57.0, 3.9349460440853066)	(58.0, 8.209993351403877)	(59.0, 7.95734669871631)	(60.0, 1.5061627371758808)	(61.0, 0.4531273973303329)	(62.0, 0.07518027924103718)	(63.0, 0.01738863601493377)	(64.0, 0.005625735181302102)	(65.0, 0.0010228609420549278)	(66.0, 0.0005114304710274639)	(67.0, 0.0010228609420549278)	(68.0, 0.0010228609420549278)	(69.0, 0.0005114304710274639)	(70.0, 0.004602874239247174)	(71.0, 0.004091443768219711)	(72.0, 0.0)	(73.0, 0.0)	(74.0, 0.0)	(75.0, 0.0)	(76.0, 0.0)	(77.0, 0.0)	(78.0, 0.0)	(79.0, 0.0)	(80.0, 0.0)	(81.0, 0.0)	(82.0, 0.0)	(83.0, 0.0)	(84.0, 0.0)	(85.0, 0.0)	(86.0, 0.0)	(87.0, 0.0)	(88.0, 0.0)	(89.0, 0.0)	(90.0, 0.0)	(91.0, 0.0)	(92.0, 0.0)	(93.0, 0.0)	(94.0, 0.0)	(95.0, 0.0)	(96.0, 0.0)	(97.0, 0.0)	(98.0, 0.0)	(99.0, 0.0)	(100.0, 0.0)
SRR15702629_2	(0.0, 0.0)	(1.0, 0.0)	(2.0, 0.0)	(3.0, 0.0)	(4.0, 0.0)	(5.0, 0.0)	(6.0, 0.0)	(7.0, 0.0)	(8.0, 0.0)	(9.0, 0.0)	(10.0, 0.0)	(11.0, 0.0)	(12.0, 0.0)	(13.0, 0.0)	(14.0, 0.0)	(15.0, 0.0)	(16.0, 0.0)	(17.0, 0.0)	(18.0, 0.0)	(19.0, 0.0)	(20.0, 0.0)	(21.0, 0.0)	(22.0, 0.0)	(23.0, 0.0)	(24.0, 0.0)	(25.0, 0.0)	(26.0, 0.0)	(27.0, 0.0)	(28.0, 0.0)	(29.0, 0.0)	(30.0, 0.0)	(31.0, 0.0)	(32.0, 0.0)	(33.0, 0.0)	(34.0, 0.0)	(35.0, 0.0)	(36.0, 0.0)	(37.0, 0.0)	(38.0, 0.0)	(39.0, 0.0010228661733042157)	(40.0, 0.0020457323466084314)	(41.0, 0.008182929386433726)	(42.0, 0.01892302420612799)	(43.0, 0.04244894619212495)	(44.0, 0.1677500524218914)	(45.0, 1.1635102721335455)	(46.0, 1.427921177932685)	(47.0, 2.4579474144500306)	(48.0, 4.15130236435516)	(49.0, 8.719422694331787)	(50.0, 7.583018375790804)	(51.0, 1.3818922001339955)	(52.0, 0.9364339816600096)	(53.0, 1.6836377212587392)	(54.0, 4.362524229142481)	(55.0, 13.5023449207023)	(56.0, 13.27884866183533)	(57.0, 5.089782078361778)	(58.0, 5.560300518081717)	(59.0, 14.524699660919863)	(60.0, 12.174664627753428)	(61.0, 1.3772893023541266)	(62.0, 0.3232257107641322)	(63.0, 0.040403213845516525)	(64.0, 0.005625763953173187)	(65.0, 0.0)	(66.0, 0.0005114330866521078)	(67.0, 0.0020457323466084314)	(68.0, 0.005625763953173187)	(69.0, 0.004091464693216863)	(70.0, 0.0)	(71.0, 0.0005114330866521078)	(72.0, 0.0005114330866521078)	(73.0, 0.0)	(74.0, 0.0)	(75.0, 0.0)	(76.0, 0.0)	(77.0, 0.0)	(78.0, 0.0)	(79.0, 0.0)	(80.0, 0.0)	(81.0, 0.0)	(82.0, 0.0)	(83.0, 0.0)	(84.0, 0.0)	(85.0, 0.0)	(86.0, 0.0)	(87.0, 0.0)	(88.0, 0.0)	(89.0, 0.0)	(90.0, 0.0)	(91.0, 0.0)	(92.0, 0.0)	(93.0, 0.0)	(94.0, 0.0)	(95.0, 0.0)	(96.0, 0.0)	(97.0, 0.0)	(98.0, 0.0)	(99.0, 0.0005114330866521078)	(100.0, 0.0010228661733042157)
SRR15702630_1	(0.0, 0.0)	(1.0, 0.0)	(2.0, 0.0)	(3.0, 0.0)	(4.0, 0.0)	(5.0, 0.0)	(6.0, 0.0)	(7.0, 0.0)	(8.0, 0.0)	(9.0, 0.0)	(10.0, 0.0)	(11.0, 0.0)	(12.0, 0.0)	(13.0, 0.0)	(14.0, 0.0)	(15.0, 0.0)	(16.0, 0.0)	(17.0, 0.0)	(18.0, 0.0)	(19.0, 0.0)	(20.0, 0.0)	(21.0, 0.0)	(22.0, 0.0)	(23.0, 0.0)	(24.0, 0.0)	(25.0, 0.0)	(26.0, 0.0)	(27.0, 0.0)	(28.0, 0.0)	(29.0, 0.0)	(30.0, 0.0)	(31.0, 0.0)	(32.0, 0.0)	(33.0, 0.0)	(34.0, 0.0)	(35.0, 0.0)	(36.0, 0.0)	(37.0, 0.0004673508683379134)	(38.0, 0.0009347017366758268)	(39.0, 0.0046735086833791335)	(40.0, 0.017291982128502796)	(41.0, 0.10562129624436842)	(42.0, 0.28835548576449255)	(43.0, 1.504869796048081)	(44.0, 2.696147159441422)	(45.0, 2.2559026414671077)	(46.0, 2.8625240685697193)	(47.0, 9.043706653206963)	(48.0, 10.959845213392407)	(49.0, 6.24427495186286)	(50.0, 3.9659394687155327)	(51.0, 6.907913184902697)	(52.0, 9.676499728936497)	(53.0, 7.016338586357093)	(54.0, 5.891892397136074)	(55.0, 9.098854055670834)	(56.0, 11.139775297702503)	(57.0, 6.390088422784289)	(58.0, 1.9170732619221205)	(59.0, 1.1136971192492475)	(60.0, 0.39070532593049556)	(61.0, 0.2799431701344101)	(62.0, 0.17058306694333836)	(63.0, 0.012618473445123662)	(64.0, 0.00280410521002748)	(65.0, 0.0018694034733516536)	(66.0, 0.0009347017366758268)	(67.0, 0.0009347017366758268)	(68.0, 0.0023367543416895667)	(69.0, 0.010281719103434093)	(70.0, 0.016357280391826965)	(71.0, 0.007944964761744527)	(72.0, 0.0)	(73.0, 0.0)	(74.0, 0.0)	(75.0, 0.0)	(76.0, 0.0)	(77.0, 0.0)	(78.0, 0.0)	(79.0, 0.0)	(80.0, 0.0)	(81.0, 0.0)	(82.0, 0.0)	(83.0, 0.0)	(84.0, 0.0)	(85.0, 0.0)	(86.0, 0.0)	(87.0, 0.0)	(88.0, 0.0)	(89.0, 0.0)	(90.0, 0.0)	(91.0, 0.0)	(92.0, 0.0)	(93.0, 0.0)	(94.0, 0.0)	(95.0, 0.0)	(96.0, 0.0)	(97.0, 0.0)	(98.0, 0.0)	(99.0, 0.0)	(100.0, 0.0)
SRR15702630_2	(0.0, 0.0)	(1.0, 0.0)	(2.0, 0.0)	(3.0, 0.0)	(4.0, 0.0)	(5.0, 0.0)	(6.0, 0.0)	(7.0, 0.0)	(8.0, 0.0)	(9.0, 0.0)	(10.0, 0.0)	(11.0, 0.0)	(12.0, 0.0)	(13.0, 0.0)	(14.0, 0.0)	(15.0, 0.0)	(16.0, 0.0)	(17.0, 0.0)	(18.0, 0.0)	(19.0, 0.0)	(20.0, 0.0)	(21.0, 0.0)	(22.0, 0.0)	(23.0, 0.0)	(24.0, 0.0)	(25.0, 0.0)	(26.0, 0.0)	(27.0, 0.0)	(28.0, 0.0)	(29.0, 0.0)	(30.0, 0.0)	(31.0, 0.0)	(32.0, 0.0)	(33.0, 0.0)	(34.0, 0.0)	(35.0, 0.0)	(36.0, 0.0)	(37.0, 0.0004673530525164625)	(38.0, 0.000934706105032925)	(39.0, 0.0004673530525164625)	(40.0, 0.0)	(41.0, 0.0004673530525164625)	(42.0, 0.002804118315098775)	(43.0, 0.007945001892779862)	(44.0, 0.01635735683807619)	(45.0, 0.04953942356674503)	(46.0, 0.1322609138621589)	(47.0, 0.3584597912801267)	(48.0, 1.3810282701861467)	(49.0, 6.9107495875609315)	(50.0, 8.163255768305051)	(51.0, 3.5401993728122036)	(52.0, 6.238228544989742)	(53.0, 9.682153188983554)	(54.0, 10.083609461095195)	(55.0, 10.776226684924591)	(56.0, 9.779362623906978)	(57.0, 10.940267606357871)	(58.0, 10.786508452079953)	(59.0, 6.865416341466835)	(60.0, 3.127059274387651)	(61.0, 0.7837510690701077)	(62.0, 0.25751153193657084)	(63.0, 0.058886484617074276)	(64.0, 0.0074776488402634)	(65.0, 0.0032714713676152375)	(66.0, 0.002804118315098775)	(67.0, 0.007010295787746938)	(68.0, 0.020096181258207887)	(69.0, 0.014487944628010339)	(70.0, 0.0004673530525164625)	(71.0, 0.0)	(72.0, 0.0)	(73.0, 0.0)	(74.0, 0.0)	(75.0, 0.0)	(76.0, 0.0)	(77.0, 0.0)	(78.0, 0.0)	(79.0, 0.0)	(80.0, 0.0)	(81.0, 0.0)	(82.0, 0.0)	(83.0, 0.0)	(84.0, 0.0)	(85.0, 0.0)	(86.0, 0.0)	(87.0, 0.0)	(88.0, 0.0)	(89.0, 0.0)	(90.0, 0.0)	(91.0, 0.0)	(92.0, 0.0)	(93.0, 0.0)	(94.0, 0.0)	(95.0, 0.0)	(96.0, 0.0)	(97.0, 0.0)	(98.0, 0.0)	(99.0, 0.0)	(100.0, 0.0004673530525164625)
SRR15702631_1	(0.0, 0.0)	(1.0, 0.0)	(2.0, 0.0)	(3.0, 0.0)	(4.0, 0.0)	(5.0, 0.0)	(6.0, 0.0)	(7.0, 0.0)	(8.0, 0.0)	(9.0, 0.0)	(10.0, 0.0)	(11.0, 0.0)	(12.0, 0.0)	(13.0, 0.0)	(14.0, 0.0)	(15.0, 0.0)	(16.0, 0.0)	(17.0, 0.0)	(18.0, 0.0)	(19.0, 0.0)	(20.0, 0.0)	(21.0, 0.0)	(22.0, 0.0)	(23.0, 0.0)	(24.0, 0.0)	(25.0, 0.0)	(26.0, 0.0)	(27.0, 0.0)	(28.0, 0.0)	(29.0, 0.0)	(30.0, 0.0)	(31.0, 0.0)	(32.0, 0.0)	(33.0, 0.0)	(34.0, 0.0003412573285011296)	(35.0, 0.0003412573285011296)	(36.0, 0.0)	(37.0, 0.0)	(38.0, 0.0)	(39.0, 0.0003412573285011296)	(40.0, 0.0006825146570022592)	(41.0, 0.0027300586280090368)	(42.0, 0.012967778483042924)	(43.0, 0.0682514657002259)	(44.0, 0.5071083901526785)	(45.0, 5.8187787082727604)	(46.0, 7.207354777943856)	(47.0, 2.1376359057310754)	(48.0, 0.4664987680610441)	(49.0, 0.4129213674863668)	(50.0, 1.1735839527153846)	(51.0, 2.8085478135642963)	(52.0, 16.127480087634883)	(53.0, 19.778592245268467)	(54.0, 12.71627183193759)	(55.0, 12.037169748220343)	(56.0, 9.020454964270359)	(57.0, 5.00590375178307)	(58.0, 2.2393305896244122)	(59.0, 1.8434720885631017)	(60.0, 0.5036958168676673)	(61.0, 0.08292553082577449)	(62.0, 0.021840469024072294)	(63.0, 0.0006825146570022592)	(64.0, 0.0006825146570022592)	(65.0, 0.0)	(66.0, 0.0)	(67.0, 0.0)	(68.0, 0.0)	(69.0, 0.0017062866425056476)	(70.0, 0.0017062866425056476)	(71.0, 0.0)	(72.0, 0.0)	(73.0, 0.0)	(74.0, 0.0)	(75.0, 0.0)	(76.0, 0.0)	(77.0, 0.0)	(78.0, 0.0)	(79.0, 0.0)	(80.0, 0.0)	(81.0, 0.0)	(82.0, 0.0)	(83.0, 0.0)	(84.0, 0.0)	(85.0, 0.0)	(86.0, 0.0)	(87.0, 0.0)	(88.0, 0.0)	(89.0, 0.0)	(90.0, 0.0)	(91.0, 0.0)	(92.0, 0.0)	(93.0, 0.0)	(94.0, 0.0)	(95.0, 0.0)	(96.0, 0.0)	(97.0, 0.0)	(98.0, 0.0)	(99.0, 0.0)	(100.0, 0.0)
SRR15702631_2	(0.0, 0.0)	(1.0, 0.0)	(2.0, 0.0)	(3.0, 0.0)	(4.0, 0.0)	(5.0, 0.0)	(6.0, 0.0)	(7.0, 0.0)	(8.0, 0.0)	(9.0, 0.0)	(10.0, 0.0)	(11.0, 0.0)	(12.0, 0.0)	(13.0, 0.0)	(14.0, 0.0)	(15.0, 0.0)	(16.0, 0.0)	(17.0, 0.0)	(18.0, 0.0)	(19.0, 0.0)	(20.0, 0.0)	(21.0, 0.0)	(22.0, 0.0)	(23.0, 0.0)	(24.0, 0.0)	(25.0, 0.0)	(26.0, 0.0)	(27.0, 0.0)	(28.0, 0.0)	(29.0, 0.0)	(30.0, 0.0)	(31.0, 0.0)	(32.0, 0.0)	(33.0, 0.0)	(34.0, 0.00034125965764831147)	(35.0, 0.00034125965764831147)	(36.0, 0.00034125965764831147)	(37.0, 0.0006825193152966229)	(38.0, 0.0006825193152966229)	(39.0, 0.0006825193152966229)	(40.0, 0.00034125965764831147)	(41.0, 0.0013650386305932459)	(42.0, 0.00238881760353818)	(43.0, 0.005118894864724672)	(44.0, 0.017745502197712194)	(45.0, 0.08736247235796774)	(46.0, 0.13275000682519317)	(47.0, 0.176431243004177)	(48.0, 0.40644025225913893)	(49.0, 2.039026454448661)	(50.0, 6.403737475770564)	(51.0, 6.060430260176363)	(52.0, 2.136967976193726)	(53.0, 2.649198722323842)	(54.0, 9.43992464986759)	(55.0, 18.52698681372683)	(56.0, 18.024993857326162)	(57.0, 11.134961369406755)	(58.0, 9.74535204346283)	(59.0, 7.862622512217096)	(60.0, 2.7072128641240547)	(61.0, 1.343198012503754)	(62.0, 0.9616697152529416)	(63.0, 0.1074967921592181)	(64.0, 0.01842802151300882)	(65.0, 0.0034125965764831147)	(66.0, 0.0)	(67.0, 0.00034125965764831147)	(68.0, 0.00034125965764831147)	(69.0, 0.0)	(70.0, 0.0)	(71.0, 0.0)	(72.0, 0.0)	(73.0, 0.0)	(74.0, 0.0)	(75.0, 0.0)	(76.0, 0.0)	(77.0, 0.0)	(78.0, 0.0)	(79.0, 0.0)	(80.0, 0.0)	(81.0, 0.0)	(82.0, 0.0)	(83.0, 0.0)	(84.0, 0.0)	(85.0, 0.0)	(86.0, 0.0)	(87.0, 0.0)	(88.0, 0.0)	(89.0, 0.0)	(90.0, 0.0)	(91.0, 0.0)	(92.0, 0.0)	(93.0, 0.0)	(94.0, 0.0)	(95.0, 0.0)	(96.0, 0.0)	(97.0, 0.0)	(98.0, 0.0)	(99.0, 0.0)	(100.0, 0.0006825193152966229)
SRR15702632_1	(0.0, 0.0)	(1.0, 0.0)	(2.0, 0.0)	(3.0, 0.0)	(4.0, 0.0)	(5.0, 0.0)	(6.0, 0.0)	(7.0, 0.0)	(8.0, 0.0)	(9.0, 0.0)	(10.0, 0.0)	(11.0, 0.0)	(12.0, 0.0)	(13.0, 0.0)	(14.0, 0.0)	(15.0, 0.0)	(16.0, 0.0)	(17.0, 0.0)	(18.0, 0.0)	(19.0, 0.0)	(20.0, 0.0)	(21.0, 0.0)	(22.0, 0.0)	(23.0, 0.0)	(24.0, 0.0)	(25.0, 0.0)	(26.0, 0.0)	(27.0, 0.0)	(28.0, 0.0)	(29.0, 0.0)	(30.0, 0.0)	(31.0, 0.0)	(32.0, 0.0)	(33.0, 0.0)	(34.0, 0.0004991614088331603)	(35.0, 0.0004991614088331603)	(36.0, 0.0)	(37.0, 0.0004991614088331603)	(38.0, 0.0004991614088331603)	(39.0, 0.004492452679498442)	(40.0, 0.013976519447328488)	(41.0, 0.08735324654580305)	(42.0, 0.25806644836674386)	(43.0, 1.0147951441578147)	(44.0, 6.804568325213641)	(45.0, 8.500219631019887)	(46.0, 6.9483268109575915)	(47.0, 10.033643478955355)	(48.0, 9.183072438303649)	(49.0, 4.9766392460666085)	(50.0, 4.056684769587093)	(51.0, 4.505930037536938)	(52.0, 6.559480073476559)	(53.0, 7.016711923967735)	(54.0, 4.99261241114927)	(55.0, 7.941158853126747)	(56.0, 8.490236402843223)	(57.0, 4.095120198067248)	(58.0, 1.7206093762479038)	(59.0, 1.1909991214759206)	(60.0, 0.6928360354604265)	(61.0, 0.5181295423688204)	(62.0, 0.20166120916859676)	(63.0, 0.04093123552431914)	(64.0, 0.005490775497164763)	(65.0, 0.001996645635332641)	(66.0, 0.003494129861832122)	(67.0, 0.011480712403162686)	(68.0, 0.06489098314831084)	(69.0, 0.05840188483347975)	(70.0, 0.002994968452998962)	(71.0, 0.0009983228176663206)	(72.0, 0.0)	(73.0, 0.0)	(74.0, 0.0)	(75.0, 0.0)	(76.0, 0.0)	(77.0, 0.0)	(78.0, 0.0)	(79.0, 0.0)	(80.0, 0.0)	(81.0, 0.0)	(82.0, 0.0)	(83.0, 0.0)	(84.0, 0.0)	(85.0, 0.0)	(86.0, 0.0)	(87.0, 0.0)	(88.0, 0.0)	(89.0, 0.0)	(90.0, 0.0)	(91.0, 0.0)	(92.0, 0.0)	(93.0, 0.0)	(94.0, 0.0)	(95.0, 0.0)	(96.0, 0.0)	(97.0, 0.0)	(98.0, 0.0)	(99.0, 0.0)	(100.0, 0.0)
SRR15702632_2	(0.0, 0.0)	(1.0, 0.0)	(2.0, 0.0)	(3.0, 0.0)	(4.0, 0.0)	(5.0, 0.0)	(6.0, 0.0)	(7.0, 0.0)	(8.0, 0.0)	(9.0, 0.0)	(10.0, 0.0)	(11.0, 0.0)	(12.0, 0.0)	(13.0, 0.0)	(14.0, 0.0)	(15.0, 0.0)	(16.0, 0.0)	(17.0, 0.0)	(18.0, 0.0)	(19.0, 0.0)	(20.0, 0.0)	(21.0, 0.0)	(22.0, 0.0)	(23.0, 0.0)	(24.0, 0.0)	(25.0, 0.0)	(26.0, 0.0)	(27.0, 0.0)	(28.0, 0.0)	(29.0, 0.0)	(30.0, 0.0)	(31.0, 0.0)	(32.0, 0.0)	(33.0, 0.0)	(34.0, 0.0)	(35.0, 0.0)	(36.0, 0.0)	(37.0, 0.0)	(38.0, 0.0)	(39.0, 0.001497484226499481)	(40.0, 0.004991614088331603)	(41.0, 0.010981550994329526)	(42.0, 0.025457231850491174)	(43.0, 0.06139685328647871)	(44.0, 0.1482509384234486)	(45.0, 0.37786518648670236)	(46.0, 1.350730772302532)	(47.0, 7.403062854404601)	(48.0, 9.351788994489258)	(49.0, 13.613129941697947)	(50.0, 12.199504831882438)	(51.0, 2.242732209887389)	(52.0, 1.4400806644836674)	(53.0, 2.0650307483427843)	(54.0, 4.5833000559060775)	(55.0, 9.128164683332002)	(56.0, 9.937804488459388)	(57.0, 8.990895295902883)	(58.0, 7.52136410829806)	(59.0, 5.484785560258765)	(60.0, 3.1382277773340785)	(61.0, 0.48668237361233124)	(62.0, 0.20016372494209728)	(63.0, 0.05640523919814711)	(64.0, 0.023959747623991695)	(65.0, 0.0064890983148310835)	(66.0, 0.009983228176663205)	(67.0, 0.013477358038495328)	(68.0, 0.06089769187764555)	(69.0, 0.05540691638048079)	(70.0, 0.001996645635332641)	(71.0, 0.0004991614088331603)	(72.0, 0.0)	(73.0, 0.0004991614088331603)	(74.0, 0.0004991614088331603)	(75.0, 0.0004991614088331603)	(76.0, 0.0004991614088331603)	(77.0, 0.0)	(78.0, 0.0)	(79.0, 0.0)	(80.0, 0.0)	(81.0, 0.0)	(82.0, 0.0)	(83.0, 0.0)	(84.0, 0.0)	(85.0, 0.0)	(86.0, 0.0)	(87.0, 0.0)	(88.0, 0.0)	(89.0, 0.0)	(90.0, 0.0)	(91.0, 0.0)	(92.0, 0.0)	(93.0, 0.0)	(94.0, 0.0)	(95.0, 0.0)	(96.0, 0.0)	(97.0, 0.0)	(98.0, 0.0)	(99.0, 0.0004991614088331603)	(100.0, 0.0004991614088331603)
SRR15702633_1	(0.0, 0.0)	(1.0, 0.0)	(2.0, 0.0)	(3.0, 0.0)	(4.0, 0.0)	(5.0, 0.0)	(6.0, 0.0)	(7.0, 0.0)	(8.0, 0.0)	(9.0, 0.0)	(10.0, 0.0)	(11.0, 0.0)	(12.0, 0.0)	(13.0, 0.0)	(14.0, 0.0)	(15.0, 0.0)	(16.0, 0.0)	(17.0, 0.0)	(18.0, 0.0)	(19.0, 0.0)	(20.0, 0.0)	(21.0, 0.0)	(22.0, 0.0)	(23.0, 0.0)	(24.0, 0.0)	(25.0, 0.0)	(26.0, 0.0)	(27.0, 0.0)	(28.0, 0.0)	(29.0, 0.0)	(30.0, 0.0)	(31.0, 0.0)	(32.0, 0.0)	(33.0, 0.0)	(34.0, 0.0)	(35.0, 0.0)	(36.0, 0.0)	(37.0, 0.0)	(38.0, 0.0)	(39.0, 0.001406647817585911)	(40.0, 0.005626591270343644)	(41.0, 0.022506365081374578)	(42.0, 0.13363154267066155)	(43.0, 0.5914954072948756)	(44.0, 3.8415551898271225)	(45.0, 4.320518771715125)	(46.0, 2.2260201713297043)	(47.0, 3.078448748786766)	(48.0, 2.3519151510036433)	(49.0, 1.7660463349791113)	(50.0, 7.093021620176956)	(51.0, 8.890014207142958)	(52.0, 10.223516338214402)	(53.0, 9.963286491961009)	(54.0, 5.996539646368738)	(55.0, 5.75178292610879)	(56.0, 7.622624523498052)	(57.0, 8.785218944732808)	(58.0, 7.918020565191093)	(59.0, 5.503509586304877)	(60.0, 1.993923281428029)	(61.0, 1.1956506449480244)	(62.0, 0.5528125923112631)	(63.0, 0.09776202332222082)	(64.0, 0.011253182540687289)	(65.0, 0.0189897455374098)	(66.0, 0.019693069446202756)	(67.0, 0.0042199434527577335)	(68.0, 0.0007033239087929556)	(69.0, 0.001406647817585911)	(70.0, 0.008439886905515467)	(71.0, 0.00773656299672251)	(72.0, 0.0007033239087929556)	(73.0, 0.0)	(74.0, 0.0)	(75.0, 0.0)	(76.0, 0.0)	(77.0, 0.0)	(78.0, 0.0)	(79.0, 0.0)	(80.0, 0.0)	(81.0, 0.0)	(82.0, 0.0)	(83.0, 0.0)	(84.0, 0.0)	(85.0, 0.0)	(86.0, 0.0)	(87.0, 0.0)	(88.0, 0.0)	(89.0, 0.0)	(90.0, 0.0)	(91.0, 0.0)	(92.0, 0.0)	(93.0, 0.0)	(94.0, 0.0)	(95.0, 0.0)	(96.0, 0.0)	(97.0, 0.0)	(98.0, 0.0)	(99.0, 0.0)	(100.0, 0.0)
SRR15702633_2	(0.0, 0.0)	(1.0, 0.0)	(2.0, 0.0)	(3.0, 0.0)	(4.0, 0.0)	(5.0, 0.0)	(6.0, 0.0)	(7.0, 0.0)	(8.0, 0.0)	(9.0, 0.0)	(10.0, 0.0)	(11.0, 0.0)	(12.0, 0.0)	(13.0, 0.0)	(14.0, 0.0)	(15.0, 0.0)	(16.0, 0.0)	(17.0, 0.0)	(18.0, 0.0)	(19.0, 0.0)	(20.0, 0.0)	(21.0, 0.0)	(22.0, 0.0)	(23.0, 0.0)	(24.0, 0.0)	(25.0, 0.0)	(26.0, 0.0)	(27.0, 0.0)	(28.0, 0.0)	(29.0, 0.0)	(30.0, 0.0)	(31.0, 0.0)	(32.0, 0.0)	(33.0, 0.0)	(34.0, 0.0)	(35.0, 0.0)	(36.0, 0.0)	(37.0, 0.0)	(38.0, 0.0)	(39.0, 0.001406657710945907)	(40.0, 0.001406657710945907)	(41.0, 0.0007033288554729535)	(42.0, 0.0021099865664188605)	(43.0, 0.016176563675877928)	(44.0, 0.03586977162912063)	(45.0, 0.11253261687567256)	(46.0, 0.4100407227407319)	(47.0, 2.256278968357235)	(48.0, 3.143879983964102)	(49.0, 4.857189075896217)	(50.0, 4.478798151651768)	(51.0, 1.3630513219065838)	(52.0, 1.4537807442625947)	(53.0, 3.607373699720778)	(54.0, 7.943396093711537)	(55.0, 18.594608280993942)	(56.0, 17.519921789831272)	(57.0, 6.505088584269347)	(58.0, 6.498055295714618)	(59.0, 11.152685661234624)	(60.0, 7.740837383335326)	(61.0, 1.4186143014889472)	(62.0, 0.7293520231254528)	(63.0, 0.0801794895239167)	(64.0, 0.01195659054304021)	(65.0, 0.02180319451966156)	(66.0, 0.02250652337513451)	(67.0, 0.004923301988310674)	(68.0, 0.004219973132837721)	(69.0, 0.0035166442773647676)	(70.0, 0.0)	(71.0, 0.0)	(72.0, 0.0)	(73.0, 0.0)	(74.0, 0.0)	(75.0, 0.0)	(76.0, 0.0)	(77.0, 0.0007033288554729535)	(78.0, 0.0007033288554729535)	(79.0, 0.0)	(80.0, 0.0007033288554729535)	(81.0, 0.0007033288554729535)	(82.0, 0.0)	(83.0, 0.0)	(84.0, 0.0)	(85.0, 0.0)	(86.0, 0.0)	(87.0, 0.0)	(88.0, 0.0)	(89.0, 0.0)	(90.0, 0.0)	(91.0, 0.0)	(92.0, 0.0007033288554729535)	(93.0, 0.0007033288554729535)	(94.0, 0.0)	(95.0, 0.0)	(96.0, 0.0007033288554729535)	(97.0, 0.0007033288554729535)	(98.0, 0.0)	(99.0, 0.0007033288554729535)	(100.0, 0.001406657710945907)
SRR15702634_1	(0.0, 0.0)	(1.0, 0.0)	(2.0, 0.0)	(3.0, 0.0)	(4.0, 0.0)	(5.0, 0.0)	(6.0, 0.0)	(7.0, 0.0)	(8.0, 0.0)	(9.0, 0.0)	(10.0, 0.0)	(11.0, 0.0)	(12.0, 0.0)	(13.0, 0.0)	(14.0, 0.0)	(15.0, 0.0)	(16.0, 0.0)	(17.0, 0.0)	(18.0, 0.0)	(19.0, 0.0)	(20.0, 0.0)	(21.0, 0.0)	(22.0, 0.0)	(23.0, 0.0)	(24.0, 0.0)	(25.0, 0.0)	(26.0, 0.0)	(27.0, 0.0)	(28.0, 0.0)	(29.0, 0.0)	(30.0, 0.0)	(31.0, 0.0)	(32.0, 0.0)	(33.0, 0.0)	(34.0, 0.0)	(35.0, 0.0)	(36.0, 0.0)	(37.0, 0.0005816151452583825)	(38.0, 0.004071306016808678)	(39.0, 0.020065722511414197)	(40.0, 0.06950300985837671)	(41.0, 0.4283595544827988)	(42.0, 0.5618402303195975)	(43.0, 1.2583243667665107)	(44.0, 10.61476720853811)	(45.0, 15.671910896559746)	(46.0, 9.565824294064617)	(47.0, 5.985401459854015)	(48.0, 5.139442231075697)	(49.0, 6.954663099427109)	(50.0, 6.246546660075028)	(51.0, 3.430075319161311)	(52.0, 4.22863291360107)	(53.0, 5.450606333788932)	(54.0, 5.823712449472184)	(55.0, 4.2359031029168)	(56.0, 3.3326547823305317)	(57.0, 3.309099368947568)	(58.0, 3.697909093552796)	(59.0, 2.910111379300317)	(60.0, 0.5592229621659348)	(61.0, 0.2259574839328816)	(62.0, 0.04129467531334516)	(63.0, 0.004943728734696251)	(64.0, 0.0008724227178875738)	(65.0, 0.006397766597842208)	(66.0, 0.006688574170471398)	(67.0, 0.0017448454357751476)	(68.0, 0.005816151452583825)	(69.0, 0.019193299793526623)	(70.0, 0.09596649896763312)	(71.0, 0.08636984907086981)	(72.0, 0.005234536307325443)	(73.0, 0.00029080757262919127)	(74.0, 0.0)	(75.0, 0.0)	(76.0, 0.0)	(77.0, 0.0)	(78.0, 0.0)	(79.0, 0.0)	(80.0, 0.0)	(81.0, 0.0)	(82.0, 0.0)	(83.0, 0.0)	(84.0, 0.0)	(85.0, 0.0)	(86.0, 0.0)	(87.0, 0.0)	(88.0, 0.0)	(89.0, 0.0)	(90.0, 0.0)	(91.0, 0.0)	(92.0, 0.0)	(93.0, 0.0)	(94.0, 0.0)	(95.0, 0.0)	(96.0, 0.0)	(97.0, 0.0)	(98.0, 0.0)	(99.0, 0.0)	(100.0, 0.0)
SRR15702634_2	(0.0, 0.0)	(1.0, 0.0)	(2.0, 0.0)	(3.0, 0.0)	(4.0, 0.0)	(5.0, 0.0)	(6.0, 0.0)	(7.0, 0.0)	(8.0, 0.0)	(9.0, 0.0)	(10.0, 0.0)	(11.0, 0.0)	(12.0, 0.0)	(13.0, 0.0)	(14.0, 0.0)	(15.0, 0.0)	(16.0, 0.0)	(17.0, 0.0)	(18.0, 0.0)	(19.0, 0.0)	(20.0, 0.0)	(21.0, 0.0)	(22.0, 0.0)	(23.0, 0.0)	(24.0, 0.0)	(25.0, 0.0)	(26.0, 0.0)	(27.0, 0.0)	(28.0, 0.0)	(29.0, 0.0)	(30.0, 0.0)	(31.0, 0.0)	(32.0, 0.0)	(33.0, 0.0)	(34.0, 0.0)	(35.0, 0.0)	(36.0, 0.0)	(37.0, 0.0)	(38.0, 0.0)	(39.0, 0.000872432866290939)	(40.0, 0.0026172985988728165)	(41.0, 0.0058162191086062595)	(42.0, 0.015412980637806589)	(43.0, 0.04623894191341976)	(44.0, 0.11516113835040394)	(45.0, 0.2701633775947608)	(46.0, 0.7767560619543659)	(47.0, 2.872048995829771)	(48.0, 8.06564184885973)	(49.0, 19.88768880901281)	(50.0, 16.483746575701)	(51.0, 3.6115812554890567)	(52.0, 2.7955657145515986)	(53.0, 3.3515962613343566)	(54.0, 4.983045721298413)	(55.0, 7.833574706426341)	(56.0, 8.518725317420158)	(57.0, 7.386598267929949)	(58.0, 5.572228717000227)	(59.0, 4.188550191062798)	(60.0, 2.404424979497828)	(61.0, 0.3943396555635044)	(62.0, 0.14278817911628366)	(63.0, 0.03693299133964975)	(64.0, 0.013377303949794396)	(65.0, 0.010469194395491266)	(66.0, 0.012504871083503458)	(67.0, 0.02093838879098253)	(68.0, 0.09393193860399109)	(69.0, 0.08142706752048763)	(70.0, 0.0029081095543031297)	(71.0, 0.0)	(72.0, 0.0)	(73.0, 0.00029081095543031295)	(74.0, 0.00029081095543031295)	(75.0, 0.0)	(76.0, 0.0)	(77.0, 0.0)	(78.0, 0.0)	(79.0, 0.0)	(80.0, 0.0)	(81.0, 0.0)	(82.0, 0.0)	(83.0, 0.0)	(84.0, 0.0)	(85.0, 0.0)	(86.0, 0.0)	(87.0, 0.0)	(88.0, 0.0)	(89.0, 0.0)	(90.0, 0.0)	(91.0, 0.0)	(92.0, 0.0)	(93.0, 0.0)	(94.0, 0.0)	(95.0, 0.0)	(96.0, 0.0)	(97.0, 0.00029081095543031295)	(98.0, 0.00029081095543031295)	(99.0, 0.0)	(100.0, 0.0011632438217212518)
SRR15702635_1	(0.0, 0.0)	(1.0, 0.0)	(2.0, 0.0)	(3.0, 0.0)	(4.0, 0.0)	(5.0, 0.0)	(6.0, 0.0)	(7.0, 0.0)	(8.0, 0.0)	(9.0, 0.0)	(10.0, 0.0)	(11.0, 0.0)	(12.0, 0.0)	(13.0, 0.0)	(14.0, 0.0)	(15.0, 0.0)	(16.0, 0.0)	(17.0, 0.0)	(18.0, 0.0)	(19.0, 0.0)	(20.0, 0.0)	(21.0, 0.0)	(22.0, 0.0)	(23.0, 0.0)	(24.0, 0.0)	(25.0, 0.0)	(26.0, 0.0)	(27.0, 0.0)	(28.0, 0.0)	(29.0, 0.0)	(30.0, 0.0)	(31.0, 0.0)	(32.0, 0.0)	(33.0, 0.0)	(34.0, 0.0)	(35.0, 0.0)	(36.0, 0.0)	(37.0, 0.0)	(38.0, 0.0)	(39.0, 0.0014070337617751137)	(40.0, 0.004924618166212898)	(41.0, 0.018994955783964037)	(42.0, 0.09778884644337041)	(43.0, 0.5881401124219976)	(44.0, 3.782106751651506)	(45.0, 13.335162477223642)	(46.0, 13.224710326924294)	(47.0, 5.0751707787228355)	(48.0, 2.6184898306634867)	(49.0, 1.3753755021351737)	(50.0, 4.082508459790493)	(51.0, 4.951351807686626)	(52.0, 8.11999183920418)	(53.0, 9.363809684613383)	(54.0, 4.7332615746114834)	(55.0, 3.517584404437785)	(56.0, 5.313663001343717)	(57.0, 5.965119633045595)	(58.0, 6.765018326614747)	(59.0, 5.330547406485018)	(60.0, 1.17205912355867)	(61.0, 0.4615070738622373)	(62.0, 0.07809037377851882)	(63.0, 0.009145719451538241)	(64.0, 0.0007035168808875569)	(65.0, 0.0)	(66.0, 0.0007035168808875569)	(67.0, 0.0021105506426626706)	(68.0, 0.005628135047100455)	(69.0, 0.004221101285325341)	(70.0, 0.0)	(71.0, 0.0)	(72.0, 0.0)	(73.0, 0.0)	(74.0, 0.0)	(75.0, 0.0)	(76.0, 0.0)	(77.0, 0.0)	(78.0, 0.0)	(79.0, 0.0)	(80.0, 0.0)	(81.0, 0.0)	(82.0, 0.0)	(83.0, 0.0)	(84.0, 0.0)	(85.0, 0.0)	(86.0, 0.0)	(87.0, 0.0)	(88.0, 0.0)	(89.0, 0.0)	(90.0, 0.0)	(91.0, 0.0)	(92.0, 0.0)	(93.0, 0.0)	(94.0, 0.0)	(95.0, 0.0)	(96.0, 0.0)	(97.0, 0.0)	(98.0, 0.0)	(99.0, 0.0)	(100.0, 0.0007035168808875569)
SRR15702635_2	(0.0, 0.0)	(1.0, 0.0)	(2.0, 0.0)	(3.0, 0.0)	(4.0, 0.0)	(5.0, 0.0)	(6.0, 0.0)	(7.0, 0.0)	(8.0, 0.0)	(9.0, 0.0)	(10.0, 0.0)	(11.0, 0.0)	(12.0, 0.0)	(13.0, 0.0)	(14.0, 0.0)	(15.0, 0.0)	(16.0, 0.0)	(17.0, 0.0)	(18.0, 0.0)	(19.0, 0.0)	(20.0, 0.0)	(21.0, 0.0)	(22.0, 0.0)	(23.0, 0.0)	(24.0, 0.0)	(25.0, 0.0)	(26.0, 0.0)	(27.0, 0.0)	(28.0, 0.0)	(29.0, 0.0)	(30.0, 0.0)	(31.0, 0.0)	(32.0, 0.0)	(33.0, 0.0)	(34.0, 0.0)	(35.0, 0.0)	(36.0, 0.0)	(37.0, 0.0007035119315623592)	(38.0, 0.0014070238631247185)	(39.0, 0.0021105357946870776)	(40.0, 0.0014070238631247185)	(41.0, 0.0021105357946870776)	(42.0, 0.00844214317874831)	(43.0, 0.0189948221521837)	(44.0, 0.04221071589374156)	(45.0, 0.12663214768122466)	(46.0, 0.4263282305267897)	(47.0, 2.0823953174245835)	(48.0, 3.0595733903647004)	(49.0, 3.774341512832058)	(50.0, 3.3592694732102655)	(51.0, 1.7039058982440343)	(52.0, 2.330031517334534)	(53.0, 5.448699909950473)	(54.0, 13.75576879783881)	(55.0, 20.242148806843762)	(56.0, 15.558166366501574)	(57.0, 6.819141152633949)	(58.0, 4.366698559207564)	(59.0, 8.855808194506979)	(60.0, 6.812106033318326)	(61.0, 0.8625056280954524)	(62.0, 0.2708520936515083)	(63.0, 0.053466906798739305)	(64.0, 0.0007035119315623592)	(65.0, 0.0)	(66.0, 0.0007035119315623592)	(67.0, 0.0007035119315623592)	(68.0, 0.0021105357946870776)	(69.0, 0.004221071589374155)	(70.0, 0.0021105357946870776)	(71.0, 0.0)	(72.0, 0.0)	(73.0, 0.0)	(74.0, 0.0007035119315623592)	(75.0, 0.0007035119315623592)	(76.0, 0.0)	(77.0, 0.0)	(78.0, 0.0)	(79.0, 0.0007035119315623592)	(80.0, 0.0007035119315623592)	(81.0, 0.0)	(82.0, 0.0)	(83.0, 0.0)	(84.0, 0.0)	(85.0, 0.0)	(86.0, 0.0)	(87.0, 0.0)	(88.0, 0.0)	(89.0, 0.0)	(90.0, 0.0)	(91.0, 0.0)	(92.0, 0.0)	(93.0, 0.0)	(94.0, 0.0)	(95.0, 0.0)	(96.0, 0.0)	(97.0, 0.0)	(98.0, 0.0)	(99.0, 0.0007035119315623592)	(100.0, 0.0007035119315623592)
SRR15702636_1	(0.0, 0.0)	(1.0, 0.0)	(2.0, 0.0)	(3.0, 0.0)	(4.0, 0.0)	(5.0, 0.0)	(6.0, 0.0)	(7.0, 0.0)	(8.0, 0.0)	(9.0, 0.0)	(10.0, 0.0)	(11.0, 0.0)	(12.0, 0.0)	(13.0, 0.0)	(14.0, 0.0)	(15.0, 0.0)	(16.0, 0.0)	(17.0, 0.0)	(18.0, 0.0)	(19.0, 0.0)	(20.0, 0.0)	(21.0, 0.0)	(22.0, 0.0)	(23.0, 0.0)	(24.0, 0.0)	(25.0, 0.0)	(26.0, 0.0)	(27.0, 0.0)	(28.0, 0.0)	(29.0, 0.0)	(30.0, 0.0)	(31.0, 0.0)	(32.0, 0.0)	(33.0, 0.0)	(34.0, 0.0)	(35.0, 0.0)	(36.0, 0.0)	(37.0, 0.0)	(38.0, 0.0)	(39.0, 0.000888083693007229)	(40.0, 0.0023682231813526105)	(41.0, 0.001776167386014458)	(42.0, 0.005032474260374298)	(43.0, 0.027234566585555023)	(44.0, 0.34487250078447396)	(45.0, 0.9194626501601512)	(46.0, 0.7948349052414699)	(47.0, 0.44463390229895267)	(48.0, 0.5665973961386122)	(49.0, 1.0254406375256804)	(50.0, 9.340568255152364)	(51.0, 11.215608958988295)	(52.0, 12.262363605146149)	(53.0, 11.871606780222969)	(54.0, 5.267224383225876)	(55.0, 5.743829298473088)	(56.0, 9.497167013019308)	(57.0, 11.12384031071088)	(58.0, 9.548971895111395)	(59.0, 6.263062230984648)	(60.0, 1.5269118961770958)	(61.0, 0.6497812353836225)	(62.0, 0.2989881766457671)	(63.0, 0.2004108867219647)	(64.0, 0.05535721686411728)	(65.0, 0.1915300497918924)	(66.0, 0.18205715706648196)	(67.0, 0.032859096641267474)	(68.0, 0.026938538687885948)	(69.0, 0.040259794082994384)	(70.0, 0.2575442709720964)	(71.0, 0.2451110992699952)	(72.0, 0.02161003652984257)	(73.0, 0.0023682231813526105)	(74.0, 0.0002960278976690763)	(75.0, 0.0)	(76.0, 0.0)	(77.0, 0.0)	(78.0, 0.0)	(79.0, 0.0)	(80.0, 0.0)	(81.0, 0.0)	(82.0, 0.0)	(83.0, 0.0)	(84.0, 0.0)	(85.0, 0.0)	(86.0, 0.0)	(87.0, 0.0)	(88.0, 0.0)	(89.0, 0.0)	(90.0, 0.0)	(91.0, 0.0)	(92.0, 0.0)	(93.0, 0.0)	(94.0, 0.0)	(95.0, 0.0)	(96.0, 0.0)	(97.0, 0.0)	(98.0, 0.0002960278976690763)	(99.0, 0.0002960278976690763)	(100.0, 0.0)
SRR15702636_2	(0.0, 0.0)	(1.0, 0.0)	(2.0, 0.0)	(3.0, 0.0)	(4.0, 0.0)	(5.0, 0.0)	(6.0, 0.0)	(7.0, 0.0)	(8.0, 0.0)	(9.0, 0.0)	(10.0, 0.0)	(11.0, 0.0)	(12.0, 0.0)	(13.0, 0.0)	(14.0, 0.0)	(15.0, 0.0)	(16.0, 0.0)	(17.0, 0.0)	(18.0, 0.0)	(19.0, 0.0)	(20.0, 0.0)	(21.0, 0.0)	(22.0, 0.0)	(23.0, 0.0)	(24.0, 0.0)	(25.0, 0.0)	(26.0, 0.0)	(27.0, 0.0)	(28.0, 0.0)	(29.0, 0.0)	(30.0, 0.0)	(31.0, 0.0)	(32.0, 0.0)	(33.0, 0.0)	(34.0, 0.0)	(35.0, 0.0)	(36.0, 0.0)	(37.0, 0.0)	(38.0, 0.0)	(39.0, 0.0)	(40.0, 0.0)	(41.0, 0.0)	(42.0, 0.0002960278976690763)	(43.0, 0.0014801394883453816)	(44.0, 0.010657004316086748)	(45.0, 0.1266999402023647)	(46.0, 0.14771792093686908)	(47.0, 0.34102413811477594)	(48.0, 0.5467635269947839)	(49.0, 0.8854194419282073)	(50.0, 0.798683267911168)	(51.0, 0.22320503484248355)	(52.0, 0.21314008632173495)	(53.0, 0.9369282961226266)	(54.0, 2.9759684552672243)	(55.0, 14.064581446155486)	(56.0, 17.322664487901342)	(57.0, 10.543329603381823)	(58.0, 14.892571475935892)	(59.0, 19.808410744628574)	(60.0, 11.719152412923393)	(61.0, 2.250108050182649)	(62.0, 0.7125391496894667)	(63.0, 0.2385984855212755)	(64.0, 0.14002119559747309)	(65.0, 0.23563820654458478)	(66.0, 0.21462022581008036)	(67.0, 0.08022356026831969)	(68.0, 0.25606413148375107)	(69.0, 0.24274287608864262)	(70.0, 0.03463526402728193)	(71.0, 0.010953032213755825)	(72.0, 0.005920557953381526)	(73.0, 0.004440418465036145)	(74.0, 0.00325630687435984)	(75.0, 0.0023682231813526105)	(76.0, 0.0020721952836835343)	(77.0, 0.0011841115906763052)	(78.0, 0.0020721952836835343)	(79.0, 0.001776167386014458)	(80.0, 0.0002960278976690763)	(81.0, 0.0)	(82.0, 0.0)	(83.0, 0.0)	(84.0, 0.0)	(85.0, 0.0002960278976690763)	(86.0, 0.0005920557953381526)	(87.0, 0.0002960278976690763)	(88.0, 0.0)	(89.0, 0.0)	(90.0, 0.0)	(91.0, 0.0)	(92.0, 0.0)	(93.0, 0.0)	(94.0, 0.0)	(95.0, 0.0)	(96.0, 0.0)	(97.0, 0.0)	(98.0, 0.0)	(99.0, 0.0002960278976690763)	(100.0, 0.0002960278976690763)
SRR15702638_1	(0.0, 0.0)	(1.0, 0.0)	(2.0, 0.0)	(3.0, 0.0)	(4.0, 0.0)	(5.0, 0.0)	(6.0, 0.0)	(7.0, 0.0)	(8.0, 0.0)	(9.0, 0.0)	(10.0, 0.0)	(11.0, 0.0)	(12.0, 0.0)	(13.0, 0.0)	(14.0, 0.0)	(15.0, 0.0)	(16.0, 0.0)	(17.0, 0.0)	(18.0, 0.0)	(19.0, 0.0)	(20.0, 0.0)	(21.0, 0.0)	(22.0, 0.0004555352083162508)	(23.0, 0.0004555352083162508)	(24.0, 0.0004555352083162508)	(25.0, 0.0004555352083162508)	(26.0, 0.0)	(27.0, 0.0013666056249487524)	(28.0, 0.001822140833265003)	(29.0, 0.0009110704166325015)	(30.0, 0.0004555352083162508)	(31.0, 0.0)	(32.0, 0.0)	(33.0, 0.0004555352083162508)	(34.0, 0.0013666056249487524)	(35.0, 0.0009110704166325015)	(36.0, 0.0)	(37.0, 0.0)	(38.0, 0.0)	(39.0, 0.0)	(40.0, 0.0013666056249487524)	(41.0, 0.008199633749692514)	(42.0, 0.06878581645575386)	(43.0, 0.9944333597543754)	(44.0, 1.5342425816091327)	(45.0, 1.702335073477829)	(46.0, 1.2490775412031596)	(47.0, 0.2036242381173641)	(48.0, 0.11115059082916517)	(49.0, 0.4860560672734396)	(50.0, 2.9937773890544)	(51.0, 4.299796831297091)	(52.0, 15.515073660043186)	(53.0, 17.957197911826604)	(54.0, 13.312560927834113)	(55.0, 11.21208808228788)	(56.0, 6.232177184974627)	(57.0, 6.869926476617377)	(58.0, 6.284563733930995)	(59.0, 4.628693251701424)	(60.0, 1.3215076393254435)	(61.0, 0.6509598126839223)	(62.0, 0.601306474977451)	(63.0, 0.2610216743652117)	(64.0, 0.14531573145288398)	(65.0, 0.6650814041417261)	(66.0, 0.6163391368518873)	(67.0, 0.05284208416468509)	(68.0, 0.00592195770811126)	(69.0, 0.0013666056249487524)	(70.0, 0.001822140833265003)	(71.0, 0.0013666056249487524)	(72.0, 0.0)	(73.0, 0.0004555352083162508)	(74.0, 0.0004555352083162508)	(75.0, 0.0)	(76.0, 0.0)	(77.0, 0.0)	(78.0, 0.0)	(79.0, 0.0)	(80.0, 0.0)	(81.0, 0.0)	(82.0, 0.0)	(83.0, 0.0)	(84.0, 0.0)	(85.0, 0.0)	(86.0, 0.0)	(87.0, 0.0)	(88.0, 0.0)	(89.0, 0.0)	(90.0, 0.0)	(91.0, 0.0)	(92.0, 0.0)	(93.0, 0.0)	(94.0, 0.0)	(95.0, 0.0)	(96.0, 0.0)	(97.0, 0.0)	(98.0, 0.0)	(99.0, 0.0)	(100.0, 0.0)
SRR15702638_2	(0.0, 0.0)	(1.0, 0.0)	(2.0, 0.0)	(3.0, 0.0)	(4.0, 0.0)	(5.0, 0.0)	(6.0, 0.0)	(7.0, 0.0)	(8.0, 0.0)	(9.0, 0.0)	(10.0, 0.0)	(11.0, 0.0)	(12.0, 0.0)	(13.0, 0.0)	(14.0, 0.0)	(15.0, 0.0)	(16.0, 0.0)	(17.0, 0.0)	(18.0, 0.0)	(19.0, 0.0)	(20.0, 0.0)	(21.0, 0.0)	(22.0, 0.0)	(23.0, 0.0)	(24.0, 0.0)	(25.0, 0.0)	(26.0, 0.0)	(27.0, 0.0)	(28.0, 0.0)	(29.0, 0.0)	(30.0, 0.0)	(31.0, 0.0)	(32.0, 0.0)	(33.0, 0.0)	(34.0, 0.0)	(35.0, 0.0009110704166325015)	(36.0, 0.0009110704166325015)	(37.0, 0.0)	(38.0, 0.0)	(39.0, 0.0)	(40.0, 0.0)	(41.0, 0.0)	(42.0, 0.0)	(43.0, 0.002277676041581254)	(44.0, 0.003644281666530006)	(45.0, 0.0031887464582137552)	(46.0, 0.00592195770811126)	(47.0, 0.04418691520667632)	(48.0, 1.0158435145452391)	(49.0, 1.5565638068166288)	(50.0, 1.6248940880640665)	(51.0, 1.2636546678692797)	(52.0, 0.42501434935906196)	(53.0, 1.2253897103707145)	(54.0, 5.939268046027277)	(55.0, 20.94414227275626)	(56.0, 19.982507448000657)	(57.0, 8.296662749063875)	(58.0, 14.73793059465566)	(59.0, 14.208598682592177)	(60.0, 4.910669545649183)	(61.0, 1.351572963074316)	(62.0, 0.38173850456901814)	(63.0, 0.3489399695702481)	(64.0, 0.3366405189457093)	(65.0, 0.6669035449749912)	(66.0, 0.608595038310511)	(67.0, 0.07470777416386513)	(68.0, 0.019132478749282533)	(69.0, 0.007744098541376262)	(70.0, 0.0031887464582137552)	(71.0, 0.0013666056249487524)	(72.0, 0.0027332112498975047)	(73.0, 0.002277676041581254)	(74.0, 0.0004555352083162508)	(75.0, 0.0009110704166325015)	(76.0, 0.0009110704166325015)	(77.0, 0.0)	(78.0, 0.0)	(79.0, 0.0)	(80.0, 0.0)	(81.0, 0.0)	(82.0, 0.0)	(83.0, 0.0)	(84.0, 0.0)	(85.0, 0.0)	(86.0, 0.0)	(87.0, 0.0)	(88.0, 0.0)	(89.0, 0.0)	(90.0, 0.0)	(91.0, 0.0)	(92.0, 0.0)	(93.0, 0.0)	(94.0, 0.0)	(95.0, 0.0)	(96.0, 0.0)	(97.0, 0.0)	(98.0, 0.0)	(99.0, 0.0)	(100.0, 0.0)
SRR15702639_1	(0.0, 0.0)	(1.0, 0.0)	(2.0, 0.0)	(3.0, 0.0)	(4.0, 0.0)	(5.0, 0.0)	(6.0, 0.0)	(7.0, 0.0)	(8.0, 0.0)	(9.0, 0.0)	(10.0, 0.0)	(11.0, 0.0)	(12.0, 0.0)	(13.0, 0.0)	(14.0, 0.0)	(15.0, 0.0)	(16.0, 0.0)	(17.0, 0.0)	(18.0, 0.0)	(19.0, 3.1389289974260783e-05)	(20.0, 6.277857994852157e-05)	(21.0, 6.277857994852157e-05)	(22.0, 3.1389289974260783e-05)	(23.0, 9.416786992278234e-05)	(24.0, 9.416786992278234e-05)	(25.0, 3.1389289974260783e-05)	(26.0, 6.277857994852157e-05)	(27.0, 9.416786992278234e-05)	(28.0, 6.277857994852157e-05)	(29.0, 3.1389289974260783e-05)	(30.0, 6.277857994852157e-05)	(31.0, 3.1389289974260783e-05)	(32.0, 3.1389289974260783e-05)	(33.0, 0.00012555715989704313)	(34.0, 9.416786992278234e-05)	(35.0, 0.00012555715989704313)	(36.0, 0.0002197250298198255)	(37.0, 0.00025111431979408627)	(38.0, 0.0003452821897168686)	(39.0, 0.0010358465691506058)	(40.0, 0.004049218406679641)	(41.0, 0.042344152175277795)	(42.0, 0.06265302278862452)	(43.0, 0.2631678071442024)	(44.0, 1.110741415029192)	(45.0, 1.3463494255759936)	(46.0, 0.7989515977148597)	(47.0, 1.0209052671228578)	(48.0, 2.3153054177914494)	(49.0, 2.4975516353820075)	(50.0, 3.577029317596836)	(51.0, 8.612310879527906)	(52.0, 12.12185322368008)	(53.0, 10.26307363927428)	(54.0, 9.950028250360978)	(55.0, 8.698254755477432)	(56.0, 12.953857743737837)	(57.0, 13.574015945759307)	(58.0, 5.703245652583338)	(59.0, 2.695209994349928)	(60.0, 0.5914997802749702)	(61.0, 0.2731182120660431)	(62.0, 0.13600979345847197)	(63.0, 0.05103898549814803)	(64.0, 0.02611588925858497)	(65.0, 0.09068365873563941)	(66.0, 0.08842362985749262)	(67.0, 0.022788624521313326)	(68.0, 0.044415845313579005)	(69.0, 0.09171950530479)	(70.0, 0.478215832757863)	(71.0, 0.4501224182308996)	(72.0, 0.03525017264109486)	(73.0, 0.004928118525958943)	(74.0, 0.0010986251490991274)	(75.0, 0.00037667147969112935)	(76.0, 9.416786992278234e-05)	(77.0, 3.1389289974260783e-05)	(78.0, 0.0)	(79.0, 0.0)	(80.0, 0.0)	(81.0, 0.0)	(82.0, 0.0)	(83.0, 0.0)	(84.0, 0.0)	(85.0, 0.0)	(86.0, 0.0)	(87.0, 0.0)	(88.0, 0.0)	(89.0, 0.0)	(90.0, 0.0)	(91.0, 0.0)	(92.0, 0.0)	(93.0, 0.0)	(94.0, 0.0)	(95.0, 0.0)	(96.0, 0.0)	(97.0, 3.1389289974260783e-05)	(98.0, 6.277857994852157e-05)	(99.0, 3.1389289974260783e-05)	(100.0, 6.277857994852157e-05)
SRR15702639_2	(0.0, 0.0)	(1.0, 0.0)	(2.0, 0.0)	(3.0, 0.0)	(4.0, 0.0)	(5.0, 0.0)	(6.0, 0.0)	(7.0, 0.0)	(8.0, 0.0)	(9.0, 0.0)	(10.0, 0.0)	(11.0, 0.0)	(12.0, 0.0)	(13.0, 0.0)	(14.0, 0.0)	(15.0, 0.0)	(16.0, 0.0)	(17.0, 0.0)	(18.0, 0.0)	(19.0, 0.0)	(20.0, 0.0)	(21.0, 0.0)	(22.0, 0.0)	(23.0, 0.0)	(24.0, 0.0)	(25.0, 0.0)	(26.0, 0.0)	(27.0, 0.0)	(28.0, 0.0)	(29.0, 3.1389289974260783e-05)	(30.0, 3.1389289974260783e-05)	(31.0, 0.0)	(32.0, 3.1389289974260783e-05)	(33.0, 3.1389289974260783e-05)	(34.0, 3.1389289974260783e-05)	(35.0, 3.1389289974260783e-05)	(36.0, 3.1389289974260783e-05)	(37.0, 0.00047083934961391174)	(38.0, 0.0008161215393307803)	(39.0, 0.00040806076966539014)	(40.0, 0.0001569464498713039)	(41.0, 0.0003452821897168686)	(42.0, 0.0005022286395881725)	(43.0, 0.0008475108293050411)	(44.0, 0.0013811287588674744)	(45.0, 0.004363111306422249)	(46.0, 0.020999434992780463)	(47.0, 0.21463996484399522)	(48.0, 0.6870173896666457)	(49.0, 2.3260719442526208)	(50.0, 2.8060141879590685)	(51.0, 1.2319040743298386)	(52.0, 0.6685290978718061)	(53.0, 2.1779772741540584)	(54.0, 8.057379622072949)	(55.0, 15.339224056751835)	(56.0, 15.050599535438508)	(57.0, 14.086759997488857)	(58.0, 16.511457090840604)	(59.0, 12.585347479440015)	(60.0, 5.024389478310001)	(61.0, 1.1333103145206855)	(62.0, 0.4025990332098688)	(63.0, 0.211846318036286)	(64.0, 0.13114445351246157)	(65.0, 0.13475422185950153)	(66.0, 0.12207294870990018)	(67.0, 0.1010107351371712)	(68.0, 0.4567769477054429)	(69.0, 0.43458471969364054)	(70.0, 0.04975202460920333)	(71.0, 0.01045263356142884)	(72.0, 0.004394500596396509)	(73.0, 0.0025739217778893843)	(74.0, 0.0016322430786615606)	(75.0, 0.001412518048841735)	(76.0, 0.001004457279176345)	(77.0, 0.0005650072195366941)	(78.0, 0.0003138928997426078)	(79.0, 0.0002197250298198255)	(80.0, 0.00028250360976834706)	(81.0, 0.00018833573984556467)	(82.0, 6.277857994852157e-05)	(83.0, 9.416786992278234e-05)	(84.0, 9.416786992278234e-05)	(85.0, 6.277857994852157e-05)	(86.0, 9.416786992278234e-05)	(87.0, 0.0001569464498713039)	(88.0, 0.0001569464498713039)	(89.0, 9.416786992278234e-05)	(90.0, 3.1389289974260783e-05)	(91.0, 0.0)	(92.0, 3.1389289974260783e-05)	(93.0, 6.277857994852157e-05)	(94.0, 6.277857994852157e-05)	(95.0, 3.1389289974260783e-05)	(96.0, 3.1389289974260783e-05)	(97.0, 3.1389289974260783e-05)	(98.0, 3.1389289974260783e-05)	(99.0, 6.277857994852157e-05)	(100.0, 9.416786992278234e-05)
SRR15702640_1	(0.0, 0.0)	(1.0, 0.0)	(2.0, 0.0)	(3.0, 0.0)	(4.0, 0.0)	(5.0, 0.0)	(6.0, 0.0)	(7.0, 0.0)	(8.0, 0.0)	(9.0, 0.0)	(10.0, 0.0)	(11.0, 0.0)	(12.0, 0.0)	(13.0, 0.0)	(14.0, 0.0)	(15.0, 0.0)	(16.0, 0.0)	(17.0, 0.0)	(18.0, 0.0)	(19.0, 0.0006886388364758219)	(20.0, 0.0006886388364758219)	(21.0, 0.0)	(22.0, 0.0)	(23.0, 0.0)	(24.0, 0.0)	(25.0, 0.0)	(26.0, 0.0)	(27.0, 0.0)	(28.0, 0.0)	(29.0, 0.0)	(30.0, 0.0)	(31.0, 0.0)	(32.0, 0.0)	(33.0, 0.0)	(34.0, 0.0)	(35.0, 0.0)	(36.0, 0.0)	(37.0, 0.0)	(38.0, 0.0006886388364758219)	(39.0, 0.0013772776729516437)	(40.0, 0.0034431941823791093)	(41.0, 0.005509110691806575)	(42.0, 0.004131833018854931)	(43.0, 0.03305466415083945)	(44.0, 0.06404341179225144)	(45.0, 0.07506163317586459)	(46.0, 0.08125938270414698)	(47.0, 0.21210076163455313)	(48.0, 1.052240142135056)	(49.0, 1.8648339691765257)	(50.0, 7.165287093530927)	(51.0, 9.122398666795213)	(52.0, 10.164997865219606)	(53.0, 11.073312490531215)	(54.0, 8.581817180161693)	(55.0, 7.365680994945391)	(56.0, 6.567548583469914)	(57.0, 6.53518255815555)	(58.0, 11.462393433140056)	(59.0, 10.548569697136639)	(60.0, 2.265621772005454)	(61.0, 0.6480091451237484)	(62.0, 0.14254823915049514)	(63.0, 0.09847535361604254)	(64.0, 0.1824892916660928)	(65.0, 1.3889845331717328)	(66.0, 1.3676367292409821)	(67.0, 0.2582395636784332)	(68.0, 0.7974437726390017)	(69.0, 0.7395981103750328)	(70.0, 0.09158896525128432)	(71.0, 0.028922831131984524)	(72.0, 0.004131833018854931)	(73.0, 0.0)	(74.0, 0.0)	(75.0, 0.0)	(76.0, 0.0)	(77.0, 0.0)	(78.0, 0.0)	(79.0, 0.0)	(80.0, 0.0)	(81.0, 0.0)	(82.0, 0.0)	(83.0, 0.0)	(84.0, 0.0)	(85.0, 0.0)	(86.0, 0.0)	(87.0, 0.0)	(88.0, 0.0)	(89.0, 0.0)	(90.0, 0.0)	(91.0, 0.0)	(92.0, 0.0)	(93.0, 0.0)	(94.0, 0.0)	(95.0, 0.0)	(96.0, 0.0)	(97.0, 0.0)	(98.0, 0.0)	(99.0, 0.0)	(100.0, 0.0)
SRR15702640_2	(0.0, 0.0)	(1.0, 0.0)	(2.0, 0.0)	(3.0, 0.0)	(4.0, 0.0)	(5.0, 0.0)	(6.0, 0.0)	(7.0, 0.0)	(8.0, 0.0)	(9.0, 0.0)	(10.0, 0.0)	(11.0, 0.0)	(12.0, 0.0)	(13.0, 0.0)	(14.0, 0.0)	(15.0, 0.0)	(16.0, 0.0)	(17.0, 0.0)	(18.0, 0.0)	(19.0, 0.0)	(20.0, 0.0)	(21.0, 0.0)	(22.0, 0.0)	(23.0, 0.0)	(24.0, 0.0)	(25.0, 0.0)	(26.0, 0.0)	(27.0, 0.0)	(28.0, 0.0)	(29.0, 0.0)	(30.0, 0.0)	(31.0, 0.0)	(32.0, 0.0)	(33.0, 0.0)	(34.0, 0.0)	(35.0, 0.0)	(36.0, 0.0)	(37.0, 0.0)	(38.0, 0.0)	(39.0, 0.0)	(40.0, 0.0)	(41.0, 0.0)	(42.0, 0.0)	(43.0, 0.00068864357874295)	(44.0, 0.00068864357874295)	(45.0, 0.0013772871574859)	(46.0, 0.0013772871574859)	(47.0, 0.0220365945197744)	(48.0, 0.0743735065042386)	(49.0, 0.3512082251589045)	(50.0, 0.3904609091472526)	(51.0, 0.1446151515360195)	(52.0, 0.28578708517832424)	(53.0, 1.7002609959163435)	(54.0, 4.761970347007499)	(55.0, 10.550019626341994)	(56.0, 12.646939323614276)	(57.0, 19.154621142735152)	(58.0, 19.94242939681709)	(59.0, 13.11246238284451)	(60.0, 8.567414763141041)	(61.0, 2.2188096107097848)	(62.0, 0.7905628283969066)	(63.0, 0.45312747481286114)	(64.0, 1.2588404619421127)	(65.0, 1.2898294229855454)	(66.0, 0.3828858297810802)	(67.0, 0.19626341994174074)	(68.0, 0.7168779654714109)	(69.0, 0.7278962627312981)	(70.0, 0.1267104184887028)	(71.0, 0.0523369119844642)	(72.0, 0.033743535358404554)	(73.0, 0.0110182972598872)	(74.0, 0.0068864357874295)	(75.0, 0.0027545743149718)	(76.0, 0.0055091486299436)	(77.0, 0.0055091486299436)	(78.0, 0.00344321789371475)	(79.0, 0.0027545743149718)	(80.0, 0.00068864357874295)	(81.0, 0.0)	(82.0, 0.0)	(83.0, 0.0)	(84.0, 0.0)	(85.0, 0.00068864357874295)	(86.0, 0.00068864357874295)	(87.0, 0.00068864357874295)	(88.0, 0.00068864357874295)	(89.0, 0.00068864357874295)	(90.0, 0.00068864357874295)	(91.0, 0.0)	(92.0, 0.0)	(93.0, 0.0)	(94.0, 0.0)	(95.0, 0.0)	(96.0, 0.0)	(97.0, 0.0)	(98.0, 0.0)	(99.0, 0.0)	(100.0, 0.00068864357874295)
SRR15702641_1	(0.0, 0.0)	(1.0, 0.0)	(2.0, 0.0)	(3.0, 0.0)	(4.0, 0.0)	(5.0, 0.0)	(6.0, 0.0)	(7.0, 0.0)	(8.0, 0.0)	(9.0, 0.0)	(10.0, 0.0)	(11.0, 0.0)	(12.0, 0.0)	(13.0, 0.0)	(14.0, 0.0)	(15.0, 0.0)	(16.0, 0.0)	(17.0, 0.0)	(18.0, 0.0)	(19.0, 0.0)	(20.0, 0.0)	(21.0, 0.0)	(22.0, 0.0)	(23.0, 0.0)	(24.0, 0.0)	(25.0, 0.0)	(26.0, 0.0)	(27.0, 0.0)	(28.0, 0.0)	(29.0, 0.0)	(30.0, 0.0)	(31.0, 0.0)	(32.0, 0.0)	(33.0, 0.0)	(34.0, 0.0)	(35.0, 0.0)	(36.0, 0.0006947387434955085)	(37.0, 0.0010421081152432628)	(38.0, 0.001389477486991017)	(39.0, 0.001389477486991017)	(40.0, 0.0017368468587387713)	(41.0, 0.012157928011171399)	(42.0, 0.012505297382919153)	(43.0, 0.012852666754666908)	(44.0, 0.11984243325297522)	(45.0, 0.17090573089989508)	(46.0, 0.10143185655034424)	(47.0, 0.1420740730448315)	(48.0, 0.20599003744641828)	(49.0, 0.513064562071433)	(50.0, 1.0059817005814964)	(51.0, 3.8127262243033506)	(52.0, 16.512550455401247)	(53.0, 16.937035827677)	(54.0, 11.553852673702055)	(55.0, 10.755945226797463)	(56.0, 7.502831060379744)	(57.0, 9.383836208393834)	(58.0, 8.05549573083042)	(59.0, 4.3556645523450905)	(60.0, 3.2388720221760607)	(61.0, 2.480564683650713)	(62.0, 0.31263243457297885)	(63.0, 0.06704228874731658)	(64.0, 0.045158018327208053)	(65.0, 0.17715837959135466)	(66.0, 0.1952215869222379)	(67.0, 0.1702109921563996)	(68.0, 1.0469712864477314)	(69.0, 0.995213250057316)	(70.0, 0.08406338796295652)	(71.0, 0.010421081152432628)	(72.0, 0.00243158560223428)	(73.0, 0.0006947387434955085)	(74.0, 0.00034736937174775426)	(75.0, 0.0)	(76.0, 0.0)	(77.0, 0.0)	(78.0, 0.0)	(79.0, 0.0)	(80.0, 0.0)	(81.0, 0.0)	(82.0, 0.0)	(83.0, 0.0)	(84.0, 0.0)	(85.0, 0.0)	(86.0, 0.0)	(87.0, 0.0)	(88.0, 0.0)	(89.0, 0.0)	(90.0, 0.0)	(91.0, 0.0)	(92.0, 0.0)	(93.0, 0.0)	(94.0, 0.0)	(95.0, 0.0)	(96.0, 0.0)	(97.0, 0.0)	(98.0, 0.0)	(99.0, 0.0)	(100.0, 0.0)
SRR15702641_2	(0.0, 0.0)	(1.0, 0.0)	(2.0, 0.0)	(3.0, 0.0)	(4.0, 0.0)	(5.0, 0.0)	(6.0, 0.0)	(7.0, 0.0)	(8.0, 0.0)	(9.0, 0.0)	(10.0, 0.0)	(11.0, 0.0)	(12.0, 0.0)	(13.0, 0.0)	(14.0, 0.0)	(15.0, 0.0)	(16.0, 0.0)	(17.0, 0.0)	(18.0, 0.0)	(19.0, 0.0)	(20.0, 0.0)	(21.0, 0.0)	(22.0, 0.0)	(23.0, 0.0)	(24.0, 0.0)	(25.0, 0.0)	(26.0, 0.0)	(27.0, 0.0)	(28.0, 0.0)	(29.0, 0.0)	(30.0, 0.0)	(31.0, 0.0)	(32.0, 0.0)	(33.0, 0.0)	(34.0, 0.0)	(35.0, 0.00034736937174775426)	(36.0, 0.00034736937174775426)	(37.0, 0.0006947387434955085)	(38.0, 0.0006947387434955085)	(39.0, 0.0)	(40.0, 0.0)	(41.0, 0.0006947387434955085)	(42.0, 0.001389477486991017)	(43.0, 0.0010421081152432628)	(44.0, 0.004168432460973051)	(45.0, 0.04133695523798275)	(46.0, 0.05175803639041539)	(47.0, 0.04620012644245132)	(48.0, 0.05210540576216314)	(49.0, 0.19417947880699463)	(50.0, 0.23273747907099535)	(51.0, 0.10976872147229035)	(52.0, 0.28136919111568093)	(53.0, 2.3492590611300623)	(54.0, 6.965798011657716)	(55.0, 17.869722590819723)	(56.0, 22.082618331376487)	(57.0, 21.998902312785276)	(58.0, 17.154489054391096)	(59.0, 5.26994073878518)	(60.0, 1.4443618477271623)	(61.0, 0.5797594814470018)	(62.0, 0.29630607410083437)	(63.0, 0.1830636589110665)	(64.0, 0.23482169530148186)	(65.0, 0.22544272226429252)	(66.0, 0.11949506388122748)	(67.0, 0.16117938849095798)	(68.0, 0.9347709793732067)	(69.0, 0.917402510785819)	(70.0, 0.12470560445744377)	(71.0, 0.038558000264000726)	(72.0, 0.007642126178450593)	(73.0, 0.005210540576216314)	(74.0, 0.005557909947964068)	(75.0, 0.004168432460973051)	(76.0, 0.0034736937174775426)	(77.0, 0.0017368468587387713)	(78.0, 0.0006947387434955085)	(79.0, 0.0006947387434955085)	(80.0, 0.00034736937174775426)	(81.0, 0.00034736937174775426)	(82.0, 0.0)	(83.0, 0.0)	(84.0, 0.0)	(85.0, 0.0)	(86.0, 0.00034736937174775426)	(87.0, 0.00034736937174775426)	(88.0, 0.0)	(89.0, 0.0)	(90.0, 0.0)	(91.0, 0.0)	(92.0, 0.0)	(93.0, 0.0)	(94.0, 0.0)	(95.0, 0.0)	(96.0, 0.0)	(97.0, 0.0)	(98.0, 0.0)	(99.0, 0.0)	(100.0, 0.0)
SRR15702642_1	(0.0, 0.0)	(1.0, 0.0)	(2.0, 0.0)	(3.0, 0.0)	(4.0, 0.0)	(5.0, 0.0)	(6.0, 0.0)	(7.0, 0.0)	(8.0, 0.0)	(9.0, 0.0)	(10.0, 0.0)	(11.0, 0.0)	(12.0, 0.0)	(13.0, 0.0)	(14.0, 0.0)	(15.0, 0.0)	(16.0, 0.0)	(17.0, 0.0)	(18.0, 0.0)	(19.0, 0.0)	(20.0, 0.0)	(21.0, 0.0)	(22.0, 0.0)	(23.0, 0.0)	(24.0, 0.0003326945597785585)	(25.0, 0.000665389119557117)	(26.0, 0.0003326945597785585)	(27.0, 0.0)	(28.0, 0.0)	(29.0, 0.0)	(30.0, 0.0)	(31.0, 0.0)	(32.0, 0.0)	(33.0, 0.0)	(34.0, 0.0)	(35.0, 0.0)	(36.0, 0.0003326945597785585)	(37.0, 0.0003326945597785585)	(38.0, 0.0)	(39.0, 0.0009980836793356755)	(40.0, 0.0016634727988927927)	(41.0, 0.026615564782284683)	(42.0, 0.04191951453209837)	(43.0, 0.10147184073246035)	(44.0, 1.5087698285957627)	(45.0, 1.988515383796444)	(46.0, 1.0819227083998721)	(47.0, 2.7344165868199726)	(48.0, 4.721601192377302)	(49.0, 4.337671670392846)	(50.0, 3.711873203449377)	(51.0, 7.386484616203556)	(52.0, 11.600726604918558)	(53.0, 11.325588203981688)	(54.0, 9.772237304375599)	(55.0, 7.324936122644522)	(56.0, 5.806185457255403)	(57.0, 4.6104812094112635)	(58.0, 9.581270627062706)	(59.0, 9.265210795273076)	(60.0, 1.5796337698285958)	(61.0, 0.4315048440327904)	(62.0, 0.16801075268817203)	(63.0, 0.05356382412434792)	(64.0, 0.050569573086340885)	(65.0, 0.18664164803577132)	(66.0, 0.16335302885127223)	(67.0, 0.027280953901841796)	(68.0, 0.046909932928776744)	(69.0, 0.05788885340146918)	(70.0, 0.150710635579687)	(71.0, 0.13773554774832322)	(72.0, 0.010313531353135313)	(73.0, 0.0009980836793356755)	(74.0, 0.0009980836793356755)	(75.0, 0.000665389119557117)	(76.0, 0.0)	(77.0, 0.0)	(78.0, 0.0)	(79.0, 0.0)	(80.0, 0.0)	(81.0, 0.0)	(82.0, 0.0)	(83.0, 0.0)	(84.0, 0.0)	(85.0, 0.0)	(86.0, 0.0)	(87.0, 0.0)	(88.0, 0.0)	(89.0, 0.0)	(90.0, 0.0)	(91.0, 0.0)	(92.0, 0.0)	(93.0, 0.0)	(94.0, 0.0003326945597785585)	(95.0, 0.0003326945597785585)	(96.0, 0.0)	(97.0, 0.0)	(98.0, 0.0)	(99.0, 0.0)	(100.0, 0.0)
SRR15702642_2	(0.0, 0.0)	(1.0, 0.0)	(2.0, 0.0)	(3.0, 0.0)	(4.0, 0.0)	(5.0, 0.0)	(6.0, 0.0)	(7.0, 0.0)	(8.0, 0.0)	(9.0, 0.0)	(10.0, 0.0)	(11.0, 0.0)	(12.0, 0.0)	(13.0, 0.0)	(14.0, 0.0)	(15.0, 0.0)	(16.0, 0.0)	(17.0, 0.0)	(18.0, 0.0)	(19.0, 0.0)	(20.0, 0.0)	(21.0, 0.0)	(22.0, 0.0)	(23.0, 0.0)	(24.0, 0.0)	(25.0, 0.0)	(26.0, 0.0)	(27.0, 0.0)	(28.0, 0.0)	(29.0, 0.0)	(30.0, 0.0)	(31.0, 0.0)	(32.0, 0.0)	(33.0, 0.0)	(34.0, 0.0)	(35.0, 0.0)	(36.0, 0.0)	(37.0, 0.0)	(38.0, 0.000665389119557117)	(39.0, 0.0009980836793356755)	(40.0, 0.0003326945597785585)	(41.0, 0.0)	(42.0, 0.0)	(43.0, 0.0003326945597785585)	(44.0, 0.0033269455977855853)	(45.0, 0.03792717981475567)	(46.0, 0.06786969019482593)	(47.0, 0.4667704673693176)	(48.0, 0.7439050356648569)	(49.0, 2.154529969125945)	(50.0, 2.4130336420738847)	(51.0, 0.8616789098264666)	(52.0, 2.0650351325455127)	(53.0, 3.4270866602789307)	(54.0, 8.699297349089747)	(55.0, 17.214281912062173)	(56.0, 15.485600979452785)	(57.0, 16.628074097732355)	(58.0, 16.13734962205898)	(59.0, 6.997564675822421)	(60.0, 2.91274087086128)	(61.0, 1.4888081550090493)	(62.0, 0.9541679974449057)	(63.0, 0.3107367188331736)	(64.0, 0.17266847652507186)	(65.0, 0.19462631747045672)	(66.0, 0.16767805812839348)	(67.0, 0.06321196635792611)	(68.0, 0.14206057702544447)	(69.0, 0.1403971042265517)	(70.0, 0.027280953901841796)	(71.0, 0.007984669434685404)	(72.0, 0.0033269455977855853)	(73.0, 0.0023288619184499097)	(74.0, 0.002661556478228468)	(75.0, 0.0016634727988927927)	(76.0, 0.0003326945597785585)	(77.0, 0.0003326945597785585)	(78.0, 0.0003326945597785585)	(79.0, 0.0003326945597785585)	(80.0, 0.0)	(81.0, 0.0003326945597785585)	(82.0, 0.0003326945597785585)	(83.0, 0.0)	(84.0, 0.0)	(85.0, 0.0)	(86.0, 0.0)	(87.0, 0.0)	(88.0, 0.0)	(89.0, 0.0)	(90.0, 0.0)	(91.0, 0.0)	(92.0, 0.0)	(93.0, 0.0)	(94.0, 0.0)	(95.0, 0.0)	(96.0, 0.0)	(97.0, 0.0)	(98.0, 0.0)	(99.0, 0.0)	(100.0, 0.0)
